entity_id,period_day,booked_revenue,orders,margin_pct,quality_score,lead_time_days,risk_score
SKU001,1,1176.48,2.9,0.349,67.6,27,49.6
SKU001,2,2464.07,3.6,0.36,67.1,20,53.3
SKU001,3,2305.38,4.6,0.356,70.7,28,52.8
SKU001,4,1810.93,4.9,0.322,67.5,20,45.0
SKU001,5,1586.46,4.8,0.329,65.0,21,55.5
SKU001,6,2317.04,2.5,0.361,70.1,28,48.7
SKU001,7,1779.43,4.0,0.343,63.3,25,50.6
SKU001,8,2025.49,5.2,0.331,61.2,27,58.5
SKU001,9,2360.39,2.8,0.344,65.5,26,44.3
SKU001,10,1398.13,1.9,0.34,64.1,25,41.7
SKU001,11,1151.26,2.1,0.316,60.0,22,49.9
SKU001,12,1221.46,5.0,0.34,66.2,19,44.8
SKU001,13,1216.91,3.9,0.337,70.7,23,51.6
SKU001,14,1958.85,4.7,0.351,61.6,25,59.3
SKU001,15,1571.12,2.3,0.32,65.1,22,56.5
SKU001,16,1576.08,2.0,0.3,61.9,22,46.1
SKU001,17,2597.36,1.0,0.363,60.5,27,54.8
SKU001,18,1849.18,4.1,0.348,64.4,21,53.6
SKU001,19,2636.98,1.8,0.334,61.5,27,51.1
SKU001,20,1601.75,5.4,0.345,68.8,22,42.3
SKU001,21,2360.96,1.6,0.367,64.4,21,53.0
SKU001,22,1621.72,4.5,0.353,69.8,27,45.0
SKU001,23,2341.32,3.1,0.354,59.6,23,43.9
SKU001,24,2280.06,4.7,0.334,62.1,22,59.7
SKU001,25,2433.77,2.2,0.36,65.9,30,46.4
SKU001,26,2265.61,1.7,0.371,66.2,24,44.7
SKU001,27,2401.35,1.6,0.335,63.7,22,53.7
SKU001,28,2319.35,3.7,0.328,64.3,32,59.0
SKU001,29,2445.92,1.9,0.351,64.4,22,56.3
SKU001,30,1636.14,3.6,0.36,70.6,24,57.8
SKU001,31,2128.69,2.6,0.335,66.4,23,51.6
SKU001,32,2002.94,2.7,0.314,68.8,25,48.9
SKU001,33,2589.55,4.9,0.338,62.2,25,46.0
SKU001,34,1191.15,3.3,0.361,60.7,24,47.0
SKU001,35,2271.96,2.0,0.35,68.9,24,48.0
SKU001,36,1307.9,3.1,0.34,68.6,27,42.2
SKU001,37,2430.08,3.0,0.334,67.4,20,48.8
SKU001,38,2295.8,5.0,0.349,69.1,26,47.4
SKU001,39,1590.22,1.3,0.341,62.9,22,45.5
SKU001,40,2298.97,1.6,0.364,59.3,22,50.1
SKU001,41,1603.97,5.1,0.362,68.4,21,43.3
SKU001,42,1902.18,2.2,0.344,66.7,29,49.3
SKU001,43,1282.43,2.3,0.344,68.2,27,59.2
SKU001,44,2167.25,1.4,0.372,61.4,23,51.8
SKU001,45,2071.42,4.3,0.345,60.6,23,47.2
SKU001,46,2139.87,4.7,0.346,61.1,26,60.2
SKU001,47,1400.65,3.5,0.35,66.1,23,59.0
SKU001,48,1736.44,4.3,0.326,70.2,25,44.9
SKU001,49,1386.56,0.8,0.342,64.4,24,46.9
SKU001,50,1559.89,3.6,0.331,62.1,19,50.9
SKU001,51,1992.4,3.9,0.351,64.0,28,50.8
SKU001,52,1662.11,2.7,0.342,64.7,24,51.7
SKU001,53,1239.91,3.6,0.364,67.9,18,44.2
SKU001,54,2319.88,1.8,0.32,68.9,22,58.1
SKU001,55,1593.81,3.4,0.377,59.9,22,45.8
SKU001,56,2291.39,2.5,0.373,68.9,25,55.9
SKU001,57,2113.57,3.8,0.344,62.2,25,59.8
SKU001,58,2332.31,1.9,0.329,62.2,29,46.3
SKU001,59,1520.83,2.0,0.335,67.8,22,51.3
SKU001,60,1666.78,1.5,0.369,70.8,28,42.3
SKU001,61,1691.56,3.8,0.322,63.4,23,48.3
SKU001,62,1764.93,1.6,0.325,61.7,22,49.4
SKU001,63,1943.78,4.0,0.366,68.2,20,52.2
SKU001,64,1679.41,2.6,0.32,69.0,25,45.0
SKU001,65,1438.53,3.5,0.343,65.6,20,46.8
SKU001,66,1829.17,3.8,0.311,70.8,21,52.4
SKU001,67,1506.11,5.2,0.339,62.7,23,45.2
SKU001,68,1228.7,3.3,0.395,60.3,25,43.6
SKU001,69,1403.73,3.0,0.37,63.1,26,48.1
SKU001,70,989.02,3.4,0.359,69.5,21,59.1
SKU001,71,1435.17,1.1,0.34,63.3,24,54.4
SKU001,72,1917.08,1.8,0.355,59.2,28,45.2
SKU001,73,1602.18,1.3,0.348,62.8,19,55.7
SKU001,74,1082.15,4.7,0.349,64.9,25,46.2
SKU001,75,1300.97,1.5,0.327,63.0,29,58.6
SKU001,76,1406.48,1.4,0.357,64.2,26,47.3
SKU001,77,1168.64,4.5,0.317,65.9,28,44.4
SKU001,78,2067.48,1.1,0.367,61.4,27,45.4
SKU001,79,2135.86,4.6,0.372,59.0,27,55.5
SKU001,80,962.44,1.6,0.34,69.4,22,45.5
SKU001,81,1001.92,1.5,0.347,59.1,23,45.9
SKU001,82,1780.41,2.8,0.34,59.8,23,45.9
SKU001,83,1259.53,5.2,0.382,68.9,25,42.4
SKU001,84,1313.09,2.8,0.378,70.5,21,55.4
SKU001,85,1721.57,2.0,0.366,61.5,22,44.4
SKU001,86,1685.57,3.2,0.348,67.9,21,50.4
SKU001,87,1850.3,1.1,0.335,70.1,26,47.8
SKU001,88,1253.22,4.0,0.328,60.3,21,48.5
SKU001,89,1347.65,2.0,0.342,65.2,27,52.2
SKU001,90,1414.06,1.0,0.35,59.0,23,42.5
SKU001,91,1277.67,5.2,0.303,63.6,26,54.6
SKU001,92,1663.32,2.1,0.35,67.8,23,56.8
SKU001,93,1396.97,5.0,0.373,69.9,22,50.5
SKU001,94,1575.09,3.9,0.337,67.5,22,49.7
SKU001,95,1677.87,2.0,0.337,61.9,16,44.2
SKU001,96,1908.65,2.2,0.354,60.5,20,59.0
SKU001,97,1828.1,4.4,0.351,70.6,22,46.5
SKU001,98,1490.06,1.3,0.334,62.3,23,55.6
SKU001,99,1732.21,2.6,0.34,62.7,31,58.1
SKU001,100,1853.99,3.3,0.343,60.7,22,53.3
SKU001,101,1732.53,4.8,0.34,64.0,26,47.6
SKU001,102,1350.51,3.9,0.338,61.5,21,54.6
SKU001,103,1877.23,4.6,0.356,59.2,26,50.1
SKU001,104,1708.83,4.9,0.351,66.0,24,56.2
SKU001,105,1665.34,1.5,0.329,65.6,19,45.3
SKU001,106,1495.44,2.6,0.355,63.5,28,50.7
SKU001,107,1096.07,2.3,0.346,64.3,24,48.7
SKU001,108,1516.85,1.3,0.349,65.5,26,56.7
SKU001,109,2079.63,4.7,0.307,70.6,28,44.2
SKU001,110,1520.59,5.0,0.349,66.8,20,44.1
SKU001,111,1113.44,3.8,0.354,68.8,24,42.2
SKU001,112,2010.54,5.0,0.361,69.4,21,41.8
SKU001,113,1535.18,2.0,0.317,62.1,26,44.0
SKU001,114,2173.29,2.8,0.356,60.6,23,49.4
SKU001,115,1256.59,1.6,0.352,66.0,23,41.7
SKU001,116,1899.67,1.7,0.352,62.3,21,47.1
SKU001,117,1952.43,1.7,0.341,66.6,25,56.6
SKU001,118,2032.54,1.8,0.366,65.7,21,44.8
SKU001,119,2236.14,2.1,0.357,66.3,20,48.2
SKU001,120,2020.68,2.8,0.356,63.1,25,48.3
SKU001,121,1133.28,1.8,0.358,68.2,30,57.9
SKU001,122,2089.16,1.4,0.351,59.7,20,47.5
SKU001,123,1786.07,2.9,0.334,61.9,24,49.2
SKU001,124,2424.97,4.5,0.328,69.0,24,53.6
SKU001,125,1959.66,1.9,0.32,66.8,26,47.1
SKU001,126,1513.05,3.0,0.348,59.1,22,53.9
SKU001,127,2017.81,3.1,0.339,67.1,26,52.4
SKU001,128,2399.2,1.8,0.317,64.9,27,47.6
SKU001,129,1977.26,5.2,0.332,63.5,21,52.3
SKU001,130,1445.66,1.2,0.358,67.8,24,52.4
SKU001,131,2182.68,4.5,0.315,66.7,23,58.1
SKU001,132,1570.85,5.2,0.369,65.1,21,57.2
SKU001,133,2196.57,1.4,0.352,60.0,20,46.6
SKU001,134,1252.11,2.8,0.368,62.0,23,48.6
SKU001,135,2261.04,4.3,0.327,65.7,20,51.8
SKU001,136,2142.95,0.8,0.342,64.3,26,53.8
SKU001,137,1778.69,1.7,0.353,62.5,21,57.7
SKU001,138,1278.28,2.2,0.38,61.4,28,54.8
SKU001,139,2467.41,5.3,0.311,70.0,22,42.6
SKU001,140,1389.45,4.8,0.342,68.4,25,53.1
SKU001,141,1632.73,2.4,0.313,61.8,22,56.1
SKU001,142,1474.63,3.1,0.347,70.6,25,49.7
SKU001,143,2376.8,4.1,0.326,61.3,22,55.9
SKU001,144,1516.17,1.1,0.356,68.8,24,58.0
SKU001,145,2337.67,4.9,0.369,59.8,20,48.9
SKU001,146,2410.76,1.6,0.349,63.0,19,43.0
SKU001,147,1960.55,4.5,0.353,68.5,22,53.1
SKU001,148,1444.04,4.4,0.35,61.3,21,44.6
SKU001,149,2063.69,1.5,0.375,64.5,24,58.2
SKU001,150,1467.57,3.5,0.323,68.4,19,41.4
SKU001,151,2503.97,3.2,0.346,70.0,27,55.7
SKU001,152,2549.84,3.2,0.354,69.0,20,55.2
SKU001,153,1599.67,2.2,0.339,59.8,24,47.1
SKU001,154,2059.92,3.4,0.351,59.5,21,47.5
SKU001,155,1822.86,1.0,0.374,64.9,24,53.9
SKU001,156,2492.46,2.1,0.34,63.3,25,42.6
SKU001,157,2345.02,2.5,0.339,60.1,29,46.7
SKU001,158,1682.67,4.7,0.34,60.7,25,44.8
SKU001,159,2387.93,1.6,0.349,67.4,26,57.1
SKU001,160,2102.79,3.5,0.32,66.0,27,55.0
SKU001,161,1158.62,2.6,0.333,63.1,19,43.6
SKU001,162,1458.96,5.3,0.354,66.1,29,57.8
SKU001,163,1427.46,4.6,0.326,70.1,24,58.2
SKU001,164,2227.52,1.2,0.365,61.6,20,46.8
SKU001,165,1837.04,1.5,0.349,68.0,27,59.4
SKU001,166,1858.98,4.8,0.366,66.6,26,55.0
SKU001,167,2449.4,1.6,0.32,69.8,23,54.7
SKU001,168,1841.58,1.5,0.35,61.3,20,52.9
SKU001,169,2006.83,2.9,0.327,66.1,25,58.6
SKU001,170,2318.49,3.1,0.343,59.2,27,43.4
SKU001,171,2042.92,4.3,0.308,68.3,30,54.5
SKU001,172,2113.22,1.0,0.373,68.9,26,58.7
SKU001,173,2188.3,3.8,0.334,63.8,32,49.9
SKU001,174,2200.59,0.9,0.338,70.6,18,54.6
SKU001,175,1830.26,1.0,0.337,60.6,23,58.3
SKU001,176,1039.15,5.2,0.33,65.3,31,42.8
SKU001,177,1668.67,3.3,0.352,59.9,20,59.2
SKU001,178,1623.89,5.3,0.352,67.0,29,54.5
SKU001,179,1110.29,3.9,0.328,70.8,22,54.3
SKU001,180,1030.84,3.1,0.353,64.1,28,47.4
SKU002,1,2301.14,4.8,0.413,84.7,19,50.1
SKU002,2,2566.07,1.9,0.42,83.6,19,52.9
SKU002,3,3270.37,3.5,0.397,86.4,23,41.2
SKU002,4,2868.92,1.8,0.429,79.2,24,45.2
SKU002,5,1817.89,2.2,0.381,85.0,24,41.2
SKU002,6,3158.82,3.6,0.415,82.2,21,53.6
SKU002,7,2261.6,2.9,0.412,83.9,23,43.7
SKU002,8,3327.99,2.0,0.411,81.3,20,41.9
SKU002,9,1718.33,2.1,0.429,79.9,21,48.4
SKU002,10,3034.73,3.4,0.394,83.6,17,52.1
SKU002,11,2821.71,3.2,0.403,80.0,17,46.6
SKU002,12,2776.43,4.1,0.423,86.4,16,53.0
SKU002,13,2449.03,3.2,0.394,83.2,18,52.2
SKU002,14,2552.28,1.6,0.362,81.7,21,47.5
SKU002,15,2620.22,4.1,0.423,78.3,20,43.7
SKU002,16,1824.24,4.1,0.423,83.0,21,37.6
SKU002,17,3665.77,3.7,0.396,85.5,22,37.4
SKU002,18,2367.71,3.1,0.399,83.3,16,48.0
SKU002,19,2295.27,2.4,0.422,79.0,21,53.0
SKU002,20,2680.64,3.6,0.421,79.0,25,41.3
SKU002,21,2309.41,3.8,0.4,85.4,16,53.6
SKU002,22,1962.95,2.1,0.4,82.4,20,46.0
SKU002,23,2591.74,3.0,0.414,76.5,24,53.5
SKU002,24,2822.08,4.7,0.389,83.5,23,38.7
SKU002,25,1749.04,0.8,0.401,82.9,26,44.9
SKU002,26,2284.13,4.3,0.426,88.1,16,53.5
SKU002,27,2747.75,2.5,0.441,76.8,15,42.5
SKU002,28,2586.55,4.1,0.396,79.5,23,49.1
SKU002,29,2667.36,4.3,0.417,78.3,25,38.0
SKU002,30,3886.33,1.5,0.424,87.6,22,37.9
SKU002,31,2390.17,4.3,0.379,83.6,21,48.2
SKU002,32,1933.24,4.7,0.403,81.4,17,40.8
SKU002,33,2417.75,1.3,0.399,82.0,21,52.7
SKU002,34,2633.25,3.1,0.418,85.1,20,52.3
SKU002,35,1835.54,3.4,0.401,82.1,25,48.6
SKU002,36,3201.23,5.1,0.413,83.3,19,42.3
SKU002,37,2126.24,1.9,0.412,86.7,19,40.2
SKU002,38,3439.24,4.7,0.388,85.0,19,52.0
SKU002,39,2367.23,2.8,0.437,88.2,23,37.3
SKU002,40,2893.78,4.1,0.413,77.5,23,49.5
SKU002,41,2611.65,2.8,0.407,77.7,16,40.7
SKU002,42,1825.01,0.8,0.412,80.2,20,50.5
SKU002,43,3139.82,1.2,0.409,82.7,21,41.2
SKU002,44,2692.27,4.0,0.388,77.5,24,44.1
SKU002,45,2839.97,1.3,0.38,81.4,29,46.0
SKU002,46,2342.22,2.8,0.4,78.2,19,53.7
SKU002,47,1801.5,1.9,0.393,79.0,19,48.8
SKU002,48,2103.74,4.6,0.391,80.9,21,45.8
SKU002,49,3595.23,3.8,0.402,88.1,21,40.1
SKU002,50,3388.91,2.9,0.38,81.7,20,47.9
SKU002,51,2548.88,3.8,0.389,85.9,24,50.4
SKU002,52,3038.48,1.8,0.378,84.4,20,37.1
SKU002,53,3494.31,4.7,0.398,77.6,20,37.8
SKU002,54,2275.65,3.0,0.423,78.2,20,41.0
SKU002,55,1679.57,1.8,0.406,86.7,25,38.9
SKU002,56,2220.6,2.5,0.391,85.3,19,44.0
SKU002,57,2956.09,3.3,0.396,79.7,21,40.9
SKU002,58,3405.93,2.7,0.41,79.7,15,48.6
SKU002,59,1605.08,3.5,0.418,80.5,19,50.7
SKU002,60,1872.83,3.8,0.399,83.1,22,39.7
SKU002,61,2125.73,1.2,0.43,82.2,16,40.3
SKU002,62,1707.09,2.1,0.404,84.1,22,47.9
SKU002,63,2011.06,2.4,0.402,83.3,25,41.7
SKU002,64,1661.53,2.6,0.376,86.7,21,42.9
SKU002,65,1699.22,4.0,0.405,83.5,18,38.2
SKU002,66,3078.7,3.7,0.427,81.1,24,45.9
SKU002,67,2149.73,1.5,0.383,77.8,24,49.5
SKU002,68,3282.05,1.6,0.388,85.3,23,53.7
SKU002,69,1821.4,5.1,0.438,84.3,24,53.2
SKU002,70,3130.87,4.8,0.425,82.4,22,50.3
SKU002,71,2585.44,3.4,0.405,84.3,20,45.1
SKU002,72,3106.16,0.9,0.43,85.1,24,46.0
SKU002,73,1506.69,3.5,0.412,81.2,19,51.3
SKU002,74,2384.26,5.0,0.444,76.5,26,45.1
SKU002,75,2530.23,1.7,0.399,84.1,22,38.9
SKU002,76,1418.52,5.0,0.423,82.5,19,42.1
SKU002,77,2804.57,4.5,0.426,84.4,25,44.3
SKU002,78,1847.57,1.1,0.391,78.4,19,49.8
SKU002,79,2029.71,2.4,0.455,85.7,20,37.3
SKU002,80,1794.57,2.1,0.396,79.1,16,48.6
SKU002,81,2767.87,4.5,0.376,85.4,20,43.6
SKU002,82,2533.43,2.3,0.387,84.5,20,46.8
SKU002,83,1689.05,2.1,0.409,79.1,24,49.2
SKU002,84,1860.33,4.3,0.407,84.4,17,37.7
SKU002,85,2830.74,4.9,0.441,76.3,24,53.3
SKU002,86,1800.6,4.0,0.408,87.2,22,42.7
SKU002,87,2282.79,3.6,0.432,83.2,16,53.7
SKU002,88,2879.27,4.1,0.391,87.9,29,54.0
SKU002,89,2460.72,4.6,0.383,76.6,21,53.8
SKU002,90,1383.66,1.9,0.428,87.8,19,37.7
SKU002,91,2117.77,4.5,0.379,83.6,23,53.5
SKU002,92,2596.48,4.0,0.41,76.8,19,41.1
SKU002,93,2100.15,2.4,0.364,78.5,22,42.4
SKU002,94,2822.73,2.2,0.441,87.7,18,45.5
SKU002,95,2892.85,1.2,0.408,82.6,18,53.6
SKU002,96,2395.41,2.4,0.392,87.4,24,43.2
SKU002,97,2983.98,2.0,0.431,76.3,23,44.6
SKU002,98,2502.36,1.5,0.392,87.6,17,45.4
SKU002,99,2334.08,4.1,0.425,79.1,24,37.6
SKU002,100,2419.54,2.5,0.407,82.9,18,53.2
SKU002,101,2999.11,4.2,0.419,76.7,24,37.4
SKU002,102,2306.76,2.8,0.388,77.5,22,41.6
SKU002,103,2101.05,1.5,0.384,81.3,21,42.1
SKU002,104,2619.24,4.8,0.401,82.3,20,38.2
SKU002,105,2702.42,1.5,0.405,84.1,24,42.2
SKU002,106,1722.93,2.1,0.418,86.3,17,50.8
SKU002,107,2542.23,1.8,0.419,82.9,22,39.6
SKU002,108,2022.77,1.9,0.433,83.1,18,42.4
SKU002,109,3317.18,4.7,0.41,79.5,27,37.5
SKU002,110,3008.41,2.2,0.41,87.2,15,37.5
SKU002,111,1644.87,0.8,0.393,76.9,19,52.1
SKU002,112,2466.11,5.0,0.388,77.0,27,42.2
SKU002,113,1803.46,4.3,0.437,76.6,18,53.8
SKU002,114,1925.8,1.6,0.43,81.7,20,38.4
SKU002,115,2581.48,1.9,0.404,76.6,24,42.4
SKU002,116,1675.51,5.1,0.409,81.3,15,39.8
SKU002,117,1852.77,4.7,0.412,76.8,20,46.1
SKU002,118,2961.08,2.3,0.377,81.4,20,46.3
SKU002,119,3355.86,3.2,0.347,87.4,21,52.6
SKU002,120,2196.39,2.4,0.395,78.9,17,46.0
SKU002,121,2693.61,1.8,0.427,87.2,21,39.8
SKU002,122,3570.93,4.9,0.403,78.0,18,41.7
SKU002,123,1784.89,1.3,0.429,80.5,23,41.6
SKU002,124,2043.14,1.6,0.413,82.1,20,45.7
SKU002,125,3717.74,3.8,0.45,83.7,23,46.6
SKU002,126,3444.79,3.8,0.401,83.8,20,47.5
SKU002,127,3695.18,2.0,0.421,77.5,17,43.9
SKU002,128,3437.43,2.6,0.385,76.3,20,44.4
SKU002,129,3561.91,3.6,0.395,83.6,21,50.4
SKU002,130,2364.42,2.3,0.396,78.4,19,50.7
SKU002,131,3845.52,4.0,0.397,77.3,21,44.1
SKU002,132,1776.52,4.9,0.402,86.3,19,43.8
SKU002,133,3711.72,0.9,0.408,86.3,25,45.1
SKU002,134,2145.37,4.5,0.417,81.7,21,39.7
SKU002,135,2180.69,3.0,0.408,85.9,16,53.8
SKU002,136,2948.78,3.1,0.407,85.8,19,46.0
SKU002,137,2745.68,3.8,0.418,87.6,22,44.7
SKU002,138,2213.61,3.2,0.415,80.8,24,49.0
SKU002,139,2886.57,3.0,0.383,80.8,20,40.7
SKU002,140,2442.27,4.8,0.41,78.5,21,49.6
SKU002,141,2049.18,2.6,0.402,83.8,19,49.0
SKU002,142,3110.22,4.3,0.401,79.4,25,47.2
SKU002,143,3241.62,4.4,0.368,76.5,20,39.8
SKU002,144,2178.26,2.9,0.376,79.3,21,47.4
SKU002,145,3513.11,3.4,0.429,87.0,19,42.2
SKU002,146,3664.26,1.3,0.361,78.5,19,53.7
SKU002,147,3353.7,0.9,0.435,83.2,19,44.4
SKU002,148,3252.13,4.4,0.438,86.3,15,44.1
SKU002,149,2185.32,2.5,0.409,80.6,17,40.7
SKU002,150,3866.94,3.7,0.421,77.4,24,40.3
SKU002,151,3199.87,4.0,0.404,85.0,23,39.1
SKU002,152,2263.6,2.0,0.417,84.2,20,40.6
SKU002,153,3371.8,4.0,0.413,86.5,19,41.9
SKU002,154,1762.26,2.2,0.406,83.9,21,46.3
SKU002,155,2886.08,3.8,0.411,82.5,13,49.5
SKU002,156,2059.87,2.8,0.429,84.3,22,48.2
SKU002,157,1772.13,3.8,0.376,85.0,21,38.2
SKU002,158,2065.16,2.6,0.383,80.6,18,44.5
SKU002,159,3783.61,4.0,0.421,81.8,24,43.0
SKU002,160,2567.43,2.8,0.409,83.9,19,38.0
SKU002,161,2836.14,1.1,0.394,78.6,19,42.6
SKU002,162,2183.62,3.1,0.414,82.4,14,40.6
SKU002,163,2602.09,1.8,0.413,87.6,17,38.2
SKU002,164,3382.59,4.6,0.388,80.3,18,42.1
SKU002,165,2071.37,2.6,0.408,82.1,22,46.4
SKU002,166,3014.74,1.1,0.412,77.5,21,48.7
SKU002,167,2180.42,4.9,0.366,81.7,18,44.9
SKU002,168,3010.24,4.7,0.39,85.1,21,52.6
SKU002,169,2692.19,3.8,0.398,77.9,22,54.0
SKU002,170,2881.01,3.4,0.378,79.7,21,53.7
SKU002,171,2700.62,3.3,0.373,83.7,22,53.0
SKU002,172,2847.42,0.8,0.418,87.4,17,41.9
SKU002,173,2993.17,5.1,0.404,77.7,17,48.6
SKU002,174,2100.68,4.0,0.433,84.1,17,51.0
SKU002,175,2157.58,4.8,0.407,86.9,21,38.7
SKU002,176,2376.15,4.8,0.41,79.6,21,45.0
SKU002,177,1883.04,1.9,0.364,85.1,22,40.4
SKU002,178,2480.41,3.9,0.388,80.1,23,51.9
SKU002,179,3136.34,1.2,0.42,83.5,20,40.3
SKU002,180,2512.32,4.7,0.412,82.5,18,38.0
SKU003,1,731.71,2.0,0.387,73.0,26,27.6
SKU003,2,876.32,1.6,0.383,75.4,24,29.2
SKU003,3,714.57,4.6,0.43,74.1,28,36.5
SKU003,4,680.64,6.5,0.387,77.0,26,32.1
SKU003,5,713.42,5.5,0.416,68.3,26,27.1
SKU003,6,1412.94,2.2,0.417,76.7,34,36.7
SKU003,7,1050.35,3.4,0.408,76.7,35,29.9
SKU003,8,965.27,3.1,0.445,76.5,28,33.3
SKU003,9,983.87,6.4,0.413,74.7,27,37.8
SKU003,10,1162.01,3.7,0.407,73.4,23,38.4
SKU003,11,1139.03,2.8,0.42,68.3,27,32.1
SKU003,12,1029.98,2.9,0.446,77.3,30,29.9
SKU003,13,804.73,3.8,0.395,75.9,24,32.9
SKU003,14,1367.63,1.7,0.43,76.7,29,34.1
SKU003,15,1144.2,7.2,0.404,79.4,29,37.2
SKU003,16,1034.7,2.3,0.399,80.2,26,34.1
SKU003,17,1378.48,3.5,0.413,69.9,30,37.0
SKU003,18,797.78,5.2,0.413,77.1,23,33.0
SKU003,19,1543.48,5.4,0.384,73.4,29,29.1
SKU003,20,1400.27,2.2,0.424,69.7,21,33.2
SKU003,21,821.91,3.3,0.38,73.9,24,36.5
SKU003,22,780.16,4.5,0.386,78.7,33,27.2
SKU003,23,1145.69,3.9,0.408,80.2,23,34.7
SKU003,24,1057.88,7.1,0.408,76.6,27,27.8
SKU003,25,1393.67,5.8,0.404,69.0,28,38.3
SKU003,26,973.66,7.7,0.395,77.9,24,36.3
SKU003,27,834.46,7.6,0.4,78.9,30,27.2
SKU003,28,1230.84,7.9,0.414,71.4,28,32.9
SKU003,29,1400.65,5.3,0.406,72.7,30,36.8
SKU003,30,1585.17,7.9,0.383,73.0,28,39.4
SKU003,31,1552.42,3.2,0.412,77.3,22,36.5
SKU003,32,1211.23,7.0,0.411,69.5,26,28.8
SKU003,33,891.42,2.9,0.4,78.0,23,39.4
SKU003,34,1515.65,6.3,0.386,79.3,28,31.7
SKU003,35,1130.62,2.1,0.414,72.2,24,32.0
SKU003,36,1319.15,4.2,0.419,78.7,30,38.9
SKU003,37,735.34,1.9,0.38,72.9,28,32.2
SKU003,38,793.64,5.9,0.379,73.7,30,34.2
SKU003,39,1056.05,4.0,0.37,75.7,27,37.4
SKU003,40,1106.39,2.1,0.417,69.1,27,29.1
SKU003,41,1111.33,6.7,0.442,76.3,30,38.1
SKU003,42,1209.72,3.5,0.399,68.5,25,38.5
SKU003,43,768.77,7.6,0.442,71.2,29,38.8
SKU003,44,1127.77,5.1,0.411,75.8,23,31.2
SKU003,45,806.36,5.5,0.402,75.7,28,31.2
SKU003,46,1307.85,6.3,0.397,78.7,30,36.5
SKU003,47,1482.6,4.0,0.401,78.3,30,27.6
SKU003,48,920.75,7.3,0.435,73.9,30,36.3
SKU003,49,1350.81,6.5,0.444,70.8,32,27.3
SKU003,50,1039.07,2.9,0.39,75.3,27,33.9
SKU003,51,1104.18,2.9,0.422,72.5,24,38.4
SKU003,52,1319.52,2.2,0.373,76.8,22,33.8
SKU003,53,954.14,7.3,0.389,77.6,25,29.7
SKU003,54,772.28,2.2,0.415,69.6,28,35.8
SKU003,55,1240.0,7.1,0.406,73.7,22,36.8
SKU003,56,923.8,3.5,0.415,70.0,25,32.0
SKU003,57,825.6,5.5,0.424,78.7,21,33.7
SKU003,58,1363.95,4.4,0.425,78.1,24,32.5
SKU003,59,896.89,5.5,0.376,76.9,27,31.1
SKU003,60,746.64,3.9,0.405,77.6,29,36.7
SKU003,61,1196.18,1.6,0.361,76.3,26,29.8
SKU003,62,707.98,5.9,0.414,79.4,27,28.6
SKU003,63,832.48,4.1,0.395,74.0,28,33.5
SKU003,64,1250.91,6.6,0.421,80.0,28,35.9
SKU003,65,1338.87,3.1,0.395,76.1,30,33.9
SKU003,66,919.52,6.2,0.388,71.9,23,34.7
SKU003,67,1026.14,5.7,0.406,70.8,28,39.3
SKU003,68,617.5,3.4,0.409,78.8,26,34.2
SKU003,69,1325.53,4.4,0.371,77.9,27,36.2
SKU003,70,702.61,6.6,0.403,79.7,31,35.6
SKU003,71,593.14,4.8,0.404,79.9,28,33.7
SKU003,72,1242.98,6.7,0.384,71.4,24,35.2
SKU003,73,1173.75,1.6,0.414,72.9,34,30.9
SKU003,74,696.17,3.0,0.415,68.8,30,32.8
SKU003,75,811.62,3.4,0.386,73.2,24,37.4
SKU003,76,1239.05,8.0,0.394,79.8,32,39.2
SKU003,77,1060.5,4.6,0.396,79.8,30,37.4
SKU003,78,742.83,5.9,0.403,72.4,26,34.6
SKU003,79,1198.73,2.1,0.391,73.7,23,30.6
SKU003,80,961.97,1.8,0.383,68.9,26,28.5
SKU003,81,666.68,7.1,0.358,68.3,27,33.9
SKU003,82,1027.15,2.4,0.41,78.0,23,33.8
SKU003,83,1013.49,7.6,0.387,68.8,25,32.0
SKU003,84,1042.94,5.8,0.389,77.5,25,30.9
SKU003,85,1066.52,6.7,0.389,70.0,27,29.9
SKU003,86,824.84,3.6,0.373,76.4,30,31.0
SKU003,87,1123.06,3.4,0.42,77.1,24,28.1
SKU003,88,641.85,7.9,0.405,79.0,30,38.6
SKU003,89,713.21,8.0,0.406,75.4,28,34.4
SKU003,90,1265.25,1.4,0.417,70.1,27,30.7
SKU003,91,1187.93,6.4,0.386,70.4,28,37.0
SKU003,92,1288.05,3.9,0.407,69.3,20,29.5
SKU003,93,937.38,7.5,0.407,71.1,31,29.9
SKU003,94,627.72,3.8,0.411,77.9,30,32.9
SKU003,95,985.52,2.6,0.398,70.6,27,35.6
SKU003,96,599.44,7.4,0.41,74.5,27,28.8
SKU003,97,882.27,4.8,0.378,71.3,28,27.3
SKU003,98,1059.26,2.2,0.43,78.4,24,39.4
SKU003,99,1086.17,5.3,0.377,73.9,23,34.1
SKU003,100,1325.49,3.5,0.381,74.2,26,35.0
SKU003,101,1059.2,4.6,0.4,74.8,27,33.5
SKU003,102,822.1,3.3,0.405,70.0,31,36.6
SKU003,103,784.48,8.0,0.399,69.1,28,33.4
SKU003,104,788.04,3.7,0.397,76.4,34,33.5
SKU003,105,877.77,4.1,0.419,72.5,27,38.3
SKU003,106,797.45,5.5,0.409,77.6,27,28.9
SKU003,107,1164.44,5.7,0.392,79.6,26,34.5
SKU003,108,1325.74,4.6,0.358,71.7,24,33.8
SKU003,109,1132.42,8.0,0.37,70.0,30,38.4
SKU003,110,1073.09,6.6,0.411,79.9,30,32.0
SKU003,111,900.21,6.2,0.411,77.7,28,33.3
SKU003,112,876.1,4.2,0.373,79.5,29,38.7
SKU003,113,951.55,3.2,0.414,74.6,28,38.6
SKU003,114,1405.55,3.0,0.422,75.2,28,28.5
SKU003,115,1097.12,4.9,0.392,79.3,28,34.5
SKU003,116,709.37,2.3,0.44,77.4,31,36.1
SKU003,117,1280.01,4.6,0.405,77.2,27,37.6
SKU003,118,1472.25,7.8,0.408,70.6,25,38.4
SKU003,119,1487.28,7.5,0.393,70.5,32,30.2
SKU003,120,939.89,7.3,0.409,77.7,25,31.9
SKU003,121,796.93,5.0,0.369,77.6,26,32.3
SKU003,122,800.05,5.9,0.415,71.3,26,35.4
SKU003,123,1414.4,3.1,0.393,74.1,32,36.4
SKU003,124,943.69,1.5,0.422,80.1,29,32.0
SKU003,125,1003.12,6.0,0.391,69.4,27,37.3
SKU003,126,1466.72,4.3,0.433,69.2,27,31.3
SKU003,127,1063.24,7.5,0.386,78.5,29,37.9
SKU003,128,797.23,2.2,0.39,79.4,33,37.2
SKU003,129,1067.34,1.8,0.407,72.2,29,34.5
SKU003,130,1246.03,4.1,0.389,69.7,26,27.5
SKU003,131,1434.79,6.2,0.405,69.6,27,37.7
SKU003,132,1554.49,6.4,0.401,76.6,30,27.0
SKU003,133,1186.6,2.2,0.421,77.5,27,33.6
SKU003,134,804.88,4.3,0.371,73.7,28,28.1
SKU003,135,1204.62,6.8,0.412,74.5,28,38.6
SKU003,136,1227.52,2.7,0.415,79.3,24,30.3
SKU003,137,1598.03,7.6,0.38,68.4,30,30.3
SKU003,138,1240.01,1.9,0.428,71.2,22,31.4
SKU003,139,847.6,3.1,0.392,72.6,25,34.8
SKU003,140,1148.29,2.9,0.42,72.3,26,37.3
SKU003,141,1008.62,2.5,0.417,69.9,31,38.1
SKU003,142,1182.14,3.5,0.41,77.4,27,32.3
SKU003,143,1169.17,5.8,0.417,73.9,27,29.5
SKU003,144,1246.34,3.6,0.415,73.6,27,37.8
SKU003,145,805.06,2.0,0.436,76.4,26,33.8
SKU003,146,1086.59,2.7,0.422,75.7,28,30.0
SKU003,147,863.24,7.5,0.421,75.8,27,36.1
SKU003,148,1432.09,6.7,0.394,70.8,30,36.6
SKU003,149,717.44,3.4,0.418,79.9,29,29.3
SKU003,150,737.99,1.3,0.404,70.9,25,36.4
SKU003,151,1066.75,2.7,0.396,77.8,27,29.8
SKU003,152,1237.65,1.2,0.388,70.1,26,36.9
SKU003,153,1490.95,4.0,0.411,78.8,27,35.3
SKU003,154,878.19,7.6,0.408,71.4,27,39.0
SKU003,155,1101.03,7.5,0.378,71.2,29,36.9
SKU003,156,803.94,5.5,0.399,74.5,30,35.6
SKU003,157,1540.23,7.3,0.364,71.9,22,35.0
SKU003,158,1039.46,3.0,0.405,72.8,30,29.1
SKU003,159,1129.98,1.3,0.434,72.9,32,35.5
SKU003,160,750.5,6.2,0.375,74.8,21,35.2
SKU003,161,918.19,5.3,0.39,71.4,28,27.7
SKU003,162,688.47,6.1,0.394,78.4,27,37.3
SKU003,163,1108.13,5.9,0.397,72.6,33,30.4
SKU003,164,825.38,7.8,0.376,73.9,27,29.0
SKU003,165,1472.45,4.1,0.42,79.9,25,29.8
SKU003,166,1313.84,6.9,0.434,79.8,32,32.4
SKU003,167,1362.79,4.1,0.428,73.1,25,37.1
SKU003,168,653.55,5.7,0.404,72.3,29,35.9
SKU003,169,954.79,4.0,0.406,73.0,32,38.3
SKU003,170,1184.06,6.1,0.415,73.0,25,32.0
SKU003,171,942.45,6.2,0.38,74.1,26,28.9
SKU003,172,1112.43,3.4,0.403,76.6,28,27.8
SKU003,173,1081.81,8.0,0.423,72.7,26,29.2
SKU003,174,962.27,7.9,0.418,76.5,24,35.6
SKU003,175,1122.88,5.1,0.404,73.6,30,35.0
SKU003,176,651.68,2.8,0.408,68.8,21,39.2
SKU003,177,631.61,6.0,0.412,71.6,30,33.1
SKU003,178,731.94,5.3,0.427,74.6,33,32.5
SKU003,179,1097.47,5.5,0.39,68.3,24,29.8
SKU003,180,923.64,5.6,0.414,71.1,18,31.7
SKU004,1,673.33,1.6,0.425,83.3,17,43.5
SKU004,2,603.98,1.4,0.406,83.3,22,35.7
SKU004,3,741.53,3.2,0.406,80.1,22,45.2
SKU004,4,1133.35,1.6,0.389,80.5,22,39.8
SKU004,5,1053.52,1.5,0.394,87.2,20,49.5
SKU004,6,935.55,1.1,0.406,78.9,21,46.1
SKU004,7,1111.33,1.6,0.433,80.3,25,51.1
SKU004,8,618.48,2.3,0.396,82.8,22,36.5
SKU004,9,782.99,1.2,0.395,85.1,15,44.8
SKU004,10,644.94,2.9,0.383,84.6,17,38.6
SKU004,11,1176.19,0.7,0.396,83.3,19,47.3
SKU004,12,841.8,2.2,0.37,76.2,17,44.0
SKU004,13,647.23,2.9,0.359,76.2,19,43.0
SKU004,14,1084.29,3.2,0.4,77.9,20,41.6
SKU004,15,913.91,2.4,0.368,76.2,17,39.1
SKU004,16,784.31,0.7,0.413,76.8,14,47.5
SKU004,17,1318.03,2.0,0.389,87.4,21,40.1
SKU004,18,894.25,0.8,0.425,87.5,20,51.4
SKU004,19,878.33,1.3,0.389,78.5,19,44.9
SKU004,20,672.58,1.8,0.383,85.4,17,42.3
SKU004,21,717.19,1.5,0.403,86.4,21,37.4
SKU004,22,753.14,2.4,0.403,87.5,24,49.3
SKU004,23,1173.9,2.2,0.396,87.8,19,44.2
SKU004,24,1090.11,2.0,0.383,81.2,22,43.2
SKU004,25,876.72,1.7,0.408,84.8,23,49.9
SKU004,26,933.66,2.5,0.403,77.5,20,42.4
SKU004,27,811.19,1.9,0.381,85.8,17,46.0
SKU004,28,891.58,1.5,0.417,84.1,20,42.9
SKU004,29,1330.21,2.1,0.42,85.4,15,40.7
SKU004,30,940.82,3.0,0.426,83.0,17,51.2
SKU004,31,1286.86,2.8,0.428,81.2,20,44.8
SKU004,32,1252.68,1.0,0.391,83.4,17,41.9
SKU004,33,910.67,2.7,0.416,86.3,21,41.0
SKU004,34,1014.85,1.7,0.367,79.6,22,35.4
SKU004,35,799.87,3.1,0.413,80.9,22,39.9
SKU004,36,1299.54,2.4,0.435,87.2,24,42.0
SKU004,37,1006.57,3.1,0.386,81.8,19,42.6
SKU004,38,1171.78,0.8,0.407,77.0,25,45.2
SKU004,39,1055.78,2.2,0.417,77.2,24,51.3
SKU004,40,705.06,1.5,0.401,83.2,22,40.5
SKU004,41,897.28,2.1,0.402,81.7,20,47.7
SKU004,42,657.05,1.4,0.399,81.3,21,43.8
SKU004,43,1233.97,1.6,0.438,83.9,22,50.5
SKU004,44,1009.42,1.6,0.391,87.5,21,40.8
SKU004,45,837.22,0.6,0.383,87.2,17,47.9
SKU004,46,1158.69,1.7,0.387,76.2,23,50.2
SKU004,47,1159.69,3.2,0.42,81.4,19,40.9
SKU004,48,643.8,1.3,0.403,77.8,18,45.7
SKU004,49,980.79,1.5,0.438,82.4,17,42.7
SKU004,50,1101.21,1.4,0.403,77.5,18,37.4
SKU004,51,1065.44,3.2,0.412,81.1,21,39.6
SKU004,52,1264.44,0.5,0.399,81.2,18,37.8
SKU004,53,977.69,1.8,0.406,78.0,21,36.8
SKU004,54,984.05,2.7,0.401,85.8,22,36.5
SKU004,55,984.87,1.0,0.419,86.2,20,46.9
SKU004,56,803.9,0.5,0.397,87.8,20,47.4
SKU004,57,788.22,1.3,0.387,87.2,23,36.9
SKU004,58,585.55,2.5,0.378,77.8,20,49.4
SKU004,59,599.74,2.2,0.418,76.3,14,47.2
SKU004,60,920.3,3.3,0.397,86.7,20,39.1
SKU004,61,626.05,1.8,0.44,87.4,21,42.0
SKU004,62,1001.72,2.2,0.38,83.1,18,37.6
SKU004,63,1026.61,0.7,0.395,79.7,17,50.8
SKU004,64,874.77,0.9,0.357,85.9,22,48.6
SKU004,65,730.84,0.7,0.391,79.4,19,44.3
SKU004,66,940.18,1.2,0.399,87.3,20,43.4
SKU004,67,688.18,2.0,0.427,79.1,14,47.3
SKU004,68,676.84,3.0,0.403,77.1,18,49.4
SKU004,69,1023.02,2.6,0.427,78.1,17,42.6
SKU004,70,790.96,3.3,0.401,81.1,15,46.4
SKU004,71,712.99,2.0,0.392,81.2,20,50.9
SKU004,72,1116.04,1.0,0.378,77.0,17,50.1
SKU004,73,1053.59,1.5,0.383,78.1,24,40.9
SKU004,74,990.95,1.6,0.387,84.8,25,45.8
SKU004,75,818.3,2.8,0.39,76.7,22,48.2
SKU004,76,524.46,2.2,0.403,81.7,13,46.2
SKU004,77,993.42,2.0,0.413,79.2,18,45.2
SKU004,78,566.21,1.5,0.379,81.6,20,43.9
SKU004,79,900.99,2.0,0.418,76.5,23,42.2
SKU004,80,828.49,3.3,0.377,86.9,17,44.6
SKU004,81,676.4,1.1,0.427,77.8,22,38.5
SKU004,82,650.98,2.4,0.38,82.8,22,37.9
SKU004,83,759.69,1.7,0.398,79.9,15,48.8
SKU004,84,540.54,1.4,0.397,79.0,17,47.9
SKU004,85,477.61,3.0,0.405,86.2,20,49.6
SKU004,86,955.42,2.8,0.394,82.7,12,45.4
SKU004,87,693.0,2.0,0.377,84.6,19,47.1
SKU004,88,778.49,0.9,0.387,76.2,20,36.5
SKU004,89,968.86,3.2,0.393,81.6,24,51.5
SKU004,90,815.15,1.7,0.381,85.4,20,38.2
SKU004,91,646.72,3.1,0.37,85.9,18,39.2
SKU004,92,704.87,0.8,0.405,82.7,15,46.8
SKU004,93,1023.15,0.6,0.402,80.8,22,39.5
SKU004,94,543.77,3.3,0.425,86.7,20,51.4
SKU004,95,1087.42,1.6,0.378,81.4,14,36.7
SKU004,96,624.69,1.7,0.375,82.9,22,35.7
SKU004,97,759.78,1.9,0.403,79.4,19,51.5
SKU004,98,553.64,0.5,0.375,80.7,16,42.3
SKU004,99,633.3,2.9,0.372,84.1,22,46.0
SKU004,100,741.6,1.9,0.349,76.8,12,39.6
SKU004,101,688.45,2.3,0.396,81.1,19,43.8
SKU004,102,915.93,2.3,0.389,87.7,25,38.6
SKU004,103,755.53,0.9,0.368,84.3,18,38.4
SKU004,104,1149.73,2.4,0.393,79.9,20,51.5
SKU004,105,833.22,3.2,0.41,87.1,20,35.6
SKU004,106,998.5,3.1,0.389,86.0,20,40.4
SKU004,107,974.82,1.7,0.43,83.1,22,44.7
SKU004,108,778.87,1.1,0.396,86.0,16,41.5
SKU004,109,961.88,0.6,0.432,78.2,23,38.1
SKU004,110,1190.93,2.6,0.401,87.6,19,46.6
SKU004,111,705.98,0.5,0.41,80.2,16,42.5
SKU004,112,1162.55,2.0,0.413,79.3,15,39.7
SKU004,113,569.08,0.8,0.37,87.2,22,48.4
SKU004,114,810.66,2.4,0.421,75.9,18,49.0
SKU004,115,934.86,0.5,0.384,83.7,16,43.6
SKU004,116,756.34,3.0,0.421,85.1,22,49.4
SKU004,117,832.95,1.3,0.41,79.3,23,39.6
SKU004,118,1051.91,3.3,0.377,87.4,21,46.5
SKU004,119,1180.79,3.3,0.381,76.4,12,50.0
SKU004,120,732.18,2.4,0.408,77.0,23,46.6
SKU004,121,599.72,1.4,0.395,83.4,18,41.4
SKU004,122,1070.22,2.6,0.387,76.2,16,40.0
SKU004,123,1110.62,1.7,0.43,84.1,21,46.1
SKU004,124,1280.93,3.1,0.418,85.2,21,51.3
SKU004,125,1158.46,3.1,0.403,87.1,17,35.4
SKU004,126,965.46,3.3,0.41,80.1,15,45.2
SKU004,127,874.38,0.9,0.414,85.6,23,48.2
SKU004,128,821.59,1.5,0.373,79.8,25,37.6
SKU004,129,896.2,2.0,0.405,81.3,26,48.6
SKU004,130,943.2,1.1,0.411,79.8,15,39.9
SKU004,131,714.39,1.6,0.376,84.3,17,47.8
SKU004,132,655.22,2.2,0.39,76.1,15,51.2
SKU004,133,842.38,1.4,0.41,84.2,18,38.7
SKU004,134,703.72,0.8,0.396,77.1,27,48.2
SKU004,135,1265.32,1.0,0.4,80.7,22,45.4
SKU004,136,1071.47,2.0,0.392,80.9,17,39.5
SKU004,137,1247.5,0.7,0.377,86.5,11,40.6
SKU004,138,951.86,1.9,0.41,86.3,18,44.7
SKU004,139,1135.95,2.9,0.385,78.8,22,46.2
SKU004,140,648.35,1.1,0.409,79.5,21,49.2
SKU004,141,811.19,3.2,0.405,81.3,29,47.0
SKU004,142,760.25,0.8,0.384,86.9,17,39.0
SKU004,143,1330.21,0.9,0.403,83.8,19,35.9
SKU004,144,1107.75,2.9,0.394,82.7,21,40.7
SKU004,145,1314.51,2.6,0.367,80.4,19,49.0
SKU004,146,1254.39,1.7,0.378,81.6,21,37.5
SKU004,147,952.44,2.0,0.366,83.8,18,49.2
SKU004,148,1080.99,0.9,0.419,75.9,21,46.5
SKU004,149,729.32,2.4,0.393,87.8,16,47.0
SKU004,150,978.12,2.2,0.423,83.2,16,35.9
SKU004,151,1338.63,2.6,0.384,77.9,19,51.5
SKU004,152,640.25,3.2,0.411,77.3,19,49.0
SKU004,153,1264.05,2.9,0.396,80.8,22,43.4
SKU004,154,1264.13,0.5,0.415,87.6,17,38.8
SKU004,155,1041.78,1.4,0.389,79.0,18,46.5
SKU004,156,629.24,2.9,0.412,86.6,23,49.2
SKU004,157,1136.1,2.5,0.43,84.6,20,35.5
SKU004,158,1007.84,3.2,0.351,76.6,27,50.1
SKU004,159,618.03,1.9,0.429,86.5,20,41.7
SKU004,160,663.4,1.9,0.383,86.5,17,37.3
SKU004,161,1080.45,2.4,0.397,77.3,23,40.7
SKU004,162,1133.2,1.3,0.37,83.5,21,40.5
SKU004,163,672.55,1.8,0.376,79.2,27,43.7
SKU004,164,1245.65,0.8,0.377,80.4,20,50.0
SKU004,165,1230.03,2.2,0.388,82.7,16,48.3
SKU004,166,1041.27,2.4,0.381,76.3,20,41.4
SKU004,167,807.23,3.0,0.429,77.9,18,42.7
SKU004,168,964.47,2.0,0.405,78.1,21,44.5
SKU004,169,768.13,1.0,0.39,85.8,17,36.6
SKU004,170,1071.75,0.8,0.39,86.5,18,44.5
SKU004,171,682.81,1.0,0.373,85.7,20,49.9
SKU004,172,898.15,2.7,0.398,83.3,16,44.9
SKU004,173,658.23,1.6,0.436,85.2,21,44.8
SKU004,174,745.3,2.2,0.392,79.3,18,41.9
SKU004,175,979.69,2.5,0.422,83.1,19,42.7
SKU004,176,736.24,2.2,0.388,83.4,21,40.8
SKU004,177,838.5,0.6,0.388,78.4,25,40.3
SKU004,178,616.77,1.5,0.374,87.3,17,38.4
SKU004,179,1024.75,3.1,0.381,80.5,17,50.6
SKU004,180,884.71,1.1,0.411,78.1,19,48.5
SKU005,1,740.56,2.2,0.343,71.9,25,46.2
SKU005,2,799.72,1.0,0.33,83.5,23,41.6
SKU005,3,396.61,3.1,0.319,82.7,25,44.0
SKU005,4,639.84,4.7,0.324,74.1,24,56.4
SKU005,5,750.28,2.3,0.324,82.0,22,43.5
SKU005,6,865.57,5.2,0.308,72.1,22,40.3
SKU005,7,756.78,3.9,0.3,74.3,21,50.0
SKU005,8,810.72,4.7,0.336,78.2,18,56.2
SKU005,9,513.62,3.6,0.317,82.2,24,54.0
SKU005,10,851.4,4.9,0.334,75.5,22,49.3
SKU005,11,657.37,4.1,0.293,75.7,21,41.8
SKU005,12,908.31,2.0,0.314,77.4,20,54.5
SKU005,13,760.72,1.2,0.32,81.9,24,52.0
SKU005,14,571.09,2.5,0.312,83.4,22,53.2
SKU005,15,432.47,2.0,0.333,83.2,18,45.1
SKU005,16,529.52,4.9,0.37,75.4,21,44.0
SKU005,17,817.14,1.0,0.313,79.6,20,55.3
SKU005,18,874.96,1.7,0.35,76.0,21,44.7
SKU005,19,761.71,5.3,0.341,78.7,23,40.2
SKU005,20,708.67,4.5,0.357,77.4,21,43.8
SKU005,21,687.08,4.5,0.307,78.6,21,41.3
SKU005,22,472.39,1.8,0.343,83.6,25,52.3
SKU005,23,853.7,2.5,0.345,74.2,20,40.4
SKU005,24,635.18,5.2,0.318,81.7,22,53.9
SKU005,25,809.09,3.7,0.359,81.8,25,42.1
SKU005,26,573.51,4.2,0.336,75.9,21,55.0
SKU005,27,809.94,2.6,0.315,76.9,22,51.2
SKU005,28,791.16,4.5,0.309,82.7,22,41.5
SKU005,29,458.04,1.5,0.328,83.4,24,43.4
SKU005,30,536.27,5.2,0.326,82.8,20,42.3
SKU005,31,439.44,3.5,0.3,82.3,21,54.5
SKU005,32,705.75,1.8,0.332,72.4,18,42.6
SKU005,33,546.63,2.4,0.303,75.0,23,55.5
SKU005,34,654.59,1.0,0.32,81.9,18,40.4
SKU005,35,881.96,2.7,0.36,73.8,22,50.8
SKU005,36,591.24,4.4,0.322,76.5,21,49.6
SKU005,37,555.92,2.1,0.332,81.2,22,56.0
SKU005,38,808.36,1.6,0.343,82.7,26,52.3
SKU005,39,721.77,1.0,0.301,82.2,25,48.4
SKU005,40,486.97,3.1,0.336,80.1,21,55.6
SKU005,41,765.31,1.0,0.334,74.5,20,46.6
SKU005,42,860.88,3.0,0.346,73.3,17,45.1
SKU005,43,465.48,2.6,0.347,78.8,25,45.1
SKU005,44,624.16,2.3,0.316,78.9,22,46.3
SKU005,45,684.6,3.0,0.342,78.1,25,44.7
SKU005,46,877.7,4.5,0.328,80.1,26,50.7
SKU005,47,734.06,4.3,0.331,75.7,22,54.1
SKU005,48,705.79,2.7,0.323,72.1,20,38.9
SKU005,49,791.47,2.3,0.344,76.4,19,42.2
SKU005,50,606.82,2.5,0.306,78.4,20,43.6
SKU005,51,398.02,1.9,0.315,73.3,25,56.3
SKU005,52,595.47,3.0,0.321,75.3,22,39.1
SKU005,53,856.42,4.0,0.298,77.8,21,55.1
SKU005,54,697.85,3.4,0.31,77.7,23,40.8
SKU005,55,702.34,1.4,0.307,79.3,18,52.8
SKU005,56,570.63,4.2,0.331,76.8,18,49.3
SKU005,57,434.83,3.1,0.326,75.0,19,49.9
SKU005,58,484.36,3.6,0.336,77.9,24,42.2
SKU005,59,710.71,1.0,0.33,81.5,23,53.2
SKU005,60,593.37,2.0,0.323,74.4,14,46.2
SKU005,61,721.99,3.5,0.318,83.6,21,45.7
SKU005,62,463.94,1.5,0.361,82.0,23,41.1
SKU005,63,625.26,4.5,0.327,72.3,25,51.9
SKU005,64,532.36,3.9,0.302,79.0,21,54.3
SKU005,65,697.28,1.6,0.332,73.8,21,51.1
SKU005,66,745.88,2.1,0.326,79.5,23,44.6
SKU005,67,661.32,3.9,0.34,80.9,24,56.2
SKU005,68,586.21,3.4,0.318,81.2,20,53.7
SKU005,69,616.76,1.5,0.34,73.8,18,42.4
SKU005,70,650.47,1.9,0.317,73.8,22,42.3
SKU005,71,413.39,4.2,0.295,74.9,21,49.4
SKU005,72,465.58,1.3,0.329,81.4,21,47.5
SKU005,73,450.93,1.7,0.313,83.6,22,39.6
SKU005,74,680.38,1.2,0.331,75.5,22,41.3
SKU005,75,528.82,2.9,0.283,74.9,26,51.0
SKU005,76,603.66,2.9,0.32,82.5,26,40.2
SKU005,77,380.88,3.9,0.317,77.6,19,41.4
SKU005,78,428.64,3.7,0.352,75.7,28,52.2
SKU005,79,361.06,3.3,0.37,72.5,22,42.1
SKU005,80,742.43,4.8,0.326,78.9,23,39.5
SKU005,81,618.42,3.4,0.331,74.6,22,40.8
SKU005,82,458.21,5.3,0.327,71.8,22,47.2
SKU005,83,573.07,3.3,0.341,80.8,21,44.9
SKU005,84,415.77,3.5,0.346,79.8,26,40.7
SKU005,85,558.31,4.6,0.346,80.6,26,41.4
SKU005,86,621.08,2.3,0.324,74.4,21,39.1
SKU005,87,491.53,4.0,0.332,82.6,22,44.3
SKU005,88,627.01,4.9,0.328,75.8,22,48.6
SKU005,89,485.96,4.0,0.286,73.7,23,46.0
SKU005,90,448.25,2.6,0.344,74.4,23,54.7
SKU005,91,370.64,3.5,0.324,79.7,25,51.9
SKU005,92,561.95,3.4,0.325,79.4,22,40.7
SKU005,93,396.29,2.0,0.33,82.1,24,44.4
SKU005,94,741.39,1.2,0.307,71.9,25,51.8
SKU005,95,713.84,2.5,0.339,83.2,21,52.6
SKU005,96,625.53,2.2,0.308,72.8,22,47.0
SKU005,97,732.98,2.2,0.329,72.7,23,44.4
SKU005,98,761.61,3.2,0.337,72.7,22,46.5
SKU005,99,713.77,3.3,0.312,81.2,29,47.1
SKU005,100,429.23,1.5,0.334,79.0,27,56.2
SKU005,101,527.76,2.3,0.343,72.9,24,56.2
SKU005,102,581.66,3.2,0.334,79.3,22,46.6
SKU005,103,723.91,1.1,0.316,77.8,20,49.6
SKU005,104,671.78,5.2,0.35,73.5,25,48.7
SKU005,105,799.53,3.0,0.333,72.0,24,54.2
SKU005,106,362.2,4.4,0.308,81.9,18,54.0
SKU005,107,671.38,4.4,0.301,79.7,24,49.6
SKU005,108,392.97,3.7,0.335,80.5,26,47.1
SKU005,109,763.16,2.8,0.355,80.3,25,52.9
SKU005,110,416.43,1.0,0.323,81.3,24,53.0
SKU005,111,626.01,3.8,0.339,75.7,30,39.5
SKU005,112,805.98,4.4,0.329,82.0,16,45.8
SKU005,113,758.83,3.2,0.303,83.3,21,50.9
SKU005,114,862.96,2.9,0.345,73.0,25,42.6
SKU005,115,480.14,4.7,0.327,82.2,23,40.8
SKU005,116,665.09,1.5,0.323,72.5,24,53.6
SKU005,117,705.98,1.2,0.333,79.0,19,56.5
SKU005,118,699.98,4.5,0.321,81.9,11,49.0
SKU005,119,881.98,1.3,0.311,76.5,21,55.1
SKU005,120,488.97,4.4,0.365,79.9,24,51.4
SKU005,121,624.53,3.2,0.335,81.5,20,48.7
SKU005,122,863.02,0.9,0.366,80.1,22,39.9
SKU005,123,520.8,2.6,0.31,74.1,26,41.9
SKU005,124,913.16,3.0,0.342,75.3,24,48.9
SKU005,125,855.41,1.0,0.358,72.6,23,41.5
SKU005,126,897.05,4.6,0.353,82.4,21,48.5
SKU005,127,597.02,3.2,0.35,78.9,27,39.6
SKU005,128,790.23,3.8,0.325,78.0,28,47.5
SKU005,129,753.23,5.0,0.309,72.2,21,44.1
SKU005,130,572.88,1.9,0.32,82.6,22,46.2
SKU005,131,615.11,4.9,0.329,83.4,21,40.0
SKU005,132,592.77,4.1,0.309,79.1,23,50.6
SKU005,133,918.64,3.2,0.33,73.3,17,39.8
SKU005,134,894.6,0.9,0.33,76.9,22,47.2
SKU005,135,671.54,5.3,0.33,75.0,24,48.8
SKU005,136,424.95,4.6,0.344,81.2,23,47.4
SKU005,137,909.36,2.2,0.34,79.3,21,50.2
SKU005,138,952.14,2.3,0.323,74.1,23,47.2
SKU005,139,612.62,3.2,0.329,74.7,22,52.2
SKU005,140,769.51,3.8,0.34,79.2,19,45.7
SKU005,141,832.31,0.9,0.297,79.3,24,51.4
SKU005,142,837.78,0.9,0.357,80.5,20,51.5
SKU005,143,852.61,2.6,0.329,79.9,22,54.9
SKU005,144,750.55,5.3,0.335,80.5,22,42.3
SKU005,145,918.25,1.6,0.342,72.8,19,52.7
SKU005,146,465.52,4.4,0.315,81.9,22,42.7
SKU005,147,731.7,2.5,0.342,78.6,28,39.7
SKU005,148,544.92,4.1,0.362,79.1,28,53.9
SKU005,149,596.32,5.3,0.325,79.1,22,51.9
SKU005,150,939.01,2.1,0.312,75.5,19,46.7
SKU005,151,723.23,2.7,0.333,72.8,20,38.9
SKU005,152,791.16,3.4,0.342,80.5,17,54.5
SKU005,153,768.09,2.3,0.332,83.6,21,41.8
SKU005,154,799.33,4.0,0.338,72.6,21,46.8
SKU005,155,783.99,2.1,0.335,72.4,22,46.2
SKU005,156,897.61,5.2,0.374,77.6,22,46.5
SKU005,157,510.34,3.2,0.33,75.5,23,54.3
SKU005,158,566.96,0.8,0.306,82.3,26,45.0
SKU005,159,480.44,1.3,0.373,74.6,18,44.8
SKU005,160,660.87,3.5,0.337,74.0,25,40.6
SKU005,161,879.88,2.1,0.319,72.9,21,45.6
SKU005,162,671.1,1.1,0.331,74.0,22,44.0
SKU005,163,721.13,4.2,0.354,73.1,28,54.5
SKU005,164,600.69,2.1,0.345,73.2,24,52.8
SKU005,165,472.88,3.1,0.36,82.6,21,38.7
SKU005,166,864.91,2.6,0.32,77.9,24,45.4
SKU005,167,533.06,1.1,0.356,81.3,20,56.1
SKU005,168,774.43,1.6,0.344,79.9,23,39.4
SKU005,169,608.37,0.9,0.312,80.1,24,45.5
SKU005,170,419.13,0.9,0.356,78.3,24,50.3
SKU005,171,399.74,3.6,0.345,82.7,28,50.4
SKU005,172,641.36,2.0,0.309,72.2,27,46.2
SKU005,173,749.58,5.3,0.338,79.6,24,42.5
SKU005,174,702.11,4.8,0.319,79.8,24,50.2
SKU005,175,395.74,1.1,0.361,82.8,19,50.7
SKU005,176,805.75,3.9,0.356,81.2,23,39.8
SKU005,177,815.76,4.2,0.337,76.4,20,41.3
SKU005,178,663.65,5.2,0.349,74.2,22,46.9
SKU005,179,760.57,4.0,0.331,78.1,24,42.3
SKU005,180,575.13,3.4,0.339,81.7,25,51.1
SKU006,1,717.04,4.3,0.308,78.5,27,59.6
SKU006,2,423.08,4.7,0.328,83.2,27,72.9
SKU006,3,788.49,3.6,0.338,80.3,27,58.8
SKU006,4,541.46,4.4,0.314,78.2,24,66.8
SKU006,5,620.56,2.7,0.293,75.8,24,67.6
SKU006,6,950.24,4.2,0.345,82.1,24,54.4
SKU006,7,469.65,2.1,0.334,79.5,30,71.6
SKU006,8,826.68,2.9,0.331,75.2,20,71.7
SKU006,9,884.43,4.6,0.348,82.7,26,58.4
SKU006,10,684.69,1.7,0.317,84.1,28,67.7
SKU006,11,644.93,3.9,0.343,75.9,21,57.9
SKU006,12,685.35,3.4,0.309,82.5,30,63.6
SKU006,13,770.6,3.1,0.332,78.9,22,53.4
SKU006,14,793.54,4.7,0.31,83.9,22,69.4
SKU006,15,614.77,3.3,0.313,75.7,24,60.6
SKU006,16,726.76,1.1,0.315,80.9,26,72.1
SKU006,17,441.51,2.9,0.296,77.7,24,52.7
SKU006,18,621.28,4.1,0.329,83.4,21,62.6
SKU006,19,885.76,2.0,0.298,73.9,21,56.1
SKU006,20,927.98,4.2,0.314,74.8,25,69.6
SKU006,21,879.99,3.5,0.314,79.5,26,69.8
SKU006,22,978.28,4.4,0.306,84.1,28,55.9
SKU006,23,613.58,1.8,0.306,81.9,26,56.2
SKU006,24,837.87,0.9,0.311,73.5,25,66.5
SKU006,25,807.1,2.6,0.352,79.9,26,54.9
SKU006,26,665.96,1.2,0.321,83.8,25,70.2
SKU006,27,569.44,2.6,0.338,84.1,24,60.3
SKU006,28,1019.79,2.6,0.293,76.4,23,56.1
SKU006,29,963.6,2.7,0.324,80.8,22,54.2
SKU006,30,480.73,4.1,0.295,75.9,30,65.9
SKU006,31,759.98,1.8,0.305,74.9,24,60.0
SKU006,32,470.46,2.5,0.327,82.6,27,68.8
SKU006,33,737.31,2.9,0.297,81.7,26,68.2
SKU006,34,1016.05,2.2,0.326,83.5,21,61.2
SKU006,35,799.87,4.1,0.306,82.5,25,54.2
SKU006,36,732.82,4.1,0.308,83.5,27,67.4
SKU006,37,735.7,4.2,0.343,81.9,21,63.0
SKU006,38,618.46,3.3,0.333,84.2,30,69.5
SKU006,39,976.02,1.8,0.329,75.7,29,73.2
SKU006,40,581.32,2.7,0.331,82.6,22,71.3
SKU006,41,687.62,1.5,0.291,83.5,25,69.2
SKU006,42,733.3,4.8,0.324,76.5,28,73.6
SKU006,43,634.48,3.9,0.367,75.6,30,61.8
SKU006,44,649.25,4.0,0.302,82.7,29,66.1
SKU006,45,932.22,3.4,0.31,78.2,24,71.5
SKU006,46,776.03,1.6,0.327,72.8,28,62.9
SKU006,47,436.22,1.4,0.289,73.7,24,67.7
SKU006,48,697.54,1.1,0.31,75.4,22,59.2
SKU006,49,605.05,4.5,0.304,79.3,25,61.7
SKU006,50,955.0,3.3,0.321,83.0,28,63.1
SKU006,51,571.0,4.4,0.28,80.9,28,65.3
SKU006,52,621.5,3.5,0.309,80.1,29,56.8
SKU006,53,683.47,1.4,0.336,80.7,29,53.9
SKU006,54,407.58,3.6,0.287,75.3,28,75.4
SKU006,55,481.78,3.7,0.327,72.8,27,65.3
SKU006,56,729.11,4.1,0.323,84.4,23,68.6
SKU006,57,722.68,1.4,0.326,72.9,29,64.2
SKU006,58,492.12,3.9,0.31,84.1,21,63.5
SKU006,59,690.55,1.2,0.325,75.6,22,72.8
SKU006,60,682.41,1.4,0.32,75.3,24,52.7
SKU006,61,591.1,3.9,0.349,76.1,23,74.4
SKU006,62,682.6,1.3,0.334,81.0,22,56.4
SKU006,63,608.2,1.8,0.283,77.4,26,66.5
SKU006,64,660.57,2.0,0.324,83.6,25,54.0
SKU006,65,727.92,1.8,0.299,83.7,30,61.5
SKU006,66,629.91,4.1,0.307,73.2,29,63.5
SKU006,67,454.06,2.6,0.312,79.2,26,65.8
SKU006,68,469.5,4.8,0.304,83.4,28,57.4
SKU006,69,483.93,4.8,0.324,74.3,21,56.8
SKU006,70,371.2,2.7,0.352,73.7,27,76.1
SKU006,71,716.96,4.6,0.329,80.2,27,54.6
SKU006,72,391.11,4.8,0.31,77.2,24,55.2
SKU006,73,726.5,3.9,0.291,83.0,25,75.0
SKU006,74,386.0,2.4,0.311,75.8,30,55.3
SKU006,75,481.29,3.6,0.304,84.4,25,75.6
SKU006,76,579.28,4.5,0.294,84.3,22,58.0
SKU006,77,533.19,1.8,0.303,80.7,23,61.6
SKU006,78,656.03,2.2,0.32,77.4,26,69.3
SKU006,79,685.67,0.8,0.328,83.2,24,58.0
SKU006,80,648.55,1.4,0.302,78.6,28,55.5
SKU006,81,792.16,1.3,0.332,79.2,27,58.4
SKU006,82,781.95,4.0,0.302,83.3,29,52.5
SKU006,83,523.89,1.0,0.32,75.1,29,74.2
SKU006,84,562.27,1.0,0.294,76.4,21,71.9
SKU006,85,425.25,2.6,0.331,78.2,31,66.4
SKU006,86,664.45,2.7,0.329,83.5,21,65.6
SKU006,87,802.33,0.9,0.29,76.3,30,59.0
SKU006,88,556.68,1.1,0.332,78.0,27,67.9
SKU006,89,778.07,3.9,0.322,77.5,25,75.0
SKU006,90,582.78,1.7,0.297,75.1,25,68.1
SKU006,91,763.69,4.0,0.345,78.7,23,53.0
SKU006,92,474.56,4.3,0.333,81.6,31,52.2
SKU006,93,409.59,2.8,0.34,79.4,25,63.2
SKU006,94,482.09,3.0,0.291,77.3,30,60.0
SKU006,95,635.44,3.1,0.312,79.7,24,72.9
SKU006,96,459.57,1.4,0.306,78.2,24,64.0
SKU006,97,601.22,1.1,0.338,72.5,24,63.9
SKU006,98,774.62,2.8,0.292,77.2,25,54.4
SKU006,99,479.0,2.2,0.282,76.0,22,75.9
SKU006,100,480.24,3.3,0.338,84.2,21,75.9
SKU006,101,446.92,1.8,0.357,75.9,21,54.5
SKU006,102,646.82,2.5,0.317,72.6,27,53.5
SKU006,103,401.92,3.3,0.278,76.3,27,67.2
SKU006,104,433.8,1.6,0.31,77.8,25,69.3
SKU006,105,759.45,3.6,0.291,82.7,30,57.0
SKU006,106,765.9,2.9,0.311,74.4,30,73.3
SKU006,107,740.9,3.5,0.3,82.6,24,65.7
SKU006,108,614.57,4.3,0.307,72.7,21,71.0
SKU006,109,441.16,0.9,0.304,75.2,26,55.3
SKU006,110,881.89,2.2,0.327,80.9,22,63.9
SKU006,111,782.86,2.3,0.295,73.2,29,66.0
SKU006,112,414.45,1.3,0.309,75.9,24,66.7
SKU006,113,541.77,4.4,0.303,73.3,29,68.2
SKU006,114,754.47,4.2,0.336,79.5,29,54.8
SKU006,115,747.58,2.3,0.307,75.0,19,73.8
SKU006,116,705.57,2.8,0.335,82.2,26,58.7
SKU006,117,886.21,1.0,0.29,84.1,27,60.9
SKU006,118,645.03,3.3,0.327,78.9,25,75.0
SKU006,119,550.38,2.5,0.282,73.6,29,66.4
SKU006,120,607.58,4.5,0.296,84.1,25,75.0
SKU006,121,615.04,3.1,0.317,82.4,21,54.0
SKU006,122,458.61,3.3,0.302,76.4,27,59.4
SKU006,123,964.3,2.0,0.311,84.0,24,54.2
SKU006,124,585.73,4.4,0.345,75.1,26,63.3
SKU006,125,811.58,2.2,0.333,82.7,26,64.3
SKU006,126,947.05,1.4,0.316,77.1,19,67.9
SKU006,127,599.44,1.0,0.291,74.1,21,71.7
SKU006,128,774.56,4.0,0.301,80.3,24,63.7
SKU006,129,496.91,1.4,0.313,72.7,24,54.5
SKU006,130,470.8,1.9,0.305,78.7,25,66.8
SKU006,131,903.75,3.8,0.352,82.4,19,59.1
SKU006,132,899.56,1.9,0.311,78.2,28,63.4
SKU006,133,1010.57,2.1,0.302,81.4,25,66.9
SKU006,134,625.19,3.9,0.304,75.9,26,59.9
SKU006,135,629.7,4.2,0.305,83.3,26,57.4
SKU006,136,863.95,2.5,0.342,81.6,21,72.5
SKU006,137,618.2,3.1,0.339,73.3,24,69.7
SKU006,138,787.99,1.9,0.323,83.7,30,60.8
SKU006,139,731.5,3.3,0.338,84.0,23,70.0
SKU006,140,775.1,4.8,0.333,74.2,18,66.6
SKU006,141,858.15,3.6,0.312,76.4,30,67.0
SKU006,142,703.78,2.3,0.357,72.7,25,75.2
SKU006,143,712.82,2.2,0.299,73.6,25,58.8
SKU006,144,624.56,1.1,0.344,82.2,21,54.2
SKU006,145,983.84,4.7,0.324,78.8,23,72.7
SKU006,146,925.25,1.8,0.313,82.7,34,69.0
SKU006,147,983.56,3.2,0.308,78.2,27,56.1
SKU006,148,796.5,3.9,0.328,80.4,23,56.4
SKU006,149,752.79,3.7,0.326,82.4,22,55.0
SKU006,150,871.82,1.4,0.328,77.4,26,70.5
SKU006,151,726.23,3.4,0.344,80.9,26,61.9
SKU006,152,838.86,3.9,0.31,81.7,20,71.7
SKU006,153,913.62,2.9,0.308,74.5,20,73.1
SKU006,154,514.59,4.6,0.314,79.4,28,64.1
SKU006,155,795.67,1.4,0.319,82.8,24,76.1
SKU006,156,633.87,2.3,0.313,72.8,27,55.2
SKU006,157,918.9,4.1,0.311,78.2,26,73.5
SKU006,158,888.83,2.0,0.321,83.3,24,63.0
SKU006,159,588.45,4.5,0.291,75.6,29,69.8
SKU006,160,719.97,1.1,0.307,81.9,24,59.7
SKU006,161,698.88,4.8,0.318,75.5,23,71.8
SKU006,162,515.66,0.8,0.296,82.5,25,56.1
SKU006,163,764.66,3.4,0.34,81.6,20,74.5
SKU006,164,510.41,1.0,0.293,74.1,27,64.4
SKU006,165,878.42,4.4,0.272,79.7,31,58.2
SKU006,166,647.39,3.1,0.331,83.6,31,67.9
SKU006,167,564.06,4.1,0.314,79.3,31,57.7
SKU006,168,516.71,3.0,0.342,82.4,26,66.5
SKU006,169,412.53,1.4,0.313,75.6,28,60.4
SKU006,170,895.97,1.6,0.326,83.4,33,62.6
SKU006,171,565.77,3.1,0.333,77.3,26,72.4
SKU006,172,667.56,1.2,0.304,82.8,25,60.7
SKU006,173,656.64,4.6,0.333,75.7,24,68.6
SKU006,174,651.83,3.7,0.337,79.0,31,53.1
SKU006,175,489.52,3.4,0.282,79.2,26,66.7
SKU006,176,859.11,4.0,0.344,75.9,26,72.4
SKU006,177,635.55,3.1,0.318,78.0,27,73.0
SKU006,178,462.34,1.3,0.312,81.9,26,71.0
SKU006,179,604.5,1.7,0.289,82.5,27,65.5
SKU006,180,643.78,3.1,0.325,80.6,25,68.7
SKU007,1,1360.33,2.8,0.35,81.9,20,45.9
SKU007,2,1174.04,2.8,0.383,89.3,27,34.9
SKU007,3,1239.19,1.8,0.333,86.8,22,41.5
SKU007,4,1476.89,3.2,0.379,86.0,26,40.8
SKU007,5,677.0,1.1,0.366,82.0,25,47.2
SKU007,6,1039.8,4.0,0.398,81.8,23,34.4
SKU007,7,1411.4,4.5,0.385,84.5,15,46.7
SKU007,8,1157.15,1.4,0.375,85.0,23,41.2
SKU007,9,1137.04,3.1,0.405,90.3,29,45.9
SKU007,10,1280.81,3.8,0.346,81.2,21,40.7
SKU007,11,1148.98,1.8,0.372,80.6,21,44.1
SKU007,12,846.19,3.6,0.383,81.5,20,35.4
SKU007,13,1553.17,2.2,0.378,80.7,21,32.5
SKU007,14,902.0,0.9,0.36,81.6,28,34.9
SKU007,15,1295.04,0.9,0.325,87.8,23,45.8
SKU007,16,1544.71,3.6,0.372,87.1,28,38.1
SKU007,17,1522.2,3.6,0.361,86.9,26,37.1
SKU007,18,820.48,2.8,0.392,87.4,27,37.7
SKU007,19,1543.35,4.0,0.393,88.7,24,35.3
SKU007,20,1396.6,3.5,0.385,88.9,30,36.0
SKU007,21,825.59,2.6,0.393,86.8,18,44.6
SKU007,22,889.64,4.4,0.353,90.9,25,43.1
SKU007,23,1339.0,4.0,0.359,79.8,23,38.3
SKU007,24,1566.5,3.2,0.325,80.2,22,41.1
SKU007,25,798.64,1.4,0.334,90.0,28,36.3
SKU007,26,754.2,3.3,0.383,88.3,23,35.4
SKU007,27,785.43,1.2,0.37,91.5,22,41.6
SKU007,28,1045.67,2.3,0.356,82.0,24,37.2
SKU007,29,1241.32,4.4,0.342,84.4,23,44.2
SKU007,30,830.56,2.7,0.407,79.6,21,34.1
SKU007,31,981.86,3.8,0.356,86.0,24,33.1
SKU007,32,1172.37,2.8,0.39,90.5,18,32.8
SKU007,33,1641.2,1.2,0.397,85.0,23,40.2
SKU007,34,1237.32,3.3,0.362,91.0,25,35.8
SKU007,35,881.23,1.8,0.378,82.2,19,41.2
SKU007,36,1641.48,3.2,0.386,89.8,25,36.2
SKU007,37,1052.58,2.9,0.357,81.6,23,46.3
SKU007,38,937.55,3.0,0.364,88.4,19,40.9
SKU007,39,1639.22,1.6,0.337,87.0,25,39.9
SKU007,40,1557.15,0.8,0.397,84.5,23,42.5
SKU007,41,998.75,2.9,0.373,87.4,24,46.4
SKU007,42,1591.7,3.2,0.346,83.8,26,32.7
SKU007,43,961.6,1.8,0.368,84.8,21,44.7
SKU007,44,968.89,2.9,0.368,83.5,16,37.8
SKU007,45,1393.83,0.9,0.361,91.2,22,32.8
SKU007,46,1086.03,3.0,0.383,90.1,23,46.4
SKU007,47,1275.26,1.9,0.332,83.0,26,39.1
SKU007,48,983.89,2.3,0.363,80.0,21,42.1
SKU007,49,1501.39,2.3,0.347,81.8,19,35.8
SKU007,50,1338.58,3.5,0.365,83.5,20,36.6
SKU007,51,1159.6,4.3,0.354,80.1,24,37.4
SKU007,52,996.29,1.7,0.387,80.6,30,44.3
SKU007,53,975.13,2.1,0.357,79.8,20,44.4
SKU007,54,1189.74,4.4,0.387,82.5,22,34.6
SKU007,55,774.63,2.0,0.349,87.7,22,39.0
SKU007,56,1459.0,2.8,0.369,91.1,18,46.5
SKU007,57,973.92,4.0,0.366,89.1,26,33.2
SKU007,58,1202.07,2.2,0.388,88.1,24,43.9
SKU007,59,1143.35,1.9,0.361,81.2,18,44.6
SKU007,60,867.84,2.6,0.366,87.3,25,37.8
SKU007,61,1262.37,2.9,0.359,79.9,24,38.6
SKU007,62,1419.03,3.2,0.386,89.2,23,33.3
SKU007,63,894.34,1.7,0.371,82.4,21,38.9
SKU007,64,981.11,0.7,0.379,87.5,20,42.2
SKU007,65,935.31,2.5,0.392,86.5,20,36.7
SKU007,66,1164.95,3.0,0.376,91.4,26,33.0
SKU007,67,1078.75,1.1,0.333,87.8,24,39.8
SKU007,68,817.72,2.1,0.37,80.5,23,38.2
SKU007,69,779.15,1.3,0.343,85.4,19,34.5
SKU007,70,1213.75,4.0,0.361,84.4,22,37.2
SKU007,71,1005.55,4.2,0.379,88.6,23,40.2
SKU007,72,1244.78,3.4,0.403,91.3,27,46.8
SKU007,73,1161.33,2.1,0.379,81.3,16,33.8
SKU007,74,685.49,3.7,0.363,87.9,23,35.3
SKU007,75,1137.23,3.8,0.355,88.5,19,38.3
SKU007,76,1000.49,4.3,0.382,90.2,22,35.4
SKU007,77,900.46,2.7,0.383,91.0,21,43.6
SKU007,78,1001.4,1.3,0.387,88.1,27,33.6
SKU007,79,1034.16,1.7,0.372,89.6,21,33.6
SKU007,80,773.51,3.5,0.354,81.2,26,38.2
SKU007,81,1117.71,1.1,0.374,84.1,22,38.6
SKU007,82,727.34,3.6,0.334,81.5,19,36.7
SKU007,83,831.58,4.5,0.356,82.3,23,44.4
SKU007,84,1065.62,1.7,0.381,90.6,21,40.3
SKU007,85,1300.4,1.8,0.336,81.7,24,34.8
SKU007,86,773.06,1.6,0.362,84.3,20,39.6
SKU007,87,715.05,2.3,0.368,83.4,26,32.6
SKU007,88,1268.01,4.0,0.347,87.5,24,37.2
SKU007,89,777.78,2.7,0.372,82.6,22,46.8
SKU007,90,914.75,1.0,0.371,91.2,22,41.1
SKU007,91,1136.09,4.1,0.385,85.4,15,38.1
SKU007,92,1299.98,3.4,0.395,81.1,23,45.2
SKU007,93,1041.36,2.5,0.365,85.4,21,44.7
SKU007,94,823.07,3.9,0.323,89.2,23,44.2
SKU007,95,1259.02,4.3,0.392,84.8,19,46.9
SKU007,96,875.38,1.9,0.373,87.6,20,35.5
SKU007,97,853.95,3.7,0.396,90.4,22,33.6
SKU007,98,831.98,4.3,0.357,89.9,21,41.8
SKU007,99,956.29,3.3,0.376,84.1,21,35.5
SKU007,100,836.59,4.5,0.397,82.6,22,47.1
SKU007,101,673.68,2.4,0.387,89.7,18,33.3
SKU007,102,621.09,1.0,0.356,84.2,23,42.8
SKU007,103,1033.5,1.1,0.356,86.3,28,43.7
SKU007,104,1211.19,3.2,0.364,87.9,22,42.7
SKU007,105,1358.08,1.9,0.356,86.3,19,38.5
SKU007,106,753.1,3.3,0.375,90.1,20,41.2
SKU007,107,797.16,3.6,0.37,82.5,22,36.9
SKU007,108,1423.18,4.5,0.386,83.5,21,46.4
SKU007,109,1087.97,1.6,0.391,90.3,18,40.0
SKU007,110,1087.28,2.9,0.364,84.1,26,34.7
SKU007,111,809.04,0.9,0.358,89.0,22,37.4
SKU007,112,819.47,4.0,0.351,83.9,26,32.6
SKU007,113,1416.48,1.8,0.352,81.1,23,41.8
SKU007,114,1012.75,2.0,0.385,83.5,21,44.7
SKU007,115,851.64,2.3,0.344,86.7,25,36.0
SKU007,116,1254.61,2.7,0.365,84.1,21,43.1
SKU007,117,1161.99,4.2,0.377,86.9,20,40.1
SKU007,118,853.67,1.5,0.367,81.9,22,45.3
SKU007,119,999.45,3.5,0.407,90.3,25,34.7
SKU007,120,1524.4,3.1,0.372,86.8,19,41.8
SKU007,121,739.13,3.2,0.37,87.8,24,34.0
SKU007,122,1449.29,3.6,0.386,85.0,25,38.0
SKU007,123,908.09,1.5,0.384,88.8,23,40.3
SKU007,124,1495.26,0.7,0.353,82.5,25,37.2
SKU007,125,1164.29,3.5,0.36,83.7,18,43.4
SKU007,126,1474.41,1.8,0.339,82.8,22,37.2
SKU007,127,1254.6,2.8,0.372,83.1,21,36.3
SKU007,128,1298.0,1.0,0.381,80.3,24,35.1
SKU007,129,770.92,3.3,0.35,86.2,22,34.9
SKU007,130,1579.12,1.7,0.367,90.1,27,44.1
SKU007,131,1585.74,1.6,0.329,83.7,27,37.5
SKU007,132,748.87,3.8,0.351,89.8,24,38.9
SKU007,133,1017.03,4.4,0.344,84.0,23,45.9
SKU007,134,1105.0,4.3,0.35,85.9,19,39.2
SKU007,135,1007.94,2.5,0.363,84.5,22,41.8
SKU007,136,1323.18,4.5,0.358,85.9,24,35.3
SKU007,137,1401.31,4.3,0.351,79.9,21,33.8
SKU007,138,837.68,4.3,0.36,91.6,21,39.6
SKU007,139,1151.37,1.1,0.35,87.5,25,45.9
SKU007,140,870.59,3.4,0.343,90.7,24,33.6
SKU007,141,1547.02,1.9,0.371,84.7,21,40.5
SKU007,142,1646.11,1.9,0.384,85.5,21,45.7
SKU007,143,1466.22,1.9,0.363,89.1,22,45.1
SKU007,144,1151.61,1.8,0.337,81.2,21,42.9
SKU007,145,916.49,1.7,0.381,85.2,20,46.0
SKU007,146,828.87,1.0,0.378,90.9,24,46.6
SKU007,147,804.89,2.7,0.39,79.7,20,37.0
SKU007,148,1649.65,2.8,0.36,84.7,27,41.8
SKU007,149,821.56,4.1,0.35,84.6,21,46.6
SKU007,150,1396.0,1.3,0.387,80.1,20,45.9
SKU007,151,1385.41,3.7,0.36,82.1,26,44.4
SKU007,152,1428.06,2.7,0.373,89.2,21,38.6
SKU007,153,793.27,3.0,0.367,90.8,23,44.5
SKU007,154,715.67,1.8,0.371,91.2,21,39.0
SKU007,155,921.2,3.6,0.36,81.7,20,37.3
SKU007,156,1572.25,3.0,0.37,85.0,24,33.7
SKU007,157,916.07,3.0,0.337,83.7,20,43.9
SKU007,158,979.88,1.9,0.344,83.3,26,45.2
SKU007,159,1401.41,1.0,0.401,91.4,16,47.1
SKU007,160,1486.81,2.4,0.344,89.3,23,42.5
SKU007,161,953.41,1.7,0.373,80.5,23,46.6
SKU007,162,831.84,3.3,0.362,88.1,26,44.2
SKU007,163,1471.26,4.0,0.348,90.6,23,39.6
SKU007,164,1512.93,4.6,0.37,82.0,26,33.3
SKU007,165,1062.57,0.8,0.353,81.2,26,46.8
SKU007,166,1411.96,2.4,0.4,86.1,20,42.8
SKU007,167,749.82,4.3,0.377,81.7,24,35.3
SKU007,168,731.63,3.0,0.368,90.3,20,34.8
SKU007,169,1165.68,1.3,0.369,88.0,18,32.4
SKU007,170,1271.86,0.8,0.378,89.9,20,32.6
SKU007,171,1004.1,4.1,0.371,87.8,23,32.9
SKU007,172,942.87,4.3,0.332,85.9,20,44.8
SKU007,173,939.96,0.8,0.354,91.6,16,41.1
SKU007,174,1270.33,2.6,0.373,89.0,20,40.2
SKU007,175,842.16,2.0,0.364,87.3,24,42.1
SKU007,176,1107.61,1.4,0.389,83.3,21,42.3
SKU007,177,1083.52,3.4,0.378,83.3,25,42.0
SKU007,178,1375.7,1.9,0.377,88.9,23,41.7
SKU007,179,1023.43,3.2,0.346,85.2,21,44.8
SKU007,180,797.07,1.0,0.363,87.1,22,42.0
SKU008,1,739.77,6.4,0.306,68.1,14,58.9
SKU008,2,1006.35,6.8,0.307,72.8,18,64.3
SKU008,3,895.18,6.3,0.329,68.8,19,49.8
SKU008,4,549.85,1.6,0.302,79.2,18,56.1
SKU008,5,511.19,5.2,0.334,70.4,19,60.1
SKU008,6,928.62,3.1,0.348,67.6,25,55.6
SKU008,7,995.12,6.7,0.327,68.5,11,57.2
SKU008,8,866.35,4.2,0.302,76.6,18,48.9
SKU008,9,1042.98,2.7,0.316,72.8,20,62.2
SKU008,10,654.99,5.8,0.281,72.1,16,50.9
SKU008,11,529.63,4.6,0.304,70.7,18,48.9
SKU008,12,971.83,3.4,0.29,75.9,18,51.5
SKU008,13,982.55,1.8,0.31,70.1,16,62.5
SKU008,14,866.33,3.1,0.347,76.2,13,60.3
SKU008,15,899.51,4.6,0.306,67.6,16,49.2
SKU008,16,627.89,5.7,0.32,78.7,15,50.5
SKU008,17,662.23,4.4,0.32,69.4,19,57.5
SKU008,18,840.13,3.4,0.324,74.4,17,61.8
SKU008,19,1155.23,6.4,0.327,67.9,19,60.9
SKU008,20,1100.21,1.1,0.305,68.3,15,60.4
SKU008,21,864.99,6.1,0.302,75.3,16,58.9
SKU008,22,1008.37,4.5,0.323,76.9,15,53.4
SKU008,23,1067.83,2.5,0.305,68.6,19,45.2
SKU008,24,980.82,6.3,0.296,67.8,21,61.1
SKU008,25,710.74,1.9,0.317,71.2,13,46.9
SKU008,26,669.82,1.3,0.316,74.4,25,63.5
SKU008,27,912.09,6.8,0.333,71.0,23,59.6
SKU008,28,912.79,2.7,0.314,69.7,21,45.3
SKU008,29,1068.33,6.1,0.333,76.8,16,54.8
SKU008,30,1108.38,5.8,0.313,78.8,17,51.9
SKU008,31,890.8,4.0,0.303,77.7,18,47.6
SKU008,32,542.29,2.2,0.325,74.7,16,57.9
SKU008,33,992.79,5.4,0.328,76.6,22,63.6
SKU008,34,1089.37,1.2,0.318,71.1,14,55.9
SKU008,35,532.75,4.3,0.334,70.1,14,62.4
SKU008,36,761.22,4.9,0.349,73.0,18,64.0
SKU008,37,765.35,3.7,0.336,71.8,19,59.9
SKU008,38,644.04,1.8,0.337,77.6,17,47.6
SKU008,39,517.5,3.5,0.325,74.6,15,53.9
SKU008,40,608.53,1.9,0.317,73.1,19,47.6
SKU008,41,889.85,3.5,0.297,70.7,15,57.0
SKU008,42,514.39,4.4,0.333,69.8,16,63.8
SKU008,43,1096.6,3.3,0.328,72.7,16,60.9
SKU008,44,1128.55,4.1,0.326,74.5,11,64.5
SKU008,45,661.88,2.2,0.322,74.8,18,54.3
SKU008,46,773.25,6.0,0.298,75.8,16,51.3
SKU008,47,533.02,3.9,0.342,79.3,14,50.6
SKU008,48,1074.15,5.0,0.327,72.6,22,57.1
SKU008,49,882.94,5.1,0.293,75.9,14,56.5
SKU008,50,631.4,7.0,0.292,73.8,20,63.4
SKU008,51,835.61,7.1,0.332,68.0,20,45.2
SKU008,52,637.34,1.2,0.303,76.4,12,59.0
SKU008,53,544.5,4.9,0.32,67.6,17,55.3
SKU008,54,798.74,2.3,0.344,68.0,22,57.2
SKU008,55,511.24,6.5,0.313,76.1,17,62.2
SKU008,56,728.77,5.1,0.315,72.1,20,45.4
SKU008,57,638.43,1.5,0.31,72.7,20,56.4
SKU008,58,592.87,3.6,0.32,74.4,21,62.6
SKU008,59,487.17,2.3,0.349,77.0,17,63.2
SKU008,60,519.3,1.9,0.318,67.7,18,50.7
SKU008,61,673.75,6.2,0.324,79.0,10,52.3
SKU008,62,744.7,3.5,0.313,67.8,17,63.8
SKU008,63,663.72,1.8,0.353,74.7,14,51.6
SKU008,64,595.19,5.8,0.294,72.3,18,56.5
SKU008,65,825.79,3.5,0.324,74.3,17,51.7
SKU008,66,561.47,3.7,0.298,69.0,23,58.5
SKU008,67,692.37,5.3,0.293,67.9,17,60.7
SKU008,68,508.55,3.2,0.324,76.0,17,45.7
SKU008,69,501.3,3.9,0.342,77.9,19,52.2
SKU008,70,880.3,5.2,0.304,76.9,21,61.0
SKU008,71,669.06,4.6,0.333,76.1,19,51.2
SKU008,72,774.15,1.1,0.31,70.8,16,56.1
SKU008,73,716.56,6.7,0.313,69.5,21,58.1
SKU008,74,579.23,5.1,0.296,71.3,14,58.3
SKU008,75,574.68,1.8,0.309,69.2,17,58.1
SKU008,76,657.73,4.0,0.326,76.6,14,53.1
SKU008,77,660.28,1.2,0.307,76.1,13,52.0
SKU008,78,772.66,6.7,0.317,68.2,22,53.0
SKU008,79,864.81,2.9,0.325,73.7,21,47.8
SKU008,80,410.46,6.5,0.295,78.7,20,60.2
SKU008,81,420.97,5.9,0.307,72.5,18,51.0
SKU008,82,525.64,1.5,0.291,72.7,13,48.4
SKU008,83,643.08,3.0,0.297,77.8,19,53.4
SKU008,84,736.15,4.7,0.321,74.4,19,52.8
SKU008,85,724.91,4.4,0.293,78.6,18,59.2
SKU008,86,832.77,1.1,0.34,75.0,17,57.9
SKU008,87,666.15,3.2,0.302,77.1,23,54.4
SKU008,88,694.82,2.0,0.318,78.3,21,61.5
SKU008,89,566.64,4.7,0.334,76.2,18,53.6
SKU008,90,747.6,3.3,0.333,77.3,13,60.8
SKU008,91,407.38,7.0,0.328,72.2,19,58.4
SKU008,92,504.55,5.6,0.347,71.9,19,48.4
SKU008,93,603.87,6.5,0.323,72.8,18,55.7
SKU008,94,689.61,4.2,0.313,71.6,17,55.1
SKU008,95,694.38,4.7,0.328,78.9,16,54.1
SKU008,96,589.86,6.9,0.317,71.6,14,44.8
SKU008,97,510.79,4.7,0.325,69.4,13,57.3
SKU008,98,677.91,5.2,0.303,77.4,14,52.2
SKU008,99,528.86,3.9,0.306,74.8,19,55.1
SKU008,100,526.59,3.0,0.294,67.7,19,51.7
SKU008,101,944.74,3.4,0.31,72.3,18,58.7
SKU008,102,916.1,4.7,0.328,77.6,16,62.5
SKU008,103,451.2,4.0,0.303,68.6,19,47.5
SKU008,104,761.38,5.1,0.332,73.2,16,57.1
SKU008,105,750.45,2.2,0.317,74.9,15,61.1
SKU008,106,729.81,1.6,0.303,73.0,22,50.2
SKU008,107,533.82,2.9,0.344,76.9,18,59.9
SKU008,108,785.81,1.6,0.297,69.0,20,58.2
SKU008,109,660.27,3.7,0.337,69.0,26,53.2
SKU008,110,756.36,2.4,0.334,75.4,16,53.6
SKU008,111,602.97,1.4,0.339,76.8,18,58.0
SKU008,112,645.28,7.0,0.347,70.7,22,47.0
SKU008,113,791.53,4.2,0.31,67.6,21,62.2
SKU008,114,885.7,1.3,0.312,78.3,23,47.8
SKU008,115,583.43,6.9,0.316,73.9,18,56.8
SKU008,116,891.74,6.0,0.261,70.7,22,52.2
SKU008,117,532.9,3.5,0.312,78.8,26,49.2
SKU008,118,661.15,4.8,0.303,74.0,16,64.1
SKU008,119,1078.26,1.4,0.318,77.5,16,62.6
SKU008,120,725.63,4.3,0.324,67.8,20,58.3
SKU008,121,630.69,2.5,0.329,75.7,16,50.6
SKU008,122,575.33,5.7,0.296,78.5,18,56.7
SKU008,123,975.29,2.6,0.311,79.4,14,54.5
SKU008,124,747.72,6.6,0.337,70.4,17,63.0
SKU008,125,1111.83,4.5,0.301,68.7,14,45.8
SKU008,126,891.33,2.4,0.278,76.7,19,47.4
SKU008,127,1013.29,2.1,0.305,73.3,13,48.2
SKU008,128,827.2,4.8,0.283,76.8,14,45.9
SKU008,129,751.78,3.1,0.29,76.4,25,63.6
SKU008,130,742.05,4.1,0.322,73.1,17,49.3
SKU008,131,704.94,3.7,0.338,72.4,20,56.3
SKU008,132,1092.78,2.8,0.351,79.0,20,54.1
SKU008,133,894.19,5.5,0.32,73.4,17,64.6
SKU008,134,588.18,1.9,0.322,79.3,13,50.1
SKU008,135,823.09,1.9,0.296,68.2,21,57.0
SKU008,136,870.28,4.2,0.342,77.9,19,52.8
SKU008,137,626.6,3.5,0.345,77.5,20,53.4
SKU008,138,597.18,5.2,0.284,71.5,15,45.0
SKU008,139,1073.52,1.8,0.31,72.6,17,62.3
SKU008,140,994.67,2.2,0.293,67.6,17,59.4
SKU008,141,687.41,4.9,0.311,78.0,21,62.1
SKU008,142,679.73,5.4,0.308,79.1,12,44.6
SKU008,143,796.11,1.6,0.296,77.7,21,55.5
SKU008,144,1129.91,5.7,0.34,71.9,21,51.9
SKU008,145,790.69,3.4,0.312,76.0,19,45.9
SKU008,146,586.3,6.8,0.311,69.3,15,61.2
SKU008,147,973.26,6.1,0.268,75.3,20,57.1
SKU008,148,748.17,3.8,0.33,73.1,20,50.8
SKU008,149,827.23,5.3,0.328,77.1,15,51.5
SKU008,150,1054.65,4.5,0.339,76.3,19,59.1
SKU008,151,938.78,5.6,0.34,67.5,16,49.1
SKU008,152,586.22,5.3,0.351,67.4,20,45.5
SKU008,153,1006.28,2.9,0.323,75.7,15,47.5
SKU008,154,782.27,1.4,0.295,77.2,20,61.8
SKU008,155,1037.88,2.4,0.335,69.4,14,59.3
SKU008,156,825.2,5.9,0.344,75.5,24,48.7
SKU008,157,803.62,1.9,0.311,76.2,18,62.1
SKU008,158,699.31,4.6,0.321,71.7,18,59.3
SKU008,159,608.33,3.2,0.351,78.3,19,60.4
SKU008,160,567.71,2.5,0.298,70.1,15,54.3
SKU008,161,576.5,2.7,0.307,73.2,18,59.3
SKU008,162,625.1,3.7,0.31,71.9,14,54.2
SKU008,163,648.67,3.0,0.317,67.8,17,57.6
SKU008,164,943.18,5.2,0.3,76.2,22,59.9
SKU008,165,917.06,2.1,0.29,72.7,18,63.8
SKU008,166,492.67,3.4,0.336,78.7,18,59.0
SKU008,167,472.98,4.9,0.303,70.5,16,51.3
SKU008,168,723.56,4.6,0.358,73.0,17,47.8
SKU008,169,1041.92,1.3,0.352,78.3,19,48.7
SKU008,170,612.35,1.2,0.325,73.8,19,64.0
SKU008,171,512.54,4.0,0.325,76.7,17,52.6
SKU008,172,663.02,3.3,0.303,72.7,19,51.2
SKU008,173,569.09,4.2,0.357,78.1,17,50.6
SKU008,174,603.62,4.7,0.31,68.6,19,49.9
SKU008,175,976.64,2.5,0.321,68.0,21,48.3
SKU008,176,961.04,1.6,0.335,78.4,21,50.3
SKU008,177,461.45,5.7,0.299,69.7,17,60.7
SKU008,178,433.77,5.2,0.341,70.2,20,60.5
SKU008,179,972.96,4.9,0.336,71.9,18,63.4
SKU008,180,602.24,4.9,0.32,68.0,18,64.3
SKU009,1,1649.5,5.5,0.342,74.5,23,40.2
SKU009,2,2112.91,6.4,0.327,71.6,23,37.6
SKU009,3,2897.06,6.3,0.347,75.4,19,29.1
SKU009,4,2108.84,3.6,0.301,77.3,22,29.8
SKU009,5,3075.1,4.7,0.298,72.0,24,40.6
SKU009,6,1870.06,5.2,0.328,72.1,18,39.2
SKU009,7,2792.63,1.0,0.315,73.7,22,32.1
SKU009,8,1623.45,6.3,0.351,76.9,11,38.0
SKU009,9,2452.52,5.9,0.338,79.3,15,37.7
SKU009,10,1634.48,4.8,0.323,77.6,28,32.7
SKU009,11,3199.26,1.1,0.345,81.7,18,39.7
SKU009,12,2329.38,4.0,0.33,72.0,28,29.2
SKU009,13,2315.92,1.6,0.316,74.7,22,30.2
SKU009,14,3269.23,6.2,0.316,81.6,20,39.7
SKU009,15,2612.79,2.1,0.321,75.8,21,33.4
SKU009,16,1563.93,3.1,0.327,71.8,22,36.6
SKU009,17,2131.64,5.1,0.329,72.8,21,31.3
SKU009,18,3268.33,3.8,0.305,72.3,25,37.1
SKU009,19,2046.51,5.4,0.331,77.3,21,39.8
SKU009,20,2241.03,4.8,0.305,75.2,23,35.4
SKU009,21,1948.6,2.4,0.306,80.9,21,38.3
SKU009,22,2660.21,5.9,0.332,78.6,22,34.1
SKU009,23,1893.02,1.4,0.341,74.8,23,36.9
SKU009,24,2910.39,5.9,0.313,70.7,22,31.3
SKU009,25,2679.68,1.4,0.33,72.7,19,29.0
SKU009,26,2704.35,2.7,0.354,82.0,20,38.3
SKU009,27,3120.96,6.0,0.325,70.9,25,29.7
SKU009,28,2998.93,5.0,0.286,71.0,20,34.1
SKU009,29,2766.34,3.5,0.363,70.6,24,29.8
SKU009,30,2444.5,5.4,0.345,74.6,26,34.7
SKU009,31,2273.06,1.1,0.321,72.9,26,36.0
SKU009,32,2861.52,1.3,0.325,77.6,19,38.1
SKU009,33,1997.67,3.1,0.327,74.7,22,32.2
SKU009,34,3091.84,5.0,0.311,76.5,21,38.1
SKU009,35,2672.4,2.5,0.322,74.7,21,38.4
SKU009,36,2251.89,3.8,0.299,73.4,24,38.3
SKU009,37,3263.88,1.0,0.309,71.1,15,28.7
SKU009,38,1712.28,4.6,0.334,75.5,24,30.0
SKU009,39,3353.05,3.2,0.348,77.3,23,29.3
SKU009,40,3283.91,5.9,0.271,79.9,21,28.1
SKU009,41,3156.82,5.7,0.303,77.5,18,39.1
SKU009,42,3139.13,2.9,0.337,73.1,22,31.1
SKU009,43,3070.03,2.2,0.359,78.8,25,31.6
SKU009,44,2630.93,5.0,0.323,77.4,19,33.2
SKU009,45,3063.44,2.2,0.336,80.9,23,35.8
SKU009,46,2378.82,2.8,0.309,80.6,20,28.2
SKU009,47,1765.49,3.5,0.316,73.7,22,30.3
SKU009,48,1785.38,2.6,0.313,75.1,26,34.6
SKU009,49,1612.53,5.0,0.336,72.3,25,35.7
SKU009,50,2717.52,2.4,0.339,75.0,20,31.1
SKU009,51,2227.42,4.4,0.337,82.1,18,38.8
SKU009,52,1603.99,2.7,0.321,78.2,22,32.9
SKU009,53,2662.38,1.2,0.334,73.9,19,39.5
SKU009,54,3082.16,2.7,0.315,80.5,19,39.3
SKU009,55,1644.86,1.6,0.346,78.0,24,30.4
SKU009,56,2227.07,5.4,0.307,82.0,17,32.1
SKU009,57,2788.36,2.0,0.338,77.2,21,29.2
SKU009,58,3005.48,4.2,0.311,74.2,18,38.0
SKU009,59,2361.82,6.3,0.295,80.0,25,29.0
SKU009,60,2278.73,6.2,0.314,73.3,18,33.0
SKU009,61,2931.35,6.1,0.328,74.9,24,33.0
SKU009,62,1956.25,4.2,0.344,73.0,23,35.8
SKU009,63,1890.55,1.4,0.324,78.3,19,34.4
SKU009,64,1517.97,2.7,0.304,73.2,22,29.9
SKU009,65,3056.56,2.0,0.311,71.1,20,38.6
SKU009,66,1788.36,5.8,0.322,73.1,26,31.8
SKU009,67,1337.88,1.6,0.316,72.6,19,40.8
SKU009,68,1354.06,4.7,0.344,82.0,23,30.0
SKU009,69,2446.53,1.0,0.339,79.8,23,40.1
SKU009,70,2818.89,3.9,0.346,71.1,23,38.5
SKU009,71,1684.16,6.0,0.322,79.9,22,29.9
SKU009,72,2397.45,3.3,0.326,73.9,17,40.1
SKU009,73,2794.4,3.6,0.344,76.3,17,37.0
SKU009,74,2006.74,4.1,0.319,76.7,19,29.7
SKU009,75,2422.3,4.1,0.306,77.2,24,28.1
SKU009,76,2381.16,1.4,0.317,76.3,26,39.5
SKU009,77,1786.91,3.9,0.317,79.0,22,36.9
SKU009,78,2652.95,2.9,0.338,75.1,22,40.3
SKU009,79,1974.03,3.2,0.332,75.4,18,33.8
SKU009,80,1389.23,2.1,0.318,71.7,18,39.0
SKU009,81,2598.74,5.7,0.348,77.9,24,39.4
SKU009,82,2308.49,4.1,0.313,76.0,20,39.3
SKU009,83,1956.46,2.8,0.348,77.8,18,34.7
SKU009,84,1796.41,2.4,0.282,71.2,23,32.5
SKU009,85,1583.0,6.3,0.319,78.2,20,29.3
SKU009,86,2241.1,3.3,0.333,81.3,25,38.4
SKU009,87,2187.79,1.0,0.36,75.3,23,31.2
SKU009,88,2087.16,1.0,0.327,73.7,22,37.4
SKU009,89,2356.03,6.4,0.322,79.0,16,31.0
SKU009,90,2874.73,4.8,0.316,73.9,16,40.2
SKU009,91,2452.79,3.6,0.342,71.8,23,31.0
SKU009,92,1959.46,6.0,0.323,73.6,24,37.6
SKU009,93,1672.64,5.2,0.326,80.9,21,35.1
SKU009,94,2335.91,6.0,0.31,75.0,22,34.0
SKU009,95,2488.66,5.6,0.305,80.5,17,33.2
SKU009,96,1730.95,6.3,0.325,72.2,23,37.8
SKU009,97,2033.16,1.8,0.342,76.4,19,28.3
SKU009,98,2517.74,6.2,0.337,79.3,22,33.0
SKU009,99,1506.69,2.5,0.335,74.3,26,38.4
SKU009,100,1625.88,5.0,0.303,78.0,26,29.6
SKU009,101,2197.12,1.1,0.325,72.6,17,31.8
SKU009,102,2950.82,6.2,0.296,73.9,21,37.8
SKU009,103,2905.92,4.9,0.322,75.3,25,36.5
SKU009,104,2133.62,2.4,0.332,71.5,19,29.1
SKU009,105,2225.72,2.1,0.353,79.4,20,38.2
SKU009,106,2549.87,6.3,0.325,79.9,17,34.5
SKU009,107,2857.19,4.9,0.317,74.7,23,30.8
SKU009,108,2668.02,5.4,0.307,72.3,19,34.5
SKU009,109,1735.85,5.8,0.298,77.2,23,32.2
SKU009,110,2059.08,2.8,0.324,73.6,19,34.0
SKU009,111,3162.89,2.7,0.349,75.8,18,36.1
SKU009,112,2197.63,5.2,0.317,81.1,25,39.6
SKU009,113,2470.29,1.2,0.31,77.4,20,33.9
SKU009,114,1902.74,2.6,0.317,75.5,21,36.4
SKU009,115,1623.31,3.8,0.34,76.3,24,29.2
SKU009,116,2500.61,5.9,0.282,70.4,18,36.1
SKU009,117,1611.1,5.3,0.347,71.2,26,34.2
SKU009,118,1661.16,5.4,0.323,82.2,23,36.4
SKU009,119,1564.85,2.7,0.346,81.3,22,29.3
SKU009,120,3117.68,2.4,0.351,81.5,23,35.8
SKU009,121,2398.02,3.0,0.29,72.9,28,30.5
SKU009,122,2556.11,2.3,0.312,71.5,19,32.7
SKU009,123,1611.89,4.8,0.333,81.1,25,36.4
SKU009,124,2628.21,4.4,0.311,73.9,23,34.7
SKU009,125,3214.58,3.1,0.308,81.3,22,30.0
SKU009,126,1907.88,3.4,0.337,76.3,25,37.6
SKU009,127,3251.6,2.8,0.338,77.5,25,34.6
SKU009,128,2842.61,4.7,0.326,75.1,29,36.9
SKU009,129,2871.34,5.9,0.327,73.4,26,33.6
SKU009,130,2264.07,2.4,0.341,78.1,23,34.1
SKU009,131,1755.16,2.8,0.309,72.4,22,36.7
SKU009,132,3501.23,3.6,0.336,73.7,21,29.9
SKU009,133,1913.53,6.1,0.353,74.5,24,35.8
SKU009,134,3565.76,6.3,0.33,72.1,23,30.8
SKU009,135,2502.64,4.3,0.335,76.3,21,34.3
SKU009,136,3569.54,4.8,0.32,72.7,22,37.9
SKU009,137,2504.23,3.1,0.336,73.9,17,37.3
SKU009,138,3546.49,5.0,0.318,75.1,19,39.8
SKU009,139,1592.57,4.0,0.325,74.8,19,37.8
SKU009,140,3082.63,6.2,0.331,77.4,19,38.1
SKU009,141,2524.17,1.9,0.306,71.0,18,34.5
SKU009,142,1908.36,5.5,0.303,73.5,22,30.7
SKU009,143,2188.47,2.3,0.343,78.8,19,34.2
SKU009,144,3626.07,1.3,0.308,71.4,23,38.5
SKU009,145,3283.57,5.9,0.3,81.5,19,35.4
SKU009,146,2880.89,3.2,0.341,81.0,24,40.6
SKU009,147,2661.43,5.1,0.314,72.7,21,28.1
SKU009,148,3048.84,4.3,0.301,78.2,25,36.4
SKU009,149,2119.63,4.9,0.335,72.6,22,30.9
SKU009,150,2616.4,4.3,0.342,80.7,21,37.8
SKU009,151,1644.56,3.8,0.332,76.5,20,36.7
SKU009,152,3445.37,2.8,0.322,75.2,20,39.7
SKU009,153,1755.52,1.6,0.359,70.6,17,34.9
SKU009,154,1587.47,3.1,0.343,81.5,20,34.7
SKU009,155,3046.36,5.1,0.337,77.9,26,31.1
SKU009,156,3331.54,4.6,0.29,70.4,24,28.4
SKU009,157,3210.52,3.1,0.341,76.7,23,28.2
SKU009,158,2007.56,5.5,0.346,74.4,22,37.9
SKU009,159,1776.31,6.2,0.317,74.7,23,34.7
SKU009,160,2080.86,5.0,0.316,75.8,22,30.3
SKU009,161,2570.32,3.8,0.348,71.7,20,31.0
SKU009,162,1769.73,3.0,0.358,70.6,23,39.6
SKU009,163,2456.67,1.0,0.324,70.9,17,36.1
SKU009,164,1582.42,3.5,0.321,70.8,24,37.4
SKU009,165,2927.52,5.9,0.322,73.9,17,37.9
SKU009,166,2992.44,2.8,0.326,75.3,20,39.8
SKU009,167,2543.36,2.7,0.33,77.8,17,36.9
SKU009,168,1726.14,1.0,0.293,71.8,24,30.8
SKU009,169,2042.15,4.9,0.304,75.1,22,37.3
SKU009,170,2362.06,3.6,0.317,71.7,19,35.0
SKU009,171,2672.06,3.7,0.349,71.4,22,40.3
SKU009,172,2670.32,1.5,0.315,72.1,23,35.6
SKU009,173,2723.94,2.1,0.29,75.2,19,35.8
SKU009,174,2803.34,4.9,0.327,79.3,23,39.3
SKU009,175,1468.73,4.7,0.331,74.2,21,35.8
SKU009,176,2262.08,3.2,0.329,82.2,24,33.4
SKU009,177,1467.71,3.5,0.314,79.3,19,34.7
SKU009,178,2441.35,5.7,0.344,72.4,25,39.6
SKU009,179,2564.73,5.5,0.268,76.2,22,33.6
SKU009,180,2632.65,5.0,0.321,79.5,22,37.0
SKU010,1,3306.95,2.6,0.359,87.0,18,46.4
SKU010,2,3438.03,2.6,0.333,84.6,20,55.0
SKU010,3,3481.33,5.2,0.352,83.0,19,43.3
SKU010,4,2863.74,5.1,0.346,82.8,21,58.2
SKU010,5,3783.37,4.3,0.382,89.6,19,57.8
SKU010,6,4583.85,7.6,0.352,91.5,16,43.5
SKU010,7,4242.51,7.5,0.38,84.0,12,56.9
SKU010,8,3502.63,1.3,0.324,91.6,21,57.3
SKU010,9,4890.3,5.6,0.339,89.2,11,49.3
SKU010,10,4311.0,7.3,0.357,85.9,14,54.7
SKU010,11,3217.45,5.9,0.33,83.1,15,56.6
SKU010,12,4742.02,5.4,0.342,82.7,16,55.9
SKU010,13,4590.83,6.4,0.333,86.5,20,57.0
SKU010,14,3130.02,2.3,0.348,92.4,16,56.9
SKU010,15,3386.28,3.8,0.336,86.3,14,48.1
SKU010,16,4108.97,5.7,0.364,83.9,20,56.5
SKU010,17,3530.66,3.3,0.302,83.1,18,60.2
SKU010,18,3977.41,4.5,0.324,92.0,13,55.4
SKU010,19,4013.52,1.2,0.337,90.9,14,52.9
SKU010,20,4980.45,2.1,0.338,89.2,11,61.1
SKU010,21,2846.97,1.9,0.373,86.4,9,59.7
SKU010,22,4210.36,3.2,0.348,83.8,12,53.5
SKU010,23,2704.98,5.8,0.373,85.4,17,51.6
SKU010,24,4546.66,1.9,0.302,92.2,17,50.3
SKU010,25,3438.82,1.7,0.334,87.0,13,58.9
SKU010,26,3081.22,6.5,0.329,83.2,15,53.7
SKU010,27,3910.33,4.2,0.319,92.7,13,44.8
SKU010,28,3755.68,2.3,0.351,84.3,16,51.1
SKU010,29,3920.96,6.0,0.324,87.9,11,55.5
SKU010,30,5056.94,3.6,0.336,89.0,12,50.0
SKU010,31,4961.15,4.3,0.349,82.8,17,50.2
SKU010,32,4440.8,7.2,0.338,89.1,17,60.2
SKU010,33,2588.52,5.1,0.366,89.7,15,51.5
SKU010,34,5249.45,3.1,0.357,91.1,15,56.5
SKU010,35,3187.19,2.9,0.346,91.6,16,50.9
SKU010,36,3098.15,5.8,0.361,91.1,16,49.0
SKU010,37,3383.46,7.4,0.356,86.6,15,57.8
SKU010,38,4127.24,5.9,0.353,90.7,20,60.7
SKU010,39,3040.64,6.6,0.341,82.9,13,55.4
SKU010,40,5273.19,1.4,0.348,81.3,17,57.3
SKU010,41,2937.39,7.2,0.312,91.4,15,44.1
SKU010,42,2749.94,2.9,0.351,86.4,11,58.8
SKU010,43,4228.47,4.6,0.367,91.2,19,52.8
SKU010,44,3348.61,4.8,0.321,88.4,12,44.8
SKU010,45,4256.29,2.1,0.345,80.9,15,48.0
SKU010,46,2855.45,5.5,0.363,85.6,16,44.1
SKU010,47,3173.36,4.5,0.339,87.0,15,59.9
SKU010,48,3180.5,6.9,0.352,88.6,19,45.5
SKU010,49,3057.66,7.2,0.325,82.1,13,46.4
SKU010,50,4323.45,5.5,0.323,81.2,14,48.4
SKU010,51,2610.0,2.1,0.311,83.8,16,58.1
SKU010,52,3622.7,6.6,0.331,85.0,16,45.6
SKU010,53,2487.48,6.7,0.352,86.2,19,53.3
SKU010,54,4252.52,2.7,0.359,89.9,18,55.9
SKU010,55,4882.7,2.9,0.342,87.4,14,46.3
SKU010,56,2289.99,6.4,0.323,87.6,16,52.8
SKU010,57,4601.99,5.9,0.38,85.1,14,46.3
SKU010,58,3941.33,5.8,0.334,89.5,22,49.5
SKU010,59,4688.31,2.0,0.318,86.8,15,46.3
SKU010,60,3138.67,3.9,0.346,83.1,18,50.7
SKU010,61,3249.73,2.4,0.347,86.2,15,49.0
SKU010,62,3855.98,1.4,0.328,87.4,10,50.4
SKU010,63,3979.77,3.1,0.33,89.8,16,60.2
SKU010,64,4554.51,3.0,0.339,81.7,15,55.2
SKU010,65,4084.23,2.9,0.366,85.3,14,46.8
SKU010,66,3585.72,5.6,0.316,82.7,14,55.3
SKU010,67,3457.37,6.4,0.352,85.7,18,49.8
SKU010,68,2664.96,7.4,0.36,90.1,21,52.0
SKU010,69,3601.94,3.3,0.337,82.5,13,42.4
SKU010,70,2335.08,3.8,0.356,85.0,19,42.0
SKU010,71,3134.69,3.6,0.347,82.8,15,42.7
SKU010,72,4286.91,6.4,0.325,91.0,19,47.2
SKU010,73,3967.74,2.4,0.316,81.6,16,43.1
SKU010,74,3760.1,6.4,0.307,82.1,13,54.9
SKU010,75,3833.17,7.0,0.321,81.7,18,57.2
SKU010,76,3582.68,6.7,0.368,92.4,12,51.8
SKU010,77,3880.09,6.2,0.354,91.9,10,58.9
SKU010,78,4193.58,1.7,0.338,83.1,13,57.8
SKU010,79,3942.69,7.4,0.331,81.9,13,56.8
SKU010,80,3661.75,2.0,0.297,89.3,15,54.4
SKU010,81,2404.99,1.9,0.357,88.7,16,59.8
SKU010,82,2707.02,3.3,0.322,86.0,22,45.8
SKU010,83,2047.29,3.2,0.286,81.3,12,51.6
SKU010,84,3920.61,3.7,0.318,81.5,18,60.3
SKU010,85,2225.47,3.6,0.328,91.6,17,53.3
SKU010,86,4187.13,2.1,0.364,83.9,23,55.8
SKU010,87,3127.08,2.5,0.305,85.8,17,55.7
SKU010,88,4264.21,4.7,0.347,89.5,21,47.3
SKU010,89,2225.33,6.6,0.331,89.5,11,60.3
SKU010,90,3375.99,5.8,0.328,88.5,18,55.4
SKU010,91,2486.31,7.5,0.334,91.0,15,48.7
SKU010,92,3404.22,1.2,0.336,87.0,16,59.5
SKU010,93,2284.95,5.8,0.326,88.0,21,56.5
SKU010,94,2294.17,2.6,0.327,83.4,18,44.3
SKU010,95,3797.63,5.1,0.346,89.5,15,53.5
SKU010,96,2964.41,5.9,0.315,88.2,22,50.3
SKU010,97,2691.27,4.4,0.347,89.8,12,48.6
SKU010,98,3104.1,7.4,0.335,90.9,17,61.0
SKU010,99,2184.04,4.9,0.338,91.1,14,42.5
SKU010,100,4244.97,1.5,0.312,88.1,16,52.6
SKU010,101,2856.91,4.5,0.313,89.2,21,42.9
SKU010,102,3550.82,2.6,0.324,83.2,19,43.4
SKU010,103,3563.72,1.6,0.318,87.2,18,48.2
SKU010,104,2750.09,2.6,0.334,86.3,14,52.5
SKU010,105,4603.36,2.8,0.332,87.9,15,61.2
SKU010,106,2961.43,5.4,0.372,82.8,18,45.6
SKU010,107,4282.32,4.4,0.327,86.2,22,47.1
SKU010,108,2703.24,4.7,0.332,89.1,14,56.0
SKU010,109,3861.58,6.4,0.361,88.3,14,43.8
SKU010,110,2675.99,3.8,0.369,91.3,16,60.3
SKU010,111,4479.86,4.6,0.33,84.7,9,44.8
SKU010,112,4822.94,2.6,0.317,87.2,19,46.1
SKU010,113,3193.94,6.7,0.331,90.4,12,57.4
SKU010,114,2614.08,2.2,0.314,89.4,14,50.3
SKU010,115,2471.9,6.4,0.363,85.8,17,49.8
SKU010,116,2317.18,6.6,0.361,84.7,16,48.5
SKU010,117,2868.85,4.0,0.33,88.1,15,56.0
SKU010,118,4986.24,4.8,0.39,87.8,14,47.3
SKU010,119,4246.46,5.1,0.354,82.9,20,55.6
SKU010,120,2916.46,4.7,0.342,90.9,18,42.2
SKU010,121,4729.44,6.2,0.306,89.7,17,55.6
SKU010,122,3256.77,7.3,0.349,85.4,16,59.4
SKU010,123,2513.39,7.6,0.338,82.5,15,59.8
SKU010,124,4879.66,2.1,0.35,92.7,20,56.7
SKU010,125,2774.07,5.5,0.327,88.6,15,57.4
SKU010,126,3408.56,7.2,0.342,84.9,14,57.9
SKU010,127,4481.63,1.2,0.325,92.2,16,45.3
SKU010,128,3730.5,3.5,0.325,92.5,19,45.6
SKU010,129,4545.99,7.0,0.331,82.0,16,58.8
SKU010,130,2882.96,1.2,0.367,89.3,17,53.2
SKU010,131,3587.3,5.9,0.342,86.8,20,46.9
SKU010,132,4793.23,4.9,0.316,81.0,15,47.7
SKU010,133,4891.76,6.0,0.305,87.1,18,46.9
SKU010,134,3138.72,7.2,0.382,86.6,21,50.8
SKU010,135,4666.86,5.2,0.361,92.1,8,54.3
SKU010,136,2964.34,5.5,0.355,81.5,17,60.6
SKU010,137,3378.66,5.6,0.327,89.0,17,57.5
SKU010,138,5046.87,3.0,0.339,84.0,15,45.8
SKU010,139,2490.7,1.3,0.332,92.3,19,53.7
SKU010,140,5233.7,3.8,0.346,86.9,15,42.9
SKU010,141,4651.5,5.4,0.316,85.8,14,44.2
SKU010,142,2491.52,6.2,0.315,85.9,21,60.5
SKU010,143,2476.42,6.1,0.34,83.4,18,56.1
SKU010,144,5259.61,6.7,0.356,90.7,11,47.8
SKU010,145,2489.7,5.4,0.347,86.6,23,57.0
SKU010,146,5273.33,6.5,0.34,83.9,16,59.4
SKU010,147,3895.82,2.5,0.3,88.7,16,44.2
SKU010,148,5306.72,4.5,0.343,92.3,11,51.5
SKU010,149,4801.29,6.0,0.333,85.5,16,56.7
SKU010,150,2673.98,2.2,0.366,85.6,14,52.9
SKU010,151,4199.25,5.6,0.331,89.0,9,52.5
SKU010,152,4672.85,2.9,0.345,80.9,16,52.0
SKU010,153,4012.08,4.2,0.314,89.4,17,60.3
SKU010,154,3570.82,5.2,0.334,92.2,13,48.4
SKU010,155,3447.52,1.6,0.327,81.1,17,45.9
SKU010,156,4329.23,2.6,0.351,84.6,14,58.4
SKU010,157,4029.2,6.9,0.313,92.1,19,51.4
SKU010,158,4451.21,3.1,0.336,91.0,14,53.2
SKU010,159,2692.36,4.0,0.304,88.8,15,53.1
SKU010,160,3660.5,4.5,0.307,87.6,15,50.5
SKU010,161,3253.27,2.6,0.351,83.8,18,51.6
SKU010,162,2577.7,4.0,0.334,84.0,15,59.8
SKU010,163,2692.28,3.5,0.35,86.4,23,44.8
SKU010,164,2461.6,5.0,0.334,84.8,13,55.7
SKU010,165,4514.21,5.4,0.363,90.2,17,41.9
SKU010,166,4820.52,1.4,0.336,86.1,19,42.0
SKU010,167,2495.18,2.0,0.33,92.0,15,45.9
SKU010,168,2814.29,2.5,0.334,82.1,17,55.6
SKU010,169,2666.79,7.6,0.343,82.6,18,44.5
SKU010,170,2704.56,3.2,0.345,81.1,17,53.9
SKU010,171,2399.36,6.6,0.315,83.8,19,45.0
SKU010,172,2589.68,4.7,0.37,90.7,19,51.4
SKU010,173,4065.19,4.3,0.327,86.7,20,55.4
SKU010,174,4019.4,7.3,0.338,86.9,18,60.5
SKU010,175,4688.29,3.9,0.334,85.9,19,51.0
SKU010,176,2185.11,2.1,0.351,90.0,19,42.2
SKU010,177,2860.18,6.3,0.328,88.0,19,52.8
SKU010,178,3080.64,6.7,0.333,87.9,15,52.9
SKU010,179,4451.8,5.9,0.338,85.0,16,57.8
SKU010,180,4389.35,5.7,0.335,90.8,14,51.5
SKU011,1,2455.27,1.0,0.347,83.4,18,61.4
SKU011,2,2661.79,2.3,0.334,89.9,19,58.3
SKU011,3,2155.51,1.1,0.341,87.6,20,54.8
SKU011,4,2493.29,1.4,0.369,89.0,16,69.3
SKU011,5,2405.78,0.7,0.338,90.9,20,49.6
SKU011,6,2717.36,1.1,0.343,79.7,18,63.9
SKU011,7,2495.85,2.5,0.389,86.5,15,56.5
SKU011,8,2161.67,0.6,0.367,83.4,16,54.4
SKU011,9,1342.27,0.7,0.368,82.1,14,68.7
SKU011,10,1683.96,1.1,0.318,84.9,17,68.4
SKU011,11,1948.9,2.2,0.345,81.0,20,49.4
SKU011,12,2401.93,2.5,0.341,86.3,15,53.1
SKU011,13,2056.87,1.2,0.328,86.3,16,59.8
SKU011,14,2146.23,0.5,0.344,89.2,18,49.4
SKU011,15,2619.64,1.8,0.374,87.3,16,69.5
SKU011,16,1644.98,0.7,0.346,80.7,18,52.9
SKU011,17,1873.42,1.1,0.346,86.5,20,60.8
SKU011,18,1894.78,1.6,0.352,80.4,19,51.7
SKU011,19,2015.56,1.8,0.325,85.3,20,64.6
SKU011,20,2454.34,1.6,0.335,91.5,22,58.5
SKU011,21,1454.21,1.0,0.358,84.3,25,55.4
SKU011,22,1841.07,1.5,0.365,88.7,19,67.6
SKU011,23,1420.49,1.6,0.362,79.6,20,60.2
SKU011,24,2862.76,0.6,0.37,80.3,22,63.3
SKU011,25,1856.73,0.7,0.337,86.4,24,56.8
SKU011,26,1339.46,0.4,0.359,84.4,18,51.6
SKU011,27,1480.98,1.7,0.348,82.4,16,62.2
SKU011,28,1592.06,2.5,0.37,83.9,16,67.2
SKU011,29,2770.75,1.5,0.361,80.5,14,55.6
SKU011,30,2572.23,2.2,0.363,82.0,17,56.1
SKU011,31,1876.28,0.7,0.346,87.5,17,71.9
SKU011,32,1790.76,1.7,0.339,88.5,15,52.4
SKU011,33,2292.28,0.7,0.329,85.8,24,59.3
SKU011,34,2871.38,1.2,0.363,82.7,17,54.5
SKU011,35,2488.01,2.3,0.343,80.9,10,61.8
SKU011,36,2186.05,1.0,0.352,84.5,19,66.3
SKU011,37,2544.51,1.2,0.38,89.8,13,51.3
SKU011,38,2337.92,1.8,0.364,90.8,20,49.7
SKU011,39,1798.22,2.0,0.344,84.8,21,56.6
SKU011,40,2893.52,2.2,0.337,87.1,20,68.5
SKU011,41,1894.01,0.7,0.342,82.3,19,51.6
SKU011,42,2614.42,0.5,0.305,90.3,19,50.2
SKU011,43,2768.29,1.3,0.341,81.1,13,64.2
SKU011,44,2249.32,0.7,0.382,87.2,20,58.9
SKU011,45,1584.24,1.4,0.356,85.6,14,60.4
SKU011,46,1818.51,0.9,0.353,91.3,13,56.1
SKU011,47,1940.25,0.7,0.378,91.6,17,61.6
SKU011,48,2336.42,1.5,0.351,89.6,13,61.9
SKU011,49,1284.92,1.8,0.357,91.0,15,49.8
SKU011,50,1839.93,1.0,0.32,86.6,17,56.0
SKU011,51,1549.06,1.5,0.341,85.0,16,53.7
SKU011,52,1623.5,1.7,0.364,80.2,21,58.4
SKU011,53,1186.96,1.1,0.362,86.8,22,71.2
SKU011,54,1437.21,2.4,0.337,89.4,20,71.3
SKU011,55,1976.58,1.4,0.307,88.1,17,64.9
SKU011,56,2545.77,2.0,0.324,89.7,16,60.6
SKU011,57,1971.45,2.1,0.354,90.5,15,55.6
SKU011,58,2217.77,0.5,0.353,86.3,16,53.4
SKU011,59,2262.83,2.3,0.321,89.3,17,59.7
SKU011,60,1431.82,1.7,0.31,85.0,22,61.2
SKU011,61,2417.31,0.6,0.383,90.7,15,61.9
SKU011,62,1301.95,1.0,0.337,91.4,19,50.0
SKU011,63,2251.82,0.6,0.37,90.2,19,59.7
SKU011,64,1189.83,0.6,0.373,91.4,13,50.4
SKU011,65,2013.01,2.1,0.359,89.5,13,57.5
SKU011,66,1370.97,0.7,0.291,91.1,18,51.5
SKU011,67,1754.73,1.4,0.373,88.3,18,50.0
SKU011,68,2183.86,2.6,0.325,84.2,17,70.6
SKU011,69,1772.8,2.0,0.335,91.3,10,53.1
SKU011,70,2432.55,1.0,0.342,89.0,18,62.4
SKU011,71,1227.39,1.0,0.357,85.5,21,56.9
SKU011,72,1642.31,1.1,0.325,90.7,16,55.9
SKU011,73,1072.43,1.3,0.327,88.5,19,56.0
SKU011,74,1855.08,1.0,0.358,82.4,20,67.9
SKU011,75,1207.76,1.6,0.38,82.3,17,60.1
SKU011,76,1613.21,0.5,0.342,82.9,15,68.4
SKU011,77,1113.58,0.6,0.345,81.4,16,59.7
SKU011,78,1705.46,1.8,0.373,83.9,18,49.6
SKU011,79,1552.49,2.2,0.34,88.1,13,62.6
SKU011,80,1211.08,1.7,0.308,81.3,20,50.1
SKU011,81,2026.6,1.7,0.355,88.1,15,66.7
SKU011,82,2256.14,0.5,0.351,84.1,16,51.1
SKU011,83,1930.97,2.0,0.358,88.6,15,55.2
SKU011,84,1932.4,1.1,0.381,80.0,17,55.4
SKU011,85,1468.77,1.9,0.34,88.3,17,55.8
SKU011,86,1145.31,1.7,0.309,88.4,18,60.5
SKU011,87,1434.51,0.5,0.36,85.3,17,67.8
SKU011,88,1516.85,0.5,0.339,87.5,20,68.3
SKU011,89,1051.83,2.6,0.344,87.4,19,71.7
SKU011,90,1340.34,1.8,0.32,80.4,14,56.6
SKU011,91,1525.33,2.1,0.329,82.5,20,59.0
SKU011,92,1826.89,2.3,0.349,91.2,15,70.7
SKU011,93,1962.53,2.0,0.327,90.7,18,60.5
SKU011,94,1529.04,2.4,0.311,82.4,19,66.9
SKU011,95,1878.22,2.1,0.392,81.9,13,57.3
SKU011,96,1616.34,2.0,0.368,89.7,16,58.5
SKU011,97,2102.43,1.1,0.343,83.9,28,62.5
SKU011,98,1514.69,1.2,0.365,88.5,15,52.3
SKU011,99,1947.41,1.1,0.325,83.1,18,61.4
SKU011,100,1169.29,2.2,0.344,79.8,15,55.9
SKU011,101,1662.76,0.5,0.352,91.1,14,58.2
SKU011,102,1993.89,2.4,0.352,90.5,19,68.5
SKU011,103,2019.8,1.8,0.362,89.9,15,59.3
SKU011,104,1258.65,1.6,0.351,91.4,19,68.5
SKU011,105,2162.03,2.4,0.345,87.3,17,56.5
SKU011,106,2208.25,2.1,0.38,87.9,19,60.5
SKU011,107,2442.03,0.9,0.337,81.7,18,49.8
SKU011,108,2398.12,0.9,0.348,83.1,17,67.8
SKU011,109,1870.85,2.2,0.354,81.3,17,57.1
SKU011,110,1662.97,2.2,0.334,91.2,19,61.8
SKU011,111,2429.19,1.7,0.308,91.2,18,71.8
SKU011,112,1230.0,1.4,0.324,91.1,22,58.8
SKU011,113,1369.85,2.1,0.327,88.9,14,51.3
SKU011,114,1450.7,2.3,0.353,82.0,15,56.3
SKU011,115,2149.49,1.1,0.36,79.9,16,53.9
SKU011,116,1712.96,0.8,0.373,82.5,17,59.1
SKU011,117,2228.76,0.5,0.34,80.5,12,54.7
SKU011,118,1997.59,1.3,0.381,80.5,15,57.9
SKU011,119,1818.47,0.7,0.32,90.0,19,65.6
SKU011,120,1568.9,1.5,0.374,88.5,17,55.8
SKU011,121,2388.34,0.8,0.372,87.5,18,64.5
SKU011,122,2527.86,2.3,0.339,89.2,17,68.2
SKU011,123,1724.76,1.6,0.312,91.2,17,61.6
SKU011,124,1887.29,2.5,0.347,89.3,17,60.5
SKU011,125,2524.42,1.5,0.342,88.1,16,66.8
SKU011,126,2178.73,1.2,0.361,84.7,24,56.3
SKU011,127,2753.41,1.8,0.327,85.8,21,63.2
SKU011,128,2211.08,2.4,0.322,86.8,19,58.3
SKU011,129,2088.82,1.3,0.339,87.3,14,61.6
SKU011,130,2562.51,1.8,0.337,91.4,19,60.2
SKU011,131,2812.85,1.6,0.366,83.1,15,54.6
SKU011,132,1352.2,1.8,0.324,89.6,20,58.4
SKU011,133,1685.29,1.0,0.325,84.1,9,61.8
SKU011,134,2112.11,0.6,0.397,90.0,23,64.7
SKU011,135,1876.53,1.0,0.352,83.4,19,67.6
SKU011,136,2591.82,0.5,0.351,85.9,14,55.5
SKU011,137,2519.64,2.0,0.353,91.1,22,63.1
SKU011,138,1387.48,1.5,0.371,80.0,14,70.4
SKU011,139,2802.15,1.0,0.361,80.3,16,71.2
SKU011,140,1878.11,2.1,0.359,85.3,21,49.8
SKU011,141,1647.1,0.6,0.378,81.3,17,71.2
SKU011,142,2900.67,0.8,0.325,83.5,20,53.9
SKU011,143,1348.65,1.4,0.354,90.1,17,68.8
SKU011,144,2883.09,2.1,0.354,81.6,18,52.1
SKU011,145,1506.42,2.5,0.325,83.7,18,65.8
SKU011,146,1574.54,0.6,0.326,88.8,18,53.3
SKU011,147,2940.49,0.6,0.356,80.9,22,56.4
SKU011,148,2313.81,1.0,0.349,89.3,20,70.4
SKU011,149,2929.08,2.4,0.378,87.7,16,68.3
SKU011,150,1887.19,2.1,0.354,90.9,18,66.9
SKU011,151,2915.56,2.5,0.348,88.0,18,55.3
SKU011,152,2481.5,1.4,0.363,87.4,19,58.4
SKU011,153,2376.26,0.8,0.389,79.7,19,64.4
SKU011,154,1966.04,2.2,0.327,85.0,18,58.6
SKU011,155,1863.39,2.2,0.328,83.5,17,58.5
SKU011,156,2864.92,1.8,0.348,85.9,12,63.8
SKU011,157,2471.39,2.5,0.347,80.3,15,60.4
SKU011,158,2567.76,2.1,0.363,81.7,16,69.8
SKU011,159,1472.01,2.4,0.387,82.6,19,63.2
SKU011,160,2500.19,1.7,0.351,85.2,19,66.4
SKU011,161,2498.31,1.4,0.34,85.4,22,69.8
SKU011,162,1924.8,2.4,0.368,80.1,14,55.3
SKU011,163,1924.68,1.2,0.309,89.6,14,49.6
SKU011,164,2278.59,1.3,0.325,88.5,14,53.6
SKU011,165,1230.44,0.7,0.34,89.7,19,56.4
SKU011,166,2165.35,1.0,0.36,86.6,16,50.7
SKU011,167,2029.42,2.5,0.344,88.5,19,62.9
SKU011,168,2285.03,1.0,0.327,89.8,16,68.8
SKU011,169,1831.47,1.2,0.348,82.2,19,67.8
SKU011,170,2165.49,0.9,0.336,80.1,15,64.4
SKU011,171,1306.85,0.6,0.349,84.3,16,58.9
SKU011,172,2408.64,1.2,0.339,91.3,19,51.3
SKU011,173,2087.9,1.2,0.342,84.5,18,49.8
SKU011,174,2308.35,0.6,0.366,80.9,15,61.8
SKU011,175,1447.42,1.2,0.336,87.9,21,65.2
SKU011,176,1133.12,1.3,0.307,82.2,18,49.9
SKU011,177,1455.23,0.5,0.342,85.9,25,65.0
SKU011,178,1915.41,1.5,0.387,89.4,20,65.7
SKU011,179,2135.24,1.6,0.36,89.3,18,53.7
SKU011,180,1094.51,1.5,0.354,86.1,15,64.3
SKU012,1,2653.2,2.5,0.353,74.3,19,51.9
SKU012,2,4599.25,3.6,0.376,73.9,27,57.1
SKU012,3,3606.1,2.3,0.368,73.0,26,50.5
SKU012,4,2722.01,2.5,0.374,77.8,25,60.9
SKU012,5,4485.56,3.5,0.354,72.5,23,47.3
SKU012,6,2153.2,2.4,0.372,71.4,27,62.5
SKU012,7,2513.79,3.7,0.361,77.8,28,47.6
SKU012,8,2395.5,2.0,0.33,68.6,28,50.0
SKU012,9,4185.93,2.0,0.352,76.7,27,60.0
SKU012,10,4628.14,2.7,0.374,70.6,27,61.8
SKU012,11,2199.48,2.2,0.367,73.8,29,62.8
SKU012,12,4868.93,0.9,0.372,67.3,33,48.2
SKU012,13,4542.73,4.2,0.382,67.2,22,58.8
SKU012,14,2788.91,3.8,0.401,78.8,26,53.3
SKU012,15,4547.5,0.9,0.378,67.0,34,53.9
SKU012,16,3459.65,3.3,0.355,75.0,28,51.0
SKU012,17,3169.03,1.1,0.365,71.0,33,58.1
SKU012,18,2562.75,0.8,0.349,67.9,27,50.0
SKU012,19,4640.28,1.5,0.353,68.7,32,66.4
SKU012,20,3791.59,1.3,0.352,67.1,24,48.0
SKU012,21,2355.54,2.6,0.394,74.1,22,61.1
SKU012,22,5017.74,2.6,0.409,74.0,24,66.0
SKU012,23,3681.5,2.9,0.364,69.4,30,56.4
SKU012,24,4171.48,2.2,0.363,72.6,27,55.9
SKU012,25,2395.22,3.1,0.371,67.3,26,59.6
SKU012,26,3056.15,2.0,0.333,75.7,31,52.6
SKU012,27,4193.95,2.1,0.383,78.2,23,55.6
SKU012,28,3779.75,4.6,0.359,77.6,27,60.7
SKU012,29,4060.05,3.7,0.381,70.2,25,59.2
SKU012,30,3152.16,4.0,0.36,71.9,29,60.5
SKU012,31,2282.86,2.6,0.373,74.4,26,50.2
SKU012,32,4841.03,0.9,0.355,73.1,27,66.1
SKU012,33,4665.15,1.9,0.38,75.8,27,56.9
SKU012,34,3674.64,4.6,0.386,78.2,28,54.8
SKU012,35,4824.39,3.3,0.34,68.5,27,52.0
SKU012,36,4464.99,1.2,0.4,68.8,27,60.1
SKU012,37,2245.05,1.0,0.359,75.4,25,53.3
SKU012,38,4334.15,3.7,0.352,68.5,21,55.2
SKU012,39,4588.34,0.8,0.351,68.1,23,53.5
SKU012,40,4088.3,1.9,0.359,75.2,30,64.3
SKU012,41,4781.65,3.9,0.359,76.4,23,66.8
SKU012,42,3706.28,1.4,0.361,78.9,26,59.0
SKU012,43,2218.32,2.3,0.38,69.6,20,62.3
SKU012,44,2647.34,2.3,0.369,78.8,24,47.6
SKU012,45,2698.07,1.7,0.297,75.1,26,61.9
SKU012,46,3624.21,1.8,0.361,67.2,26,48.7
SKU012,47,3778.19,1.5,0.368,73.8,30,52.3
SKU012,48,4066.28,1.9,0.38,76.2,23,57.0
SKU012,49,4497.25,1.2,0.373,77.4,25,66.7
SKU012,50,4774.92,4.6,0.407,76.0,21,66.5
SKU012,51,3693.91,2.1,0.4,75.5,29,48.7
SKU012,52,3323.33,2.2,0.39,73.5,29,46.7
SKU012,53,4049.77,3.5,0.375,72.4,30,58.8
SKU012,54,3318.21,3.0,0.371,75.0,23,59.0
SKU012,55,3687.58,1.2,0.368,72.0,29,47.6
SKU012,56,4049.53,2.8,0.35,68.3,28,54.8
SKU012,57,2116.77,1.0,0.362,78.5,31,67.0
SKU012,58,2553.17,3.6,0.347,67.7,27,48.7
SKU012,59,3626.64,1.3,0.371,73.4,30,48.8
SKU012,60,4094.69,2.8,0.325,78.8,27,65.2
SKU012,61,3655.95,4.3,0.355,68.8,26,61.0
SKU012,62,3913.63,4.1,0.367,70.6,32,52.4
SKU012,63,3144.99,1.7,0.378,67.1,28,50.8
SKU012,64,2277.67,3.3,0.375,72.7,30,55.8
SKU012,65,3748.72,2.9,0.355,74.9,29,50.6
SKU012,66,1992.01,2.6,0.358,74.3,26,48.5
SKU012,67,2020.69,1.6,0.376,78.2,26,56.5
SKU012,68,2158.64,1.3,0.384,76.7,25,64.6
SKU012,69,3141.54,0.7,0.347,70.4,32,57.5
SKU012,70,2920.27,2.5,0.356,76.0,24,52.4
SKU012,71,3721.09,2.5,0.374,72.6,27,59.8
SKU012,72,2726.19,4.1,0.358,68.1,28,62.2
SKU012,73,2238.79,2.1,0.359,68.9,30,59.0
SKU012,74,2279.15,2.6,0.321,73.0,23,57.8
SKU012,75,2997.28,1.3,0.364,73.0,25,66.1
SKU012,76,2827.4,1.0,0.358,73.4,25,65.7
SKU012,77,2257.38,3.5,0.32,69.5,28,53.2
SKU012,78,3616.57,2.5,0.365,75.0,27,64.5
SKU012,79,2621.59,1.4,0.357,72.1,27,61.8
SKU012,80,2748.27,3.9,0.345,71.7,31,55.2
SKU012,81,3157.22,2.2,0.375,78.7,33,60.8
SKU012,82,2718.17,3.2,0.323,71.6,27,61.8
SKU012,83,3268.75,2.6,0.354,72.8,26,64.4
SKU012,84,3006.21,2.4,0.376,77.7,31,63.1
SKU012,85,4008.48,3.3,0.381,76.7,25,65.6
SKU012,86,3090.53,1.8,0.355,76.1,24,60.0
SKU012,87,2458.46,3.8,0.408,68.3,27,51.0
SKU012,88,2875.97,3.3,0.357,67.6,26,55.0
SKU012,89,2842.48,3.2,0.387,75.2,26,47.5
SKU012,90,3884.76,2.2,0.372,69.2,23,54.6
SKU012,91,2717.27,3.6,0.34,74.1,30,58.2
SKU012,92,3429.46,3.0,0.331,74.3,34,62.3
SKU012,93,3207.51,3.5,0.35,67.6,24,63.2
SKU012,94,2138.68,1.1,0.37,76.8,27,57.7
SKU012,95,3467.78,3.6,0.399,70.9,28,65.5
SKU012,96,3830.94,4.6,0.37,71.5,26,62.4
SKU012,97,2892.61,2.5,0.321,77.5,23,57.8
SKU012,98,1841.82,2.1,0.365,74.0,23,53.9
SKU012,99,3408.08,0.8,0.349,68.9,27,63.4
SKU012,100,3685.69,2.2,0.348,73.2,25,58.5
SKU012,101,3090.12,3.6,0.394,78.3,32,58.1
SKU012,102,3990.74,4.5,0.374,78.6,29,48.6
SKU012,103,2757.05,2.5,0.342,69.3,29,65.6
SKU012,104,4263.07,2.3,0.347,72.5,28,56.4
SKU012,105,3192.1,4.5,0.373,74.6,25,57.5
SKU012,106,2277.83,1.5,0.38,76.9,25,48.3
SKU012,107,3498.85,4.5,0.361,76.7,24,60.9
SKU012,108,2133.5,4.0,0.349,71.9,23,62.2
SKU012,109,2154.3,2.0,0.371,73.8,21,56.8
SKU012,110,3826.2,1.5,0.334,75.8,21,64.3
SKU012,111,3481.16,3.6,0.336,70.7,24,54.7
SKU012,112,2691.94,3.0,0.356,78.1,27,54.6
SKU012,113,3722.14,0.8,0.383,69.8,24,52.9
SKU012,114,2916.98,3.7,0.339,76.7,24,50.7
SKU012,115,3092.98,1.6,0.363,74.9,30,49.6
SKU012,116,3488.0,4.4,0.35,74.7,24,59.7
SKU012,117,2516.05,1.7,0.367,77.0,27,55.3
SKU012,118,2811.8,1.7,0.373,73.1,28,48.3
SKU012,119,3022.82,2.1,0.382,74.1,29,57.9
SKU012,120,4777.17,2.5,0.362,76.2,25,59.8
SKU012,121,3297.21,2.3,0.391,67.7,30,47.9
SKU012,122,3167.2,1.7,0.349,73.1,29,48.0
SKU012,123,4241.46,3.2,0.358,68.4,29,50.5
SKU012,124,2594.51,3.8,0.383,78.8,29,53.0
SKU012,125,2435.72,1.5,0.371,78.7,22,59.6
SKU012,126,4861.22,1.4,0.353,77.3,27,56.5
SKU012,127,4686.57,3.6,0.329,75.3,28,66.1
SKU012,128,3823.31,1.2,0.358,77.5,23,55.7
SKU012,129,4680.7,3.1,0.354,78.9,26,62.1
SKU012,130,4624.9,1.0,0.345,75.4,25,66.1
SKU012,131,2854.03,4.1,0.356,67.9,22,50.3
SKU012,132,3392.16,2.7,0.347,75.6,23,56.3
SKU012,133,2627.05,0.9,0.366,74.1,26,55.1
SKU012,134,4198.45,1.9,0.35,78.1,29,48.5
SKU012,135,4936.15,1.1,0.37,71.6,27,62.1
SKU012,136,2963.75,2.1,0.338,67.4,25,47.8
SKU012,137,4630.44,1.0,0.349,78.3,25,55.7
SKU012,138,3820.4,3.0,0.387,70.6,25,49.1
SKU012,139,4100.0,2.1,0.381,68.1,24,56.3
SKU012,140,4479.8,1.9,0.329,75.0,27,60.9
SKU012,141,5028.87,2.4,0.382,73.7,23,56.3
SKU012,142,2909.19,3.4,0.365,71.2,28,55.1
SKU012,143,4360.17,3.9,0.366,75.1,27,61.3
SKU012,144,4226.83,0.7,0.368,78.4,28,59.2
SKU012,145,2625.15,3.9,0.337,67.5,26,65.7
SKU012,146,3810.48,4.2,0.362,67.9,22,50.6
SKU012,147,4967.74,3.0,0.352,75.5,23,49.9
SKU012,148,4428.23,4.6,0.347,68.4,24,64.7
SKU012,149,4262.36,2.0,0.35,68.8,23,55.3
SKU012,150,3086.1,0.9,0.361,72.8,23,61.4
SKU012,151,3453.57,3.1,0.382,69.6,30,60.1
SKU012,152,2697.99,1.5,0.38,69.8,25,64.4
SKU012,153,3264.58,2.5,0.378,67.1,21,62.4
SKU012,154,2976.01,4.5,0.375,71.4,27,66.1
SKU012,155,3713.02,3.0,0.363,70.1,27,51.3
SKU012,156,3299.8,2.0,0.381,70.1,27,50.1
SKU012,157,2923.21,1.1,0.342,73.7,28,62.3
SKU012,158,3814.52,1.3,0.393,68.5,27,49.3
SKU012,159,4186.99,2.3,0.354,71.5,27,67.0
SKU012,160,2713.53,3.2,0.373,74.8,25,61.4
SKU012,161,2469.7,3.3,0.393,77.3,24,52.6
SKU012,162,3776.32,2.1,0.361,69.5,26,63.0
SKU012,163,2927.3,2.0,0.331,67.8,28,56.5
SKU012,164,3465.02,3.1,0.342,71.6,26,47.6
SKU012,165,2168.07,4.0,0.374,70.3,29,61.4
SKU012,166,2543.86,1.8,0.385,73.3,23,48.1
SKU012,167,3742.37,2.9,0.368,76.6,19,60.0
SKU012,168,4486.54,3.2,0.331,69.5,25,56.4
SKU012,169,4046.74,3.5,0.365,75.0,19,66.8
SKU012,170,3240.66,1.9,0.38,77.6,23,57.7
SKU012,171,4457.4,1.9,0.378,72.7,27,62.3
SKU012,172,3304.08,2.9,0.343,72.0,26,49.8
SKU012,173,3880.45,3.4,0.345,77.6,29,60.8
SKU012,174,2630.96,1.6,0.377,70.5,25,64.4
SKU012,175,3578.33,4.1,0.348,75.0,24,58.5
SKU012,176,3648.27,4.4,0.364,76.7,25,47.9
SKU012,177,3947.09,3.1,0.369,76.7,24,60.4
SKU012,178,2226.91,1.3,0.331,67.1,24,51.3
SKU012,179,2429.89,1.8,0.357,69.8,27,58.5
SKU012,180,2091.79,3.4,0.41,67.2,26,61.9
SKU013,1,3199.39,5.6,0.428,80.6,14,45.0
SKU013,2,2015.99,4.1,0.421,81.7,21,34.0
SKU013,3,3193.69,3.6,0.408,80.9,18,48.1
SKU013,4,3998.04,2.1,0.433,72.6,19,40.3
SKU013,5,2510.34,7.2,0.453,82.3,26,48.6
SKU013,6,3536.16,2.3,0.451,81.9,16,43.2
SKU013,7,4023.12,8.4,0.433,77.6,14,34.1
SKU013,8,2755.57,6.7,0.391,75.6,18,36.2
SKU013,9,3441.31,5.2,0.417,84.2,20,37.3
SKU013,10,3950.5,1.9,0.42,84.0,21,46.8
SKU013,11,1972.29,2.9,0.444,83.9,27,33.9
SKU013,12,3387.53,7.2,0.454,82.3,19,35.9
SKU013,13,1987.03,7.7,0.452,74.3,24,37.3
SKU013,14,2178.91,3.9,0.407,73.4,20,39.5
SKU013,15,1981.74,6.3,0.455,76.6,24,45.0
SKU013,16,3597.06,4.4,0.426,81.3,20,47.5
SKU013,17,3382.18,2.9,0.454,78.5,18,41.1
SKU013,18,3778.29,3.6,0.438,82.0,16,34.0
SKU013,19,3776.5,3.9,0.4,72.8,22,38.4
SKU013,20,3218.65,4.0,0.427,72.6,23,42.1
SKU013,21,3535.92,8.5,0.402,80.5,16,43.9
SKU013,22,4296.89,2.0,0.439,77.3,18,42.2
SKU013,23,3486.83,4.4,0.418,81.4,19,46.7
SKU013,24,3106.75,7.5,0.431,79.3,19,39.3
SKU013,25,3020.61,7.1,0.424,80.4,24,34.7
SKU013,26,3708.45,5.0,0.422,76.2,23,47.6
SKU013,27,2771.92,4.8,0.462,79.1,20,42.1
SKU013,28,2257.61,1.4,0.412,84.0,16,41.9
SKU013,29,3280.34,8.2,0.403,81.1,15,42.3
SKU013,30,4153.83,2.2,0.424,79.5,21,44.9
SKU013,31,2017.5,2.3,0.448,74.9,27,42.1
SKU013,32,4127.27,5.2,0.403,84.3,20,36.9
SKU013,33,2946.53,7.7,0.424,72.8,17,39.6
SKU013,34,3815.61,6.3,0.417,81.6,22,37.8
SKU013,35,3664.73,4.3,0.435,79.3,16,38.5
SKU013,36,2055.42,4.5,0.425,79.1,12,35.1
SKU013,37,3841.81,4.7,0.457,83.3,14,35.2
SKU013,38,3283.34,1.7,0.408,81.0,18,41.0
SKU013,39,4057.58,8.2,0.416,81.3,18,42.9
SKU013,40,2839.34,3.2,0.436,83.7,23,48.3
SKU013,41,3165.2,3.1,0.424,82.8,22,44.9
SKU013,42,3040.53,3.8,0.428,74.9,18,38.0
SKU013,43,2435.55,4.1,0.448,84.3,22,41.9
SKU013,44,3000.88,6.8,0.415,80.5,25,40.5
SKU013,45,2230.47,6.3,0.449,84.4,19,38.9
SKU013,46,2394.26,5.9,0.414,73.4,24,37.8
SKU013,47,4023.56,6.8,0.46,78.4,18,33.6
SKU013,48,2934.01,8.5,0.372,77.7,24,36.8
SKU013,49,3915.22,5.9,0.415,80.5,21,43.7
SKU013,50,3017.02,1.3,0.426,74.4,25,35.5
SKU013,51,1834.11,6.8,0.427,74.6,13,34.0
SKU013,52,3207.23,4.9,0.425,74.6,22,33.5
SKU013,53,3986.99,4.1,0.407,76.9,25,46.1
SKU013,54,2937.86,7.6,0.396,82.4,20,45.1
SKU013,55,2490.84,3.5,0.415,83.9,22,37.8
SKU013,56,1903.84,4.1,0.424,77.6,21,46.9
SKU013,57,2775.47,2.3,0.409,79.4,19,38.2
SKU013,58,2926.45,2.7,0.429,77.0,17,40.7
SKU013,59,2464.36,5.5,0.429,77.2,20,45.9
SKU013,60,3742.66,7.9,0.404,74.5,19,33.4
SKU013,61,2334.54,3.9,0.427,82.0,22,38.8
SKU013,62,1806.06,2.9,0.445,78.7,20,48.1
SKU013,63,2027.18,4.5,0.439,76.1,20,44.1
SKU013,64,1958.28,5.4,0.398,76.3,16,47.1
SKU013,65,2917.31,4.5,0.419,77.2,19,39.9
SKU013,66,2163.79,4.4,0.402,73.5,16,44.9
SKU013,67,2367.76,1.6,0.42,80.1,18,36.4
SKU013,68,2951.1,3.1,0.424,79.8,21,36.4
SKU013,69,2689.72,2.3,0.427,79.1,21,33.5
SKU013,70,1771.65,4.5,0.437,74.3,14,48.6
SKU013,71,2429.51,7.9,0.413,74.3,25,37.5
SKU013,72,2356.76,8.5,0.463,80.0,21,42.4
SKU013,73,1816.8,6.1,0.419,75.9,14,45.9
SKU013,74,2890.98,5.1,0.426,76.5,18,34.8
SKU013,75,2627.58,6.0,0.427,82.9,19,47.4
SKU013,76,2675.12,2.7,0.412,76.1,21,34.2
SKU013,77,1550.3,4.4,0.401,82.7,18,45.9
SKU013,78,1898.39,2.5,0.421,77.0,21,34.4
SKU013,79,2189.36,8.3,0.433,75.4,20,44.5
SKU013,80,1707.44,5.8,0.41,76.7,19,45.4
SKU013,81,3015.45,4.6,0.404,80.1,14,39.1
SKU013,82,3246.98,7.4,0.386,81.9,14,40.7
SKU013,83,2828.66,2.0,0.417,73.7,21,46.6
SKU013,84,1606.12,6.4,0.446,75.6,18,45.6
SKU013,85,1819.02,6.4,0.417,83.3,20,34.2
SKU013,86,2427.41,3.3,0.431,82.7,17,33.5
SKU013,87,2693.63,5.1,0.413,77.5,11,39.9
SKU013,88,1609.84,7.4,0.433,81.4,15,47.9
SKU013,89,1750.58,6.0,0.444,84.2,19,37.9
SKU013,90,1695.93,3.9,0.423,80.4,18,35.2
SKU013,91,2156.51,5.0,0.414,80.0,24,33.8
SKU013,92,2686.34,3.8,0.421,83.7,20,40.8
SKU013,93,2002.82,5.0,0.414,82.1,21,44.0
SKU013,94,1603.82,3.1,0.41,77.6,20,40.0
SKU013,95,2397.92,3.7,0.455,73.9,14,47.3
SKU013,96,1846.0,5.2,0.437,74.3,23,33.4
SKU013,97,3577.59,6.6,0.434,81.5,23,34.5
SKU013,98,3362.93,4.6,0.443,76.5,24,33.5
SKU013,99,3281.47,5.1,0.43,82.1,20,41.8
SKU013,100,3495.07,7.9,0.415,80.9,21,38.1
SKU013,101,2611.71,5.9,0.418,78.1,29,42.1
SKU013,102,2095.88,5.6,0.446,77.6,25,40.4
SKU013,103,2181.35,1.7,0.421,79.8,16,34.6
SKU013,104,3463.0,7.5,0.437,73.3,15,46.6
SKU013,105,2246.77,6.2,0.416,75.4,19,38.0
SKU013,106,2625.12,1.6,0.418,76.9,16,33.5
SKU013,107,3185.01,2.6,0.439,73.7,18,39.5
SKU013,108,3331.78,4.0,0.449,76.7,22,37.6
SKU013,109,3621.24,2.8,0.463,84.1,16,42.8
SKU013,110,2785.77,4.5,0.443,76.1,24,45.2
SKU013,111,3462.03,3.5,0.435,78.6,16,45.2
SKU013,112,2627.14,8.2,0.433,78.3,19,41.4
SKU013,113,2116.41,4.4,0.432,83.3,20,44.9
SKU013,114,3262.59,2.2,0.432,84.3,22,36.5
SKU013,115,3570.66,1.9,0.44,76.5,19,38.5
SKU013,116,3024.49,4.0,0.428,77.1,17,42.9
SKU013,117,2439.66,8.1,0.434,73.0,17,35.8
SKU013,118,3126.39,4.0,0.421,76.6,23,38.8
SKU013,119,2515.99,6.1,0.408,80.6,22,44.8
SKU013,120,3159.53,2.4,0.452,81.9,19,38.9
SKU013,121,2942.82,4.0,0.41,84.0,20,41.9
SKU013,122,3773.55,3.1,0.415,74.4,21,43.7
SKU013,123,3349.72,6.3,0.433,73.0,23,42.0
SKU013,124,3163.4,4.2,0.443,76.6,15,36.9
SKU013,125,3075.87,1.3,0.435,81.1,20,34.7
SKU013,126,3113.14,8.2,0.411,83.1,20,39.1
SKU013,127,3858.97,6.5,0.433,81.4,21,40.5
SKU013,128,2861.05,1.7,0.4,73.8,24,46.4
SKU013,129,2693.67,6.0,0.408,83.7,21,44.0
SKU013,130,2802.56,5.6,0.43,74.9,15,41.8
SKU013,131,3438.86,2.3,0.414,72.8,18,35.2
SKU013,132,3542.8,2.5,0.407,75.1,23,47.6
SKU013,133,2829.11,5.7,0.427,74.9,28,39.7
SKU013,134,2741.37,2.8,0.41,83.9,19,39.3
SKU013,135,2522.25,3.5,0.427,77.5,20,34.4
SKU013,136,1967.92,4.5,0.428,78.5,23,45.7
SKU013,137,3292.92,7.2,0.467,80.5,15,44.6
SKU013,138,4083.38,8.5,0.408,81.9,19,37.7
SKU013,139,3469.48,6.0,0.433,83.4,17,37.4
SKU013,140,2794.4,3.6,0.453,73.5,21,43.6
SKU013,141,4009.05,3.4,0.448,77.6,23,34.3
SKU013,142,3026.29,5.3,0.402,84.2,21,39.5
SKU013,143,3589.55,3.0,0.44,78.0,16,42.9
SKU013,144,2766.42,2.9,0.409,79.4,19,42.5
SKU013,145,2674.88,8.5,0.415,76.3,17,41.6
SKU013,146,2962.8,5.0,0.463,81.1,22,37.6
SKU013,147,2222.44,5.9,0.415,82.7,20,45.3
SKU013,148,3794.22,7.5,0.41,83.5,17,36.4
SKU013,149,3935.28,1.7,0.429,83.6,21,41.0
SKU013,150,3369.62,8.0,0.418,72.9,21,42.3
SKU013,151,2316.6,8.4,0.434,81.6,22,43.1
SKU013,152,2652.74,2.1,0.413,81.8,21,37.3
SKU013,153,3070.22,5.6,0.477,72.9,18,36.6
SKU013,154,3811.42,8.4,0.408,82.3,21,45.3
SKU013,155,2558.08,4.6,0.399,81.0,21,35.2
SKU013,156,3472.04,7.6,0.413,77.7,20,34.0
SKU013,157,2998.37,2.8,0.431,84.1,17,39.9
SKU013,158,1979.11,5.2,0.426,80.3,16,43.3
SKU013,159,1921.71,3.7,0.42,77.4,22,46.4
SKU013,160,2033.33,2.8,0.433,79.2,15,40.1
SKU013,161,3446.35,4.1,0.44,79.2,16,42.1
SKU013,162,2934.05,4.9,0.422,73.7,22,40.4
SKU013,163,3975.3,4.8,0.393,78.3,19,36.5
SKU013,164,3486.19,4.0,0.449,82.4,21,45.8
SKU013,165,3165.33,2.6,0.417,82.5,17,45.7
SKU013,166,3711.74,3.0,0.436,80.9,14,46.4
SKU013,167,3656.17,2.3,0.411,75.9,20,41.9
SKU013,168,3025.81,4.1,0.447,76.1,22,38.4
SKU013,169,2856.58,2.2,0.416,76.8,18,34.4
SKU013,170,2145.02,7.7,0.435,75.2,18,45.3
SKU013,171,3785.73,8.3,0.405,79.9,21,42.3
SKU013,172,3485.67,4.4,0.454,76.5,20,42.2
SKU013,173,2683.0,5.9,0.391,75.4,21,44.2
SKU013,174,3600.11,7.3,0.437,75.6,28,45.2
SKU013,175,2528.85,8.4,0.451,79.5,21,38.2
SKU013,176,3693.79,6.9,0.437,82.8,22,43.8
SKU013,177,3114.26,4.0,0.408,80.8,19,40.0
SKU013,178,3712.47,3.5,0.4,74.9,19,44.6
SKU013,179,2504.98,7.5,0.431,83.9,17,39.1
SKU013,180,2356.01,3.3,0.446,83.9,21,39.4
SKU014,1,4948.34,1.6,0.391,85.0,19,49.8
SKU014,2,5024.47,2.1,0.406,81.2,21,45.1
SKU014,3,5029.05,0.8,0.397,83.8,21,44.0
SKU014,4,4361.14,2.9,0.426,84.4,19,42.6
SKU014,5,5447.51,3.6,0.392,79.1,26,37.2
SKU014,6,4281.45,3.0,0.413,83.1,23,47.6
SKU014,7,3424.72,0.9,0.399,75.1,23,43.9
SKU014,8,5239.39,1.6,0.384,74.7,25,41.6
SKU014,9,6705.2,2.3,0.422,76.4,32,40.1
SKU014,10,7366.97,3.1,0.373,76.7,22,49.5
SKU014,11,5628.33,2.5,0.384,82.8,24,40.6
SKU014,12,3519.05,1.9,0.394,83.0,25,46.1
SKU014,13,4087.81,2.7,0.373,81.2,23,50.8
SKU014,14,7076.1,1.5,0.414,74.9,24,39.5
SKU014,15,6205.09,3.3,0.404,76.4,23,43.6
SKU014,16,4852.94,2.8,0.36,80.7,21,43.1
SKU014,17,7696.97,1.1,0.409,83.8,20,43.3
SKU014,18,4429.37,2.3,0.376,81.1,24,41.8
SKU014,19,3889.56,1.0,0.389,80.2,20,45.4
SKU014,20,6379.24,2.1,0.405,77.0,21,46.5
SKU014,21,4199.49,3.5,0.407,74.6,21,50.8
SKU014,22,6543.14,1.0,0.378,84.4,19,44.2
SKU014,23,3936.6,1.4,0.405,82.6,21,37.5
SKU014,24,5767.06,1.9,0.427,83.3,25,38.0
SKU014,25,6704.83,1.2,0.369,80.7,21,44.1
SKU014,26,7147.21,3.3,0.427,80.2,20,48.1
SKU014,27,5131.82,1.3,0.371,83.4,27,46.8
SKU014,28,7551.29,0.9,0.415,79.6,18,48.0
SKU014,29,4679.5,1.4,0.431,82.8,23,44.9
SKU014,30,5813.66,2.0,0.4,75.1,23,49.0
SKU014,31,6673.67,3.0,0.386,74.2,29,40.9
SKU014,32,5998.39,1.9,0.424,83.1,24,50.0
SKU014,33,3689.75,3.3,0.407,81.6,25,47.2
SKU014,34,6210.41,3.1,0.412,82.0,28,37.5
SKU014,35,6061.77,0.7,0.391,79.3,16,50.1
SKU014,36,3845.84,0.6,0.394,80.4,23,51.0
SKU014,37,5773.7,3.5,0.384,76.5,21,52.5
SKU014,38,4410.27,3.1,0.406,84.1,22,44.6
SKU014,39,7022.18,1.3,0.391,84.1,18,38.4
SKU014,40,7135.72,1.2,0.403,81.5,22,45.8
SKU014,41,6245.83,1.3,0.391,84.7,28,37.2
SKU014,42,4752.67,3.5,0.422,83.5,27,50.1
SKU014,43,6868.14,3.1,0.416,77.3,28,38.7
SKU014,44,4961.58,0.8,0.434,84.7,25,42.8
SKU014,45,5742.56,1.5,0.453,74.2,21,46.1
SKU014,46,3561.85,1.3,0.423,76.6,30,36.7
SKU014,47,7188.24,1.3,0.415,75.8,22,49.9
SKU014,48,3492.5,1.7,0.416,81.5,22,42.2
SKU014,49,6514.36,1.0,0.428,83.8,22,36.9
SKU014,50,5160.04,2.4,0.395,79.7,27,42.5
SKU014,51,3740.19,2.1,0.404,82.1,24,43.6
SKU014,52,6955.76,1.0,0.403,80.7,22,36.8
SKU014,53,4427.34,0.9,0.405,80.2,22,40.0
SKU014,54,3242.49,3.0,0.405,83.8,20,43.1
SKU014,55,5815.27,0.6,0.417,85.3,24,48.2
SKU014,56,4900.47,2.5,0.412,80.3,25,44.7
SKU014,57,4831.18,2.4,0.435,77.5,23,43.2
SKU014,58,4578.23,3.2,0.391,85.2,23,49.1
SKU014,59,5276.77,2.7,0.397,80.1,30,40.5
SKU014,60,4164.17,2.1,0.355,77.6,17,52.4
SKU014,61,6464.82,2.7,0.404,84.4,25,50.9
SKU014,62,4876.25,1.5,0.377,78.0,26,39.3
SKU014,63,5969.62,1.9,0.435,79.6,20,50.8
SKU014,64,6600.78,2.7,0.377,84.4,25,47.5
SKU014,65,6565.15,1.2,0.429,76.7,25,41.6
SKU014,66,4084.19,2.8,0.396,81.9,20,38.6
SKU014,67,3693.49,3.4,0.404,82.0,23,37.1
SKU014,68,5478.15,2.1,0.399,75.6,19,51.1
SKU014,69,5824.6,1.8,0.409,76.7,24,48.0
SKU014,70,4280.43,1.2,0.377,80.1,21,46.0
SKU014,71,3678.57,2.1,0.401,74.5,19,42.0
SKU014,72,4191.73,1.6,0.382,75.4,19,43.0
SKU014,73,5750.92,3.0,0.425,84.6,21,51.7
SKU014,74,4219.15,2.8,0.41,83.0,25,49.3
SKU014,75,5652.29,2.4,0.383,83.0,21,50.9
SKU014,76,5650.82,1.4,0.369,79.6,20,40.7
SKU014,77,6081.85,1.5,0.406,83.0,23,46.2
SKU014,78,5872.93,0.8,0.406,75.2,18,39.6
SKU014,79,2896.51,1.0,0.417,85.2,24,49.8
SKU014,80,4159.37,0.9,0.404,76.1,23,43.4
SKU014,81,3777.13,3.4,0.387,78.1,25,44.6
SKU014,82,4744.06,3.3,0.418,75.6,22,39.2
SKU014,83,2775.06,2.3,0.418,79.2,22,45.2
SKU014,84,4067.5,3.0,0.386,82.3,20,49.4
SKU014,85,3555.12,1.4,0.395,78.3,21,40.3
SKU014,86,3191.7,1.5,0.417,76.9,19,49.8
SKU014,87,3459.28,3.4,0.41,83.6,21,42.3
SKU014,88,5482.86,1.8,0.408,81.2,25,50.4
SKU014,89,3420.61,2.0,0.433,74.8,24,46.0
SKU014,90,4939.49,3.1,0.362,75.6,23,50.6
SKU014,91,5953.82,3.4,0.379,74.2,30,47.6
SKU014,92,4953.75,3.4,0.394,77.9,24,51.9
SKU014,93,3210.03,2.6,0.409,80.3,21,51.9
SKU014,94,5488.23,3.1,0.407,86.1,25,47.3
SKU014,95,4374.18,1.0,0.412,79.0,23,51.4
SKU014,96,3319.02,2.9,0.409,77.1,19,47.7
SKU014,97,3041.55,2.3,0.4,78.0,25,47.1
SKU014,98,6392.9,2.6,0.396,84.4,25,38.8
SKU014,99,3143.18,2.8,0.394,76.0,24,36.9
SKU014,100,5281.16,1.3,0.413,79.9,26,39.5
SKU014,101,5307.59,2.0,0.37,80.5,21,40.3
SKU014,102,5514.66,0.8,0.417,83.8,29,51.5
SKU014,103,4644.56,2.4,0.356,74.8,21,42.4
SKU014,104,5343.75,3.4,0.407,81.0,26,39.2
SKU014,105,3062.49,1.7,0.394,74.9,23,45.4
SKU014,106,4955.79,1.3,0.382,78.2,30,43.3
SKU014,107,6341.05,1.0,0.392,85.8,29,51.2
SKU014,108,5732.58,0.6,0.395,85.0,20,39.0
SKU014,109,3831.15,3.4,0.394,74.9,23,45.3
SKU014,110,6666.18,1.7,0.424,75.2,25,46.6
SKU014,111,3849.59,2.6,0.404,75.9,22,46.1
SKU014,112,3583.65,0.8,0.402,75.5,21,46.6
SKU014,113,4705.92,1.6,0.421,82.3,20,38.4
SKU014,114,3215.84,3.0,0.38,77.7,24,48.6
SKU014,115,5209.34,2.7,0.388,80.1,22,48.5
SKU014,116,6715.82,1.0,0.417,74.9,16,37.5
SKU014,117,6148.5,2.8,0.416,84.1,23,39.6
SKU014,118,6156.19,1.9,0.386,77.4,21,39.4
SKU014,119,6000.89,0.6,0.421,80.0,24,39.9
SKU014,120,5469.04,3.0,0.409,80.9,22,42.0
SKU014,121,7320.88,2.3,0.407,80.4,22,51.2
SKU014,122,5112.65,2.8,0.421,80.6,31,37.1
SKU014,123,3581.98,1.0,0.423,82.2,27,41.6
SKU014,124,7150.83,2.5,0.4,79.3,18,51.5
SKU014,125,6799.99,1.0,0.389,81.7,27,51.6
SKU014,126,4119.78,3.3,0.409,76.3,21,50.8
SKU014,127,4065.13,2.1,0.399,83.0,21,46.8
SKU014,128,5749.99,1.6,0.39,78.0,23,37.7
SKU014,129,5117.93,1.4,0.413,79.0,21,46.0
SKU014,130,5713.13,2.8,0.386,76.8,23,41.3
SKU014,131,6159.93,0.8,0.385,75.1,22,39.6
SKU014,132,6324.19,3.0,0.432,82.9,22,45.1
SKU014,133,6201.06,2.1,0.394,84.9,23,48.4
SKU014,134,7516.88,1.5,0.39,76.4,24,50.1
SKU014,135,7532.02,2.4,0.426,78.4,18,45.6
SKU014,136,7039.9,3.4,0.39,77.4,22,51.5
SKU014,137,5912.69,1.4,0.405,78.8,24,50.6
SKU014,138,7085.9,0.9,0.403,74.9,23,38.6
SKU014,139,4153.51,0.9,0.411,75.8,26,37.0
SKU014,140,7045.23,2.4,0.423,83.3,22,43.3
SKU014,141,6766.24,1.7,0.385,79.1,21,50.9
SKU014,142,4238.16,0.7,0.401,77.7,20,39.6
SKU014,143,5769.86,2.6,0.444,82.2,23,38.8
SKU014,144,6974.05,0.8,0.394,77.7,25,42.9
SKU014,145,7231.01,1.2,0.398,78.9,23,50.3
SKU014,146,6440.57,0.7,0.395,75.7,20,49.0
SKU014,147,6837.32,3.2,0.432,75.1,21,46.5
SKU014,148,7023.21,1.9,0.391,84.2,26,47.2
SKU014,149,4674.14,0.9,0.404,83.6,22,42.0
SKU014,150,5726.7,3.4,0.383,75.5,25,50.5
SKU014,151,6944.43,1.2,0.426,74.8,20,46.1
SKU014,152,4592.47,2.3,0.42,80.7,22,46.0
SKU014,153,5056.81,1.7,0.402,81.4,22,51.1
SKU014,154,6284.96,1.8,0.421,78.3,16,37.2
SKU014,155,6588.91,0.9,0.409,76.6,22,48.5
SKU014,156,3588.22,0.6,0.375,79.1,22,50.6
SKU014,157,6482.13,2.0,0.404,83.3,28,36.2
SKU014,158,4001.85,2.9,0.41,77.5,25,47.6
SKU014,159,3301.19,2.2,0.422,85.2,19,52.5
SKU014,160,7205.65,1.9,0.425,83.0,22,50.8
SKU014,161,4727.79,2.1,0.435,83.7,20,39.8
SKU014,162,5262.12,1.7,0.393,82.0,18,52.6
SKU014,163,5065.01,2.7,0.377,77.2,22,38.1
SKU014,164,5866.1,2.1,0.42,83.0,25,41.5
SKU014,165,6136.24,2.6,0.401,85.7,26,51.3
SKU014,166,6240.74,1.2,0.415,80.3,25,49.2
SKU014,167,6653.7,1.3,0.344,81.8,24,38.2
SKU014,168,4480.95,3.1,0.395,84.9,20,45.3
SKU014,169,3385.08,1.7,0.392,74.6,21,42.7
SKU014,170,5365.06,3.3,0.391,76.5,20,45.3
SKU014,171,6761.48,1.3,0.397,80.8,22,38.2
SKU014,172,3207.62,1.2,0.418,77.4,20,41.0
SKU014,173,5883.09,0.6,0.388,75.7,24,46.7
SKU014,174,3343.87,2.6,0.387,77.7,18,40.0
SKU014,175,5897.63,3.4,0.393,86.0,21,45.9
SKU014,176,5719.99,1.6,0.423,77.8,21,45.6
SKU014,177,3720.98,1.2,0.397,80.7,20,43.9
SKU014,178,3349.51,1.3,0.401,78.0,25,44.8
SKU014,179,3552.55,3.5,0.357,83.6,21,47.9
SKU014,180,4266.87,2.5,0.423,76.2,28,38.2
SKU015,1,1430.11,5.4,0.354,79.5,20,38.9
SKU015,2,1182.24,3.3,0.36,80.1,21,46.8
SKU015,3,808.85,6.0,0.379,83.5,23,42.0
SKU015,4,1517.76,5.9,0.343,83.2,16,48.7
SKU015,5,1469.9,5.9,0.327,82.8,17,38.5
SKU015,6,1420.49,2.8,0.397,80.9,21,37.9
SKU015,7,1535.23,2.3,0.354,76.1,24,38.2
SKU015,8,741.79,5.9,0.37,83.3,23,37.7
SKU015,9,1096.09,2.9,0.365,87.0,20,42.2
SKU015,10,1521.89,2.5,0.365,84.4,19,50.2
SKU015,11,785.45,2.4,0.371,81.9,26,38.2
SKU015,12,1144.88,5.3,0.356,81.4,18,51.0
SKU015,13,789.96,4.8,0.362,86.6,19,37.8
SKU015,14,1374.04,5.1,0.346,84.8,21,49.5
SKU015,15,1249.29,5.4,0.36,87.2,24,49.8
SKU015,16,1240.76,2.8,0.33,87.6,21,40.8
SKU015,17,1300.27,6.1,0.379,77.7,27,46.6
SKU015,18,1464.1,4.8,0.328,85.8,21,44.8
SKU015,19,1001.46,5.6,0.364,87.1,20,52.3
SKU015,20,826.48,4.7,0.306,82.3,24,38.9
SKU015,21,1131.13,4.0,0.367,81.9,24,48.0
SKU015,22,1267.4,2.3,0.356,82.0,20,44.3
SKU015,23,1335.0,1.5,0.346,78.3,22,41.9
SKU015,24,1163.92,1.6,0.37,82.2,23,50.0
SKU015,25,1463.73,5.7,0.383,79.8,25,36.8
SKU015,26,1200.86,5.7,0.358,76.9,26,42.3
SKU015,27,1162.32,3.6,0.341,85.8,22,40.2
SKU015,28,1047.97,2.3,0.355,80.1,14,52.3
SKU015,29,1020.37,1.0,0.346,75.9,21,41.9
SKU015,30,1071.96,1.6,0.35,78.3,27,37.3
SKU015,31,1154.35,3.1,0.344,84.8,22,49.2
SKU015,32,1337.43,5.4,0.391,77.2,16,41.3
SKU015,33,1275.28,2.9,0.37,75.9,23,45.4
SKU015,34,1207.62,5.9,0.36,82.4,18,40.4
SKU015,35,1511.37,6.0,0.358,85.2,15,38.9
SKU015,36,1118.53,3.7,0.389,81.7,20,46.5
SKU015,37,1586.88,2.4,0.368,82.9,20,49.0
SKU015,38,1505.29,4.8,0.348,77.2,21,52.2
SKU015,39,1388.2,1.3,0.358,80.0,26,43.4
SKU015,40,1674.81,2.7,0.363,76.3,21,38.4
SKU015,41,1551.91,3.2,0.36,86.2,22,45.2
SKU015,42,1302.49,5.7,0.347,76.5,23,45.3
SKU015,43,1167.94,5.7,0.352,79.3,19,38.7
SKU015,44,859.68,1.8,0.352,87.2,22,41.9
SKU015,45,1561.34,5.8,0.346,78.9,22,46.3
SKU015,46,750.63,5.5,0.36,83.8,23,41.2
SKU015,47,1138.81,1.6,0.338,75.9,27,47.9
SKU015,48,874.36,1.8,0.35,85.9,25,51.3
SKU015,49,920.68,4.1,0.378,83.4,21,38.9
SKU015,50,909.69,1.4,0.375,83.3,23,50.4
SKU015,51,744.68,2.4,0.371,81.5,22,45.0
SKU015,52,1443.65,1.1,0.345,78.3,21,48.1
SKU015,53,827.52,1.4,0.328,85.6,21,37.2
SKU015,54,1436.2,2.2,0.379,83.0,23,38.7
SKU015,55,1435.3,4.4,0.37,80.2,21,48.6
SKU015,56,736.15,2.1,0.359,84.3,18,46.4
SKU015,57,825.83,4.8,0.329,76.1,25,51.8
SKU015,58,1399.35,4.0,0.36,77.3,17,47.2
SKU015,59,1158.07,4.3,0.361,87.7,24,52.0
SKU015,60,1314.47,4.3,0.375,84.1,20,36.1
SKU015,61,887.34,5.4,0.344,77.8,21,48.0
SKU015,62,1374.55,3.5,0.366,77.7,17,36.5
SKU015,63,867.39,5.9,0.374,87.7,23,40.5
SKU015,64,1087.25,1.1,0.351,84.1,19,40.7
SKU015,65,1269.72,3.6,0.376,84.2,23,40.5
SKU015,66,1455.8,3.7,0.369,80.6,19,48.3
SKU015,67,1290.35,1.5,0.35,78.9,27,46.2
SKU015,68,1109.48,1.5,0.372,81.7,21,38.2
SKU015,69,1061.58,3.1,0.36,81.8,23,47.3
SKU015,70,880.89,4.6,0.347,80.0,22,42.5
SKU015,71,923.59,5.4,0.409,84.1,26,45.4
SKU015,72,821.21,5.5,0.359,78.5,21,39.2
SKU015,73,937.69,5.4,0.409,87.6,24,48.0
SKU015,74,1092.23,3.5,0.388,80.4,21,50.0
SKU015,75,1189.24,4.4,0.366,78.0,24,50.8
SKU015,76,994.62,4.0,0.351,79.5,23,48.4
SKU015,77,773.02,5.2,0.378,81.1,28,44.7
SKU015,78,1218.55,2.2,0.348,87.7,23,43.4
SKU015,79,1141.14,4.2,0.361,83.2,15,38.6
SKU015,80,1065.95,2.6,0.387,81.1,21,45.5
SKU015,81,788.96,3.3,0.367,80.9,24,46.0
SKU015,82,690.1,5.0,0.381,77.5,23,45.5
SKU015,83,870.62,2.3,0.386,81.3,21,41.7
SKU015,84,826.67,2.6,0.363,78.0,24,52.8
SKU015,85,837.63,4.7,0.348,83.2,22,44.6
SKU015,86,1258.46,4.9,0.35,83.4,16,44.5
SKU015,87,876.93,1.6,0.394,80.1,24,51.3
SKU015,88,990.51,1.1,0.377,80.1,16,51.1
SKU015,89,1121.63,3.1,0.326,75.9,21,45.9
SKU015,90,1085.76,5.5,0.366,81.0,20,46.2
SKU015,91,1113.9,4.3,0.383,79.2,22,48.4
SKU015,92,1041.29,2.1,0.366,84.2,19,46.1
SKU015,93,612.08,2.2,0.372,80.4,20,37.2
SKU015,94,712.94,2.1,0.374,80.2,20,37.7
SKU015,95,847.31,2.4,0.358,76.9,24,39.0
SKU015,96,1363.18,4.8,0.389,80.7,16,51.9
SKU015,97,1115.29,1.7,0.361,80.6,22,40.9
SKU015,98,995.21,2.8,0.341,81.4,22,51.4
SKU015,99,1153.88,4.1,0.352,84.2,24,46.6
SKU015,100,1192.12,3.3,0.371,86.5,19,45.9
SKU015,101,1314.35,4.9,0.355,83.2,22,41.9
SKU015,102,1316.57,1.8,0.359,77.4,18,46.5
SKU015,103,1258.46,1.7,0.381,85.4,20,39.3
SKU015,104,641.53,2.6,0.369,81.9,23,40.6
SKU015,105,903.24,3.7,0.356,80.8,27,46.7
SKU015,106,1417.21,5.9,0.354,79.1,24,41.0
SKU015,107,676.94,2.8,0.359,85.6,23,51.6
SKU015,108,776.34,1.1,0.368,86.4,22,37.3
SKU015,109,987.46,2.7,0.372,85.3,21,46.6
SKU015,110,1499.0,2.8,0.353,84.2,22,37.0
SKU015,111,1176.38,1.0,0.358,76.2,18,49.6
SKU015,112,1533.15,2.1,0.392,87.1,21,51.3
SKU015,113,1540.02,1.0,0.338,84.9,25,44.9
SKU015,114,1023.74,4.3,0.354,84.1,22,40.4
SKU015,115,1435.95,1.6,0.338,80.4,25,43.1
SKU015,116,1130.74,2.0,0.378,81.0,27,50.7
SKU015,117,966.82,5.6,0.352,81.0,24,48.3
SKU015,118,868.77,1.3,0.365,87.4,22,47.6
SKU015,119,1121.02,5.2,0.367,84.7,22,43.0
SKU015,120,1369.29,6.1,0.371,85.8,25,47.2
SKU015,121,1359.32,1.1,0.373,77.0,20,38.1
SKU015,122,1521.54,4.2,0.351,87.2,26,44.9
SKU015,123,1256.83,4.0,0.369,77.8,24,46.2
SKU015,124,925.51,2.4,0.389,82.5,28,38.0
SKU015,125,1182.21,1.1,0.343,79.2,22,43.4
SKU015,126,1135.27,1.3,0.364,82.0,20,38.3
SKU015,127,824.66,5.8,0.337,76.2,21,37.0
SKU015,128,859.28,4.5,0.357,78.2,20,46.4
SKU015,129,1156.63,4.7,0.365,82.9,21,40.2
SKU015,130,1169.81,5.0,0.368,81.8,26,45.1
SKU015,131,1542.7,3.4,0.384,82.3,22,42.6
SKU015,132,1093.2,5.1,0.373,86.4,28,43.0
SKU015,133,1540.7,3.0,0.387,87.4,25,49.3
SKU015,134,1273.02,2.0,0.354,78.1,22,42.6
SKU015,135,1268.09,5.1,0.337,80.5,21,48.9
SKU015,136,1090.1,5.5,0.356,84.8,17,43.8
SKU015,137,914.89,2.1,0.349,86.9,23,36.3
SKU015,138,1722.76,2.8,0.356,85.4,26,50.2
SKU015,139,1698.33,3.1,0.346,79.1,23,39.6
SKU015,140,1068.72,1.5,0.366,86.1,13,40.0
SKU015,141,1486.09,3.9,0.347,77.4,17,52.5
SKU015,142,1626.36,4.0,0.355,78.2,24,51.8
SKU015,143,1294.51,3.5,0.363,84.8,21,49.1
SKU015,144,1488.13,3.1,0.379,77.0,22,40.1
SKU015,145,993.4,1.4,0.386,86.0,16,46.6
SKU015,146,1320.83,4.5,0.348,82.6,20,43.5
SKU015,147,971.97,4.9,0.384,82.0,23,43.3
SKU015,148,1326.45,1.1,0.379,76.7,21,52.3
SKU015,149,1087.48,4.3,0.361,83.0,25,49.8
SKU015,150,1692.3,4.8,0.375,86.0,19,41.0
SKU015,151,1595.4,4.7,0.384,76.8,26,42.1
SKU015,152,1677.94,5.9,0.348,79.6,27,50.5
SKU015,153,763.36,1.3,0.354,78.6,26,50.7
SKU015,154,1688.09,3.5,0.379,82.5,28,48.9
SKU015,155,1456.33,2.9,0.36,84.5,18,45.8
SKU015,156,896.99,5.8,0.366,77.5,19,48.0
SKU015,157,1333.02,2.9,0.358,83.2,25,50.4
SKU015,158,989.38,6.2,0.336,78.7,19,39.6
SKU015,159,909.33,6.1,0.336,76.5,26,47.7
SKU015,160,1231.88,2.0,0.357,84.5,22,49.7
SKU015,161,964.99,3.2,0.364,83.7,21,47.4
SKU015,162,1390.73,5.6,0.339,86.2,16,42.6
SKU015,163,1147.21,5.9,0.388,87.2,17,44.8
SKU015,164,1433.48,2.3,0.382,77.9,23,37.6
SKU015,165,1550.55,3.3,0.335,79.9,20,45.4
SKU015,166,888.57,2.5,0.382,80.8,17,37.3
SKU015,167,777.29,4.5,0.378,84.1,17,43.4
SKU015,168,965.53,5.7,0.366,81.7,20,36.3
SKU015,169,1292.4,5.8,0.368,79.1,21,44.2
SKU015,170,1248.73,5.3,0.366,80.9,17,39.1
SKU015,171,1335.34,4.4,0.342,83.4,23,42.5
SKU015,172,1483.49,6.1,0.362,77.4,19,50.7
SKU015,173,1027.65,3.2,0.355,77.5,26,46.1
SKU015,174,1506.73,5.2,0.381,81.5,23,50.8
SKU015,175,1407.18,2.8,0.374,78.7,22,45.9
SKU015,176,962.75,5.1,0.368,77.9,21,39.2
SKU015,177,1212.8,5.2,0.398,83.2,23,51.3
SKU015,178,1232.47,1.3,0.401,78.7,21,40.6
SKU015,179,900.25,3.1,0.358,81.1,18,49.8
SKU015,180,944.51,6.0,0.359,86.6,22,41.5
SKU016,1,3102.94,4.5,0.454,78.5,24,40.0
SKU016,2,2100.13,5.8,0.444,74.3,24,40.3
SKU016,3,4087.51,5.6,0.47,77.1,22,46.3
SKU016,4,2979.22,4.0,0.425,77.3,17,36.4
SKU016,5,2449.54,6.5,0.437,77.6,22,33.8
SKU016,6,4183.63,6.0,0.477,69.6,21,42.7
SKU016,7,2503.7,1.2,0.441,76.6,28,36.9
SKU016,8,4573.22,4.7,0.452,75.3,28,35.1
SKU016,9,3537.83,6.6,0.434,70.2,22,32.9
SKU016,10,3847.84,4.7,0.419,77.4,28,39.8
SKU016,11,3899.4,1.2,0.431,80.9,22,37.1
SKU016,12,3162.87,6.5,0.449,69.7,19,35.5
SKU016,13,3753.5,5.7,0.467,78.7,24,42.9
SKU016,14,4357.5,6.4,0.485,77.1,22,40.2
SKU016,15,3175.13,3.5,0.472,74.1,22,32.5
SKU016,16,4577.05,1.2,0.423,73.2,27,45.1
SKU016,17,4356.15,5.5,0.425,70.7,25,33.7
SKU016,18,3579.44,4.4,0.445,72.1,23,42.5
SKU016,19,2574.23,6.4,0.448,79.9,25,32.4
SKU016,20,3472.12,4.7,0.437,71.7,29,34.9
SKU016,21,2690.8,5.6,0.443,72.2,18,34.0
SKU016,22,3221.18,2.9,0.44,78.2,26,44.1
SKU016,23,3350.41,5.7,0.428,74.5,22,38.7
SKU016,24,3603.6,1.7,0.459,77.7,24,38.0
SKU016,25,4327.99,2.6,0.431,70.1,26,33.6
SKU016,26,2503.3,4.4,0.435,80.6,23,43.9
SKU016,27,3181.77,5.9,0.466,73.2,28,34.0
SKU016,28,4506.84,5.0,0.455,79.1,22,37.0
SKU016,29,2427.82,1.1,0.43,73.4,18,33.3
SKU016,30,4093.86,5.3,0.436,79.7,25,45.3
SKU016,31,3124.54,1.4,0.442,77.4,20,42.4
SKU016,32,4227.06,4.1,0.447,76.2,20,42.2
SKU016,33,3500.32,2.4,0.406,70.9,27,45.9
SKU016,34,3862.24,4.6,0.44,78.7,22,34.9
SKU016,35,4864.39,5.1,0.446,71.0,26,45.3
SKU016,36,2426.08,3.6,0.448,71.8,25,35.7
SKU016,37,3754.63,1.9,0.426,70.3,22,35.8
SKU016,38,3381.65,6.0,0.472,79.2,24,45.9
SKU016,39,4117.01,2.7,0.459,73.0,21,42.9
SKU016,40,3439.95,4.3,0.44,70.0,26,40.9
SKU016,41,4358.46,6.5,0.44,72.7,26,33.1
SKU016,42,2502.39,4.5,0.429,80.3,19,47.1
SKU016,43,3806.96,5.0,0.436,79.1,18,42.8
SKU016,44,4410.25,3.9,0.472,70.7,22,45.1
SKU016,45,3096.46,2.8,0.46,75.7,27,39.3
SKU016,46,2668.8,1.1,0.4,78.7,24,42.2
SKU016,47,2117.65,1.5,0.434,70.7,28,34.4
SKU016,48,4020.27,4.8,0.41,80.3,27,33.0
SKU016,49,4226.03,4.8,0.454,79.0,27,44.9
SKU016,50,2183.26,3.8,0.456,70.8,21,38.9
SKU016,51,3151.04,6.4,0.433,76.5,23,37.3
SKU016,52,2197.76,2.9,0.447,74.7,25,41.2
SKU016,53,2923.05,6.1,0.448,79.1,27,37.6
SKU016,54,4185.41,3.7,0.452,70.7,24,39.5
SKU016,55,4175.31,3.8,0.442,72.2,18,39.5
SKU016,56,2743.87,5.7,0.458,76.6,24,41.0
SKU016,57,4232.73,1.9,0.407,81.1,21,42.0
SKU016,58,2869.3,5.3,0.454,81.2,24,37.2
SKU016,59,4037.25,2.2,0.491,70.2,28,42.7
SKU016,60,2964.3,2.8,0.458,76.7,31,46.1
SKU016,61,3169.79,3.5,0.454,78.5,27,46.8
SKU016,62,3686.46,2.3,0.439,81.5,23,36.6
SKU016,63,3000.05,5.5,0.447,80.5,23,37.9
SKU016,64,3069.95,5.1,0.419,79.6,26,43.3
SKU016,65,3166.75,6.6,0.456,74.0,19,46.9
SKU016,66,3498.95,4.6,0.43,73.5,25,33.5
SKU016,67,2684.07,3.1,0.471,81.2,26,45.0
SKU016,68,2526.2,5.3,0.468,80.6,24,34.0
SKU016,69,2274.53,2.3,0.451,70.3,22,45.8
SKU016,70,2931.78,4.4,0.437,71.0,16,45.1
SKU016,71,2938.85,2.3,0.46,70.2,24,40.4
SKU016,72,3357.19,3.3,0.469,70.5,17,45.0
SKU016,73,3148.64,3.2,0.438,76.5,21,44.2
SKU016,74,2080.52,4.5,0.421,75.4,28,45.0
SKU016,75,3635.69,4.8,0.437,74.8,27,41.8
SKU016,76,3517.01,2.1,0.435,77.7,31,36.7
SKU016,77,2955.92,4.9,0.435,75.1,20,32.4
SKU016,78,2550.61,2.3,0.441,69.9,26,37.4
SKU016,79,2262.32,4.3,0.467,76.3,32,42.9
SKU016,80,3458.29,1.1,0.48,79.0,23,34.7
SKU016,81,2091.1,6.6,0.468,78.4,21,35.6
SKU016,82,2976.99,3.0,0.461,75.5,25,37.4
SKU016,83,1869.94,2.2,0.426,76.2,22,33.9
SKU016,84,3335.42,5.0,0.417,80.7,24,33.2
SKU016,85,2779.71,3.5,0.441,70.7,22,39.6
SKU016,86,2559.57,5.3,0.442,79.0,22,46.5
SKU016,87,2906.96,3.7,0.438,72.8,17,46.8
SKU016,88,3550.66,5.0,0.437,72.9,26,43.9
SKU016,89,2209.66,5.2,0.424,72.8,22,41.4
SKU016,90,3603.8,4.6,0.427,77.7,28,41.6
SKU016,91,1951.86,3.9,0.45,76.4,30,37.3
SKU016,92,2485.31,5.1,0.419,70.9,21,36.6
SKU016,93,3571.41,4.6,0.426,79.8,25,38.5
SKU016,94,3214.67,2.3,0.478,70.9,27,39.7
SKU016,95,3057.37,2.5,0.462,78.6,20,39.6
SKU016,96,2989.73,3.2,0.445,73.3,25,36.5
SKU016,97,2627.88,1.9,0.429,81.0,25,44.3
SKU016,98,3995.53,5.7,0.437,81.2,19,36.0
SKU016,99,2529.09,1.9,0.462,78.9,22,38.9
SKU016,100,2968.51,4.7,0.459,75.7,19,37.4
SKU016,101,3264.36,6.3,0.466,73.6,25,42.9
SKU016,102,3962.58,4.6,0.442,73.6,24,42.5
SKU016,103,3743.96,6.1,0.476,79.7,27,34.5
SKU016,104,2996.48,2.0,0.439,74.1,21,37.0
SKU016,105,3348.95,5.1,0.426,80.7,24,45.3
SKU016,106,2863.04,3.5,0.467,72.6,24,33.0
SKU016,107,2185.13,1.8,0.463,79.2,22,41.0
SKU016,108,3110.96,5.6,0.441,70.8,25,46.5
SKU016,109,3513.79,1.1,0.46,74.2,21,32.9
SKU016,110,3165.83,2.1,0.449,70.4,23,33.6
SKU016,111,2556.54,2.1,0.432,78.5,23,39.0
SKU016,112,4286.5,2.0,0.416,79.4,24,36.7
SKU016,113,2852.49,4.1,0.402,77.3,22,45.5
SKU016,114,2974.72,4.3,0.452,71.7,26,44.8
SKU016,115,3823.49,5.4,0.465,70.8,23,37.7
SKU016,116,3229.56,1.4,0.426,71.3,24,42.2
SKU016,117,2596.25,2.1,0.458,71.2,26,38.2
SKU016,118,2132.11,1.9,0.432,77.5,21,46.1
SKU016,119,3837.89,3.0,0.469,73.7,21,43.3
SKU016,120,4083.09,1.3,0.427,73.1,25,43.4
SKU016,121,2082.68,6.4,0.467,72.0,23,39.0
SKU016,122,2426.1,4.3,0.446,76.3,24,36.6
SKU016,123,2231.41,2.3,0.454,77.6,21,35.4
SKU016,124,2658.19,1.8,0.431,76.8,33,39.5
SKU016,125,3200.56,1.4,0.45,70.7,20,45.6
SKU016,126,4277.29,4.4,0.419,69.9,22,36.1
SKU016,127,2148.99,3.5,0.416,79.0,29,44.0
SKU016,128,3769.0,5.6,0.443,81.2,21,42.9
SKU016,129,2665.13,1.4,0.46,72.1,25,44.3
SKU016,130,4495.23,4.6,0.443,74.0,27,45.1
SKU016,131,4411.73,4.4,0.452,70.2,25,32.4
SKU016,132,2174.02,5.9,0.464,77.2,23,44.9
SKU016,133,4221.14,1.1,0.439,81.2,25,46.6
SKU016,134,2366.27,5.2,0.469,77.1,25,35.1
SKU016,135,3974.43,4.1,0.416,71.7,26,34.1
SKU016,136,2952.86,1.1,0.424,71.6,22,44.2
SKU016,137,3234.18,2.6,0.429,76.1,23,34.2
SKU016,138,3263.63,3.3,0.471,74.9,23,38.0
SKU016,139,4312.12,6.0,0.457,70.5,23,35.8
SKU016,140,3162.02,4.2,0.463,72.7,23,40.2
SKU016,141,3370.31,5.9,0.449,70.5,23,33.7
SKU016,142,3737.37,5.0,0.452,80.3,24,44.3
SKU016,143,3469.71,3.5,0.42,78.8,24,37.5
SKU016,144,2486.1,1.2,0.437,77.7,23,45.0
SKU016,145,3394.07,4.2,0.451,71.4,26,41.0
SKU016,146,4049.47,6.3,0.461,81.2,25,35.7
SKU016,147,4405.39,2.7,0.46,73.7,18,41.6
SKU016,148,2775.47,1.4,0.46,77.0,22,39.6
SKU016,149,2406.26,3.5,0.421,70.2,24,41.7
SKU016,150,4827.31,3.3,0.459,74.1,19,45.3
SKU016,151,2843.52,3.3,0.435,78.2,19,32.7
SKU016,152,4561.65,3.7,0.464,77.8,20,45.0
SKU016,153,2559.53,3.4,0.443,77.4,19,39.2
SKU016,154,3117.63,6.2,0.434,74.3,25,36.6
SKU016,155,3683.24,3.2,0.463,79.3,24,36.9
SKU016,156,2996.39,6.3,0.432,79.0,26,42.5
SKU016,157,2922.71,3.0,0.438,75.9,19,37.0
SKU016,158,4226.06,1.6,0.436,73.5,21,42.7
SKU016,159,3257.51,1.5,0.466,79.1,22,45.8
SKU016,160,2541.56,2.5,0.475,74.5,24,41.3
SKU016,161,4140.88,5.5,0.472,76.9,23,40.0
SKU016,162,3669.62,4.4,0.446,80.9,19,37.3
SKU016,163,2929.49,4.1,0.44,80.8,25,35.0
SKU016,164,2952.63,3.4,0.478,71.9,26,34.5
SKU016,165,2407.98,5.6,0.435,80.2,27,38.2
SKU016,166,4050.72,4.7,0.47,75.9,26,43.0
SKU016,167,2551.08,6.1,0.451,80.2,26,46.0
SKU016,168,2188.64,1.5,0.418,77.1,21,38.1
SKU016,169,3379.89,4.9,0.461,80.1,20,34.4
SKU016,170,3006.03,4.0,0.449,79.0,26,35.7
SKU016,171,3614.63,6.2,0.448,70.7,25,39.4
SKU016,172,3935.38,3.4,0.433,74.9,25,33.8
SKU016,173,4017.62,3.3,0.479,76.4,28,33.6
SKU016,174,4034.82,1.5,0.462,75.0,23,41.9
SKU016,175,3296.62,2.7,0.394,77.8,23,45.6
SKU016,176,2008.28,3.5,0.431,79.9,26,40.3
SKU016,177,4147.6,3.7,0.426,71.6,20,39.3
SKU016,178,1919.36,2.6,0.451,73.2,25,38.3
SKU016,179,3265.17,3.7,0.476,79.1,27,39.9
SKU016,180,3419.87,1.7,0.415,74.7,22,40.8
SKU017,1,1704.66,5.5,0.44,76.7,21,36.0
SKU017,2,1626.12,5.8,0.477,85.3,22,40.6
SKU017,3,1361.56,5.8,0.414,76.2,12,44.5
SKU017,4,1838.29,7.0,0.416,78.9,20,38.3
SKU017,5,939.98,3.3,0.445,74.2,22,45.5
SKU017,6,1308.02,5.4,0.405,75.9,17,46.5
SKU017,7,1197.1,1.8,0.429,74.9,23,45.9
SKU017,8,1331.99,3.3,0.427,78.5,23,35.9
SKU017,9,1780.67,9.4,0.438,75.7,15,35.9
SKU017,10,1933.83,7.2,0.435,77.7,18,46.0
SKU017,11,1916.68,9.0,0.418,77.2,24,43.2
SKU017,12,1452.13,3.6,0.447,81.3,17,38.0
SKU017,13,1644.71,5.8,0.443,84.4,20,44.4
SKU017,14,1582.64,8.0,0.441,85.3,16,46.6
SKU017,15,988.48,4.5,0.422,74.7,22,41.1
SKU017,16,1091.95,7.9,0.429,77.0,15,39.2
SKU017,17,1242.47,3.9,0.439,81.5,22,38.1
SKU017,18,1036.35,5.5,0.429,74.3,17,45.1
SKU017,19,1633.5,5.7,0.426,80.6,18,43.9
SKU017,20,1160.89,8.3,0.413,85.7,22,34.2
SKU017,21,1845.2,7.0,0.433,74.5,23,46.6
SKU017,22,1706.27,7.1,0.439,82.4,20,37.3
SKU017,23,2120.94,3.2,0.437,83.1,17,47.5
SKU017,24,1641.37,5.9,0.416,74.6,20,47.1
SKU017,25,1496.94,4.4,0.427,78.7,23,45.3
SKU017,26,1578.45,1.6,0.408,84.4,20,45.2
SKU017,27,1519.6,2.4,0.444,82.4,19,39.9
SKU017,28,1241.12,6.5,0.436,74.4,25,46.7
SKU017,29,978.0,7.5,0.426,77.7,23,33.9
SKU017,30,1248.81,5.1,0.439,75.7,21,45.1
SKU017,31,1405.04,8.0,0.437,75.9,18,46.7
SKU017,32,1221.88,3.5,0.407,81.4,17,35.9
SKU017,33,1522.41,4.7,0.439,84.7,21,36.8
SKU017,34,1943.88,4.5,0.426,75.1,23,44.0
SKU017,35,1066.88,5.9,0.423,78.4,23,41.0
SKU017,36,1076.39,6.8,0.419,81.0,21,33.8
SKU017,37,1493.81,3.9,0.436,84.9,19,40.4
SKU017,38,1026.49,5.4,0.41,82.3,18,40.5
SKU017,39,1821.56,9.7,0.429,80.4,22,32.9
SKU017,40,1178.64,5.5,0.453,83.4,25,47.4
SKU017,41,1714.16,3.3,0.437,85.3,20,38.9
SKU017,42,1978.72,8.3,0.424,77.4,28,36.0
SKU017,43,2010.81,3.1,0.46,82.9,22,42.8
SKU017,44,1957.46,4.2,0.422,74.2,19,40.7
SKU017,45,1204.37,2.2,0.401,85.9,21,33.0
SKU017,46,1612.03,2.9,0.427,83.0,21,45.4
SKU017,47,1293.74,1.7,0.45,81.6,25,34.8
SKU017,48,1378.37,9.9,0.459,79.4,18,34.2
SKU017,49,1853.07,5.9,0.475,84.8,24,44.3
SKU017,50,1731.75,2.9,0.443,74.3,24,36.6
SKU017,51,1709.67,5.0,0.445,75.9,19,35.3
SKU017,52,1709.57,8.5,0.428,77.3,17,42.0
SKU017,53,1311.31,5.5,0.417,85.5,21,46.1
SKU017,54,872.7,5.5,0.432,81.1,16,45.6
SKU017,55,1860.39,4.6,0.455,75.9,13,35.7
SKU017,56,1516.33,2.3,0.421,86.0,20,34.6
SKU017,57,1563.76,3.1,0.414,74.7,18,36.5
SKU017,58,949.24,7.2,0.427,83.9,21,36.1
SKU017,59,1594.24,8.3,0.445,85.9,24,32.9
SKU017,60,1090.02,9.9,0.453,79.9,19,39.6
SKU017,61,922.07,9.5,0.408,84.6,18,42.2
SKU017,62,1185.26,5.9,0.457,75.6,28,35.2
SKU017,63,858.1,4.1,0.431,84.5,22,47.3
SKU017,64,1777.54,2.9,0.456,85.1,20,33.6
SKU017,65,1031.13,7.3,0.441,83.0,19,45.0
SKU017,66,1450.37,2.4,0.44,83.4,19,38.6
SKU017,67,930.06,2.9,0.409,83.4,18,44.0
SKU017,68,920.26,3.3,0.449,82.2,23,45.8
SKU017,69,1178.37,7.7,0.41,80.2,15,43.9
SKU017,70,881.37,3.7,0.444,84.0,20,35.9
SKU017,71,1055.91,9.0,0.436,74.7,22,36.1
SKU017,72,1084.23,2.2,0.434,86.0,14,34.4
SKU017,73,1500.26,2.7,0.428,77.1,17,42.9
SKU017,74,1039.85,2.8,0.412,75.7,20,43.0
SKU017,75,1250.58,2.5,0.447,83.7,20,43.0
SKU017,76,907.55,3.0,0.448,76.9,18,35.1
SKU017,77,958.36,3.0,0.418,78.6,13,39.9
SKU017,78,1559.72,5.6,0.382,84.2,22,45.9
SKU017,79,1226.94,4.2,0.447,77.9,21,46.2
SKU017,80,1657.96,3.5,0.396,75.2,23,42.9
SKU017,81,997.41,5.6,0.436,78.7,23,40.4
SKU017,82,1379.57,9.8,0.419,84.7,20,44.1
SKU017,83,1678.82,7.3,0.423,82.8,20,39.0
SKU017,84,1454.08,9.3,0.437,79.8,17,44.3
SKU017,85,1464.67,5.8,0.421,75.4,27,41.0
SKU017,86,1081.85,2.1,0.421,83.8,17,41.5
SKU017,87,1303.39,3.3,0.468,77.9,20,46.2
SKU017,88,1659.6,7.3,0.429,82.8,24,39.1
SKU017,89,788.13,3.5,0.415,78.2,21,44.9
SKU017,90,816.17,3.1,0.429,83.1,21,38.0
SKU017,91,1404.62,5.5,0.444,77.5,18,46.9
SKU017,92,1110.13,3.4,0.443,78.0,21,34.1
SKU017,93,1423.01,9.3,0.442,81.0,24,38.9
SKU017,94,835.57,4.3,0.473,86.1,19,44.7
SKU017,95,1148.36,5.0,0.398,78.1,21,33.5
SKU017,96,1255.32,6.5,0.449,85.2,20,33.6
SKU017,97,1364.72,7.6,0.404,84.7,18,35.0
SKU017,98,1386.29,8.8,0.433,80.1,17,33.2
SKU017,99,1721.9,7.1,0.419,84.7,22,45.3
SKU017,100,1748.34,2.7,0.433,84.4,22,41.5
SKU017,101,1224.59,6.0,0.413,83.5,23,41.5
SKU017,102,1123.38,6.3,0.455,79.2,20,35.5
SKU017,103,1784.56,4.0,0.454,83.9,29,36.6
SKU017,104,1168.36,9.9,0.405,82.0,23,40.9
SKU017,105,1060.1,5.0,0.439,84.8,22,45.0
SKU017,106,974.5,4.1,0.415,82.1,21,43.3
SKU017,107,1161.68,3.4,0.427,80.1,18,33.8
SKU017,108,946.96,9.7,0.437,79.5,22,41.3
SKU017,109,930.88,1.8,0.441,76.9,19,37.7
SKU017,110,903.03,3.2,0.449,77.9,26,46.5
SKU017,111,1861.05,7.9,0.454,79.2,15,42.5
SKU017,112,1524.71,7.6,0.43,80.9,20,44.7
SKU017,113,847.56,5.7,0.464,79.3,18,35.8
SKU017,114,1858.84,5.7,0.41,83.8,26,39.8
SKU017,115,1390.23,6.2,0.42,76.1,18,34.4
SKU017,116,1573.1,5.1,0.448,80.4,21,44.7
SKU017,117,1366.66,8.3,0.455,79.6,20,47.1
SKU017,118,1398.16,5.3,0.409,82.0,21,44.1
SKU017,119,1492.79,6.1,0.436,76.0,17,34.1
SKU017,120,1798.78,6.4,0.431,81.6,16,36.7
SKU017,121,918.33,5.6,0.403,82.5,24,43.5
SKU017,122,975.22,8.8,0.439,81.0,19,41.3
SKU017,123,1597.36,1.6,0.421,80.7,18,33.6
SKU017,124,1133.88,3.2,0.451,82.8,14,33.7
SKU017,125,1002.19,10.2,0.426,81.5,18,36.8
SKU017,126,1409.33,2.4,0.41,84.4,20,33.9
SKU017,127,991.62,3.1,0.422,80.4,23,44.1
SKU017,128,1498.15,8.1,0.424,80.6,19,40.9
SKU017,129,1812.25,6.7,0.407,77.4,20,36.6
SKU017,130,1559.39,4.4,0.454,78.4,18,34.9
SKU017,131,1517.67,6.4,0.417,80.5,23,44.4
SKU017,132,1356.91,6.5,0.427,77.7,21,37.2
SKU017,133,1801.66,3.5,0.428,78.4,20,37.7
SKU017,134,1169.1,5.1,0.44,77.1,19,44.4
SKU017,135,1924.02,6.7,0.437,84.6,26,46.9
SKU017,136,1693.7,9.7,0.436,81.8,18,40.9
SKU017,137,985.66,7.6,0.411,84.6,20,38.8
SKU017,138,1913.12,7.6,0.431,85.4,20,38.9
SKU017,139,2049.17,6.8,0.429,81.7,21,41.4
SKU017,140,1510.92,3.4,0.433,80.4,20,41.6
SKU017,141,1700.68,9.7,0.418,75.6,18,45.8
SKU017,142,1562.49,6.9,0.406,82.9,22,46.8
SKU017,143,1547.89,3.2,0.42,82.8,25,41.0
SKU017,144,1506.12,2.2,0.41,75.9,20,34.8
SKU017,145,1551.14,2.6,0.444,78.7,22,45.0
SKU017,146,1423.53,9.4,0.394,83.2,17,36.0
SKU017,147,2094.66,5.2,0.417,80.3,25,38.7
SKU017,148,1069.42,1.8,0.442,82.5,20,33.0
SKU017,149,1500.9,3.9,0.437,81.6,22,33.0
SKU017,150,1836.43,2.2,0.445,77.5,23,42.1
SKU017,151,1325.14,6.1,0.456,80.1,22,46.6
SKU017,152,953.51,1.9,0.399,75.2,22,37.9
SKU017,153,1760.85,8.6,0.425,76.1,24,44.2
SKU017,154,1561.68,8.5,0.42,77.8,25,34.3
SKU017,155,1001.2,6.6,0.441,84.8,22,32.9
SKU017,156,1050.55,7.3,0.398,82.2,20,34.6
SKU017,157,1125.84,2.4,0.456,83.8,19,45.2
SKU017,158,1240.08,4.2,0.436,77.7,21,46.6
SKU017,159,2023.21,5.8,0.431,82.8,19,34.3
SKU017,160,1798.84,6.0,0.412,78.4,19,44.8
SKU017,161,1454.91,8.2,0.42,75.2,18,33.3
SKU017,162,961.55,8.6,0.448,78.8,20,46.9
SKU017,163,1662.37,9.4,0.387,79.8,18,37.4
SKU017,164,875.69,7.9,0.449,76.0,17,46.1
SKU017,165,1629.76,6.4,0.444,82.7,21,46.9
SKU017,166,1021.07,8.3,0.44,81.0,22,35.4
SKU017,167,1333.88,3.7,0.436,79.1,19,33.4
SKU017,168,1022.45,6.4,0.471,79.4,19,36.7
SKU017,169,1487.0,4.6,0.436,78.8,17,35.8
SKU017,170,1775.99,5.4,0.438,79.7,19,39.2
SKU017,171,1125.36,7.8,0.442,78.4,21,42.1
SKU017,172,1372.18,1.8,0.412,78.8,21,36.8
SKU017,173,1580.44,2.9,0.427,85.8,21,43.0
SKU017,174,1115.91,7.8,0.449,83.3,26,42.3
SKU017,175,955.82,9.8,0.421,76.4,13,36.2
SKU017,176,1481.91,6.6,0.425,83.9,23,35.9
SKU017,177,1164.71,7.8,0.447,81.6,20,33.4
SKU017,178,1473.71,7.3,0.436,78.5,21,42.8
SKU017,179,1508.94,3.7,0.414,85.6,19,44.0
SKU017,180,1632.71,9.6,0.442,84.5,24,37.9
SKU018,1,2506.21,5.1,0.363,77.1,14,33.6
SKU018,2,4381.29,1.1,0.351,84.1,14,47.5
SKU018,3,2340.28,2.0,0.383,76.7,12,39.1
SKU018,4,2193.04,1.6,0.363,76.6,18,38.5
SKU018,5,3856.37,3.8,0.379,79.7,19,34.3
SKU018,6,2787.33,1.9,0.349,73.0,21,33.3
SKU018,7,4953.72,2.4,0.327,83.0,17,35.0
SKU018,8,2805.26,6.2,0.392,78.4,18,48.5
SKU018,9,5108.26,3.8,0.375,74.4,18,42.1
SKU018,10,4440.74,4.0,0.352,82.5,14,35.1
SKU018,11,4980.24,2.7,0.36,78.2,19,46.1
SKU018,12,2749.4,3.9,0.358,76.8,17,33.6
SKU018,13,3417.92,4.3,0.37,82.1,15,46.1
SKU018,14,4518.22,2.3,0.358,73.2,14,35.8
SKU018,15,3883.21,4.5,0.352,83.7,19,48.1
SKU018,16,2823.48,2.5,0.361,77.9,21,34.9
SKU018,17,4464.61,3.1,0.319,80.6,19,35.1
SKU018,18,5090.36,2.8,0.353,82.2,21,33.9
SKU018,19,4369.18,5.9,0.367,81.6,16,47.5
SKU018,20,4964.73,4.7,0.373,80.6,18,34.5
SKU018,21,3118.7,3.1,0.363,77.5,17,36.9
SKU018,22,3498.83,4.3,0.348,79.8,14,41.3
SKU018,23,3305.02,5.2,0.349,73.3,20,37.0
SKU018,24,5259.01,1.8,0.351,80.0,21,47.7
SKU018,25,2993.79,3.7,0.366,75.5,14,33.7
SKU018,26,2396.15,1.1,0.361,83.7,20,33.5
SKU018,27,5213.2,5.7,0.334,79.5,17,43.7
SKU018,28,3713.06,3.9,0.346,81.8,18,47.6
SKU018,29,5305.85,6.4,0.377,81.4,20,46.1
SKU018,30,3870.65,6.0,0.354,78.7,22,47.3
SKU018,31,2706.57,6.6,0.338,74.8,21,41.4
SKU018,32,4281.79,3.7,0.378,80.3,18,37.0
SKU018,33,4972.32,4.9,0.353,84.1,20,43.6
SKU018,34,3013.08,1.9,0.375,82.0,16,42.3
SKU018,35,3639.1,3.7,0.344,73.0,19,42.3
SKU018,36,5265.82,5.3,0.342,73.0,12,42.5
SKU018,37,4016.15,3.7,0.359,77.6,21,39.3
SKU018,38,3507.76,2.7,0.372,79.5,18,39.9
SKU018,39,3112.03,2.3,0.358,84.6,19,37.7
SKU018,40,3366.89,1.3,0.328,77.6,17,47.8
SKU018,41,2691.78,6.4,0.36,82.5,17,45.4
SKU018,42,3830.59,3.2,0.399,78.1,19,33.4
SKU018,43,2693.31,1.3,0.336,74.6,17,46.4
SKU018,44,3831.5,2.7,0.341,84.8,19,42.4
SKU018,45,3998.63,1.2,0.378,74.7,19,41.5
SKU018,46,5093.46,5.8,0.36,78.2,17,46.8
SKU018,47,5129.22,4.2,0.372,79.2,18,33.9
SKU018,48,4012.36,5.4,0.366,76.3,24,46.7
SKU018,49,2657.22,1.9,0.363,74.5,19,33.5
SKU018,50,3041.78,4.2,0.398,79.4,19,48.5
SKU018,51,4168.28,4.5,0.363,78.0,18,45.4
SKU018,52,4853.99,2.2,0.314,84.5,17,39.4
SKU018,53,2489.13,3.6,0.366,80.3,19,42.7
SKU018,54,2667.64,4.0,0.389,83.7,17,41.4
SKU018,55,2881.47,6.5,0.339,81.3,20,34.3
SKU018,56,4647.94,4.4,0.346,77.2,16,47.7
SKU018,57,3947.94,3.7,0.37,78.7,16,35.4
SKU018,58,4447.95,1.5,0.376,81.1,20,45.5
SKU018,59,4601.28,6.2,0.326,80.4,14,42.2
SKU018,60,2830.8,6.1,0.339,77.5,17,40.7
SKU018,61,3982.87,2.0,0.355,74.3,15,37.0
SKU018,62,4096.52,3.4,0.346,83.7,22,45.6
SKU018,63,3012.49,1.2,0.381,84.2,18,37.2
SKU018,64,4544.78,1.7,0.369,80.5,18,39.8
SKU018,65,2486.78,6.4,0.351,74.0,13,37.5
SKU018,66,3141.65,4.5,0.374,80.2,20,35.3
SKU018,67,4482.48,1.7,0.358,75.4,21,46.1
SKU018,68,2825.2,4.1,0.323,77.4,17,40.6
SKU018,69,3558.09,3.5,0.355,76.8,15,34.8
SKU018,70,4033.31,4.8,0.344,82.5,18,40.5
SKU018,71,2674.6,5.9,0.381,82.7,18,42.5
SKU018,72,3972.09,5.8,0.329,74.8,17,43.6
SKU018,73,3776.35,2.9,0.348,78.3,15,34.2
SKU018,74,2106.2,2.6,0.354,80.4,15,36.8
SKU018,75,3598.61,3.9,0.365,74.0,17,43.6
SKU018,76,3405.8,4.1,0.379,79.9,19,33.7
SKU018,77,3912.82,5.3,0.355,80.4,16,38.1
SKU018,78,3294.27,1.8,0.371,77.8,21,43.8
SKU018,79,3594.45,2.9,0.357,77.8,17,41.1
SKU018,80,2191.56,6.6,0.348,74.2,21,36.9
SKU018,81,3418.64,2.8,0.355,76.0,21,43.1
SKU018,82,3956.7,5.6,0.367,80.6,17,34.8
SKU018,83,3743.57,5.1,0.373,76.3,22,45.3
SKU018,84,4216.53,3.2,0.362,72.9,20,47.4
SKU018,85,2774.47,3.9,0.355,77.2,18,34.7
SKU018,86,3667.05,2.1,0.361,74.8,15,48.0
SKU018,87,2273.37,4.4,0.351,80.7,13,48.1
SKU018,88,3598.51,2.7,0.393,76.2,20,38.5
SKU018,89,1924.56,6.6,0.348,81.7,20,43.3
SKU018,90,2903.42,1.8,0.359,74.7,12,45.7
SKU018,91,2431.45,4.7,0.361,82.5,17,42.6
SKU018,92,1987.27,2.9,0.369,82.5,17,37.3
SKU018,93,3029.23,1.7,0.37,73.0,19,38.1
SKU018,94,4158.12,5.4,0.324,76.3,18,44.8
SKU018,95,4167.45,3.3,0.371,83.6,22,43.8
SKU018,96,3722.59,1.3,0.368,83.2,15,46.1
SKU018,97,2978.41,3.7,0.365,83.5,18,38.7
SKU018,98,3487.11,4.8,0.365,73.5,24,41.3
SKU018,99,4425.19,2.1,0.366,79.8,20,47.3
SKU018,100,3122.64,4.0,0.348,79.5,18,43.5
SKU018,101,3246.58,3.0,0.372,84.7,14,46.5
SKU018,102,2102.74,1.4,0.33,75.8,15,37.8
SKU018,103,2487.0,2.9,0.363,76.4,24,34.8
SKU018,104,2861.9,3.7,0.377,77.5,16,42.6
SKU018,105,3697.45,2.4,0.365,75.9,19,47.2
SKU018,106,4542.84,5.0,0.346,82.5,20,42.7
SKU018,107,3176.06,3.8,0.369,78.3,19,37.7
SKU018,108,2609.52,5.1,0.342,76.7,13,37.6
SKU018,109,2863.24,1.7,0.361,84.1,19,46.9
SKU018,110,2423.43,1.6,0.365,83.6,19,46.7
SKU018,111,3804.54,6.4,0.376,73.5,13,34.0
SKU018,112,4086.83,3.7,0.351,80.2,12,48.0
SKU018,113,3927.32,4.8,0.353,81.9,15,42.1
SKU018,114,2761.68,5.9,0.364,78.2,14,37.2
SKU018,115,3639.67,2.0,0.341,79.9,19,45.2
SKU018,116,2749.75,4.6,0.386,76.0,14,36.8
SKU018,117,4857.23,4.7,0.36,73.0,18,44.9
SKU018,118,2529.43,3.6,0.371,80.8,17,42.6
SKU018,119,4987.85,5.8,0.363,75.0,20,41.5
SKU018,120,3065.8,6.3,0.366,76.7,20,44.7
SKU018,121,4520.53,1.1,0.363,81.8,19,35.9
SKU018,122,3897.37,1.7,0.365,83.7,20,48.2
SKU018,123,5115.85,1.5,0.368,74.9,15,38.8
SKU018,124,3305.01,4.3,0.37,81.3,21,46.3
SKU018,125,4449.7,2.3,0.36,81.7,23,37.9
SKU018,126,4628.6,2.2,0.372,76.2,18,33.5
SKU018,127,4413.36,3.9,0.327,73.9,24,43.5
SKU018,128,4012.6,1.5,0.367,79.1,18,34.6
SKU018,129,2517.98,4.7,0.428,84.0,17,34.9
SKU018,130,3245.56,1.9,0.379,83.5,15,37.8
SKU018,131,4683.7,6.0,0.372,82.6,17,38.8
SKU018,132,3280.66,2.5,0.337,82.1,17,40.5
SKU018,133,3206.42,5.5,0.36,79.2,18,41.1
SKU018,134,2609.73,3.4,0.374,73.3,20,35.6
SKU018,135,3408.64,3.4,0.386,74.6,16,41.7
SKU018,136,3226.46,6.0,0.38,74.6,20,37.0
SKU018,137,5017.54,4.2,0.366,80.8,16,47.4
SKU018,138,2656.66,2.4,0.353,82.9,23,39.2
SKU018,139,2654.28,5.9,0.361,74.4,17,45.9
SKU018,140,3799.48,1.2,0.36,77.5,20,48.4
SKU018,141,4772.0,5.9,0.35,84.2,19,44.5
SKU018,142,4031.49,1.2,0.356,74.9,14,40.8
SKU018,143,3764.5,5.3,0.329,84.3,19,47.6
SKU018,144,2571.07,3.0,0.389,79.5,20,44.4
SKU018,145,3810.35,4.7,0.366,77.7,15,33.7
SKU018,146,3724.9,4.2,0.346,82.8,17,42.1
SKU018,147,2382.05,5.4,0.366,74.0,18,34.0
SKU018,148,3813.9,4.7,0.329,81.1,18,33.4
SKU018,149,5089.11,1.5,0.357,83.9,18,48.3
SKU018,150,5371.63,1.2,0.348,73.6,16,43.0
SKU018,151,4453.53,2.8,0.374,78.4,22,33.8
SKU018,152,3753.8,4.1,0.352,74.4,22,47.2
SKU018,153,4262.15,2.5,0.364,75.7,23,45.9
SKU018,154,2654.42,1.2,0.337,82.9,13,39.1
SKU018,155,3961.61,1.6,0.376,77.6,20,40.4
SKU018,156,2995.66,2.3,0.347,74.2,15,43.3
SKU018,157,3051.61,5.8,0.348,81.6,20,48.6
SKU018,158,3054.67,3.8,0.343,74.8,22,37.9
SKU018,159,5141.98,1.6,0.331,78.7,18,40.0
SKU018,160,4923.58,3.2,0.353,73.1,18,41.5
SKU018,161,4706.94,6.5,0.361,73.1,15,45.8
SKU018,162,2922.27,3.1,0.34,83.6,20,36.0
SKU018,163,4953.58,3.8,0.369,83.6,16,45.7
SKU018,164,3256.4,1.5,0.354,80.5,19,39.7
SKU018,165,4421.5,6.6,0.357,80.0,23,47.8
SKU018,166,2649.92,3.9,0.352,76.6,23,35.4
SKU018,167,4321.88,3.5,0.359,75.6,17,38.5
SKU018,168,4244.75,1.9,0.336,78.7,14,44.8
SKU018,169,3227.2,4.1,0.382,76.9,18,48.3
SKU018,170,3393.31,6.5,0.35,74.1,10,37.4
SKU018,171,4613.69,2.4,0.36,80.8,16,44.2
SKU018,172,3569.15,2.7,0.351,76.9,19,46.0
SKU018,173,2612.95,1.2,0.368,77.4,16,34.2
SKU018,174,2499.36,1.9,0.34,79.5,13,42.5
SKU018,175,4038.5,5.9,0.329,83.9,12,43.4
SKU018,176,3847.5,3.6,0.363,72.9,17,34.1
SKU018,177,3252.65,5.2,0.37,73.4,18,48.5
SKU018,178,3902.89,1.1,0.348,81.7,20,39.3
SKU018,179,3337.24,3.8,0.373,77.4,14,38.9
SKU018,180,3471.41,6.4,0.353,82.2,20,33.3
SKU019,1,1177.58,8.8,0.402,74.6,28,43.5
SKU019,2,1349.27,5.6,0.402,74.9,26,54.9
SKU019,3,1779.57,4.0,0.428,70.9,28,44.9
SKU019,4,2382.41,1.7,0.395,73.2,27,51.0
SKU019,5,1863.12,8.6,0.419,79.0,28,53.4
SKU019,6,2264.64,4.2,0.421,79.5,28,47.7
SKU019,7,1675.98,7.7,0.387,77.1,27,39.6
SKU019,8,1661.33,8.6,0.417,74.3,30,48.0
SKU019,9,1149.8,2.4,0.406,73.4,34,55.8
SKU019,10,1983.3,2.9,0.385,74.6,23,55.8
SKU019,11,2298.02,2.8,0.417,72.6,34,39.0
SKU019,12,1235.0,8.2,0.396,73.9,30,47.2
SKU019,13,1773.88,3.2,0.421,74.2,26,53.5
SKU019,14,1678.51,4.3,0.394,77.9,26,49.7
SKU019,15,1561.83,5.1,0.402,81.9,30,43.5
SKU019,16,1958.95,5.4,0.41,70.1,31,44.2
SKU019,17,1617.3,2.3,0.391,76.6,28,39.8
SKU019,18,2602.48,3.8,0.409,79.3,23,44.9
SKU019,19,2577.81,8.7,0.42,79.1,27,39.1
SKU019,20,2275.67,6.8,0.372,73.8,28,41.9
SKU019,21,1512.36,4.6,0.412,81.2,29,54.3
SKU019,22,1845.83,4.1,0.386,77.7,27,47.1
SKU019,23,1253.58,8.2,0.404,75.9,29,43.8
SKU019,24,2509.71,1.7,0.402,74.4,32,48.0
SKU019,25,1658.28,5.9,0.39,74.4,28,47.5
SKU019,26,1859.0,5.5,0.397,79.6,24,45.4
SKU019,27,2121.09,6.2,0.389,74.2,26,55.0
SKU019,28,1466.2,8.9,0.413,72.4,26,54.8
SKU019,29,2573.57,7.7,0.405,81.6,33,49.7
SKU019,30,2647.6,7.3,0.379,79.4,28,53.7
SKU019,31,2189.72,8.0,0.418,79.0,27,50.0
SKU019,32,1826.25,3.3,0.402,73.9,27,54.5
SKU019,33,1641.13,4.1,0.411,70.8,33,53.7
SKU019,34,1362.34,3.3,0.385,71.4,27,53.3
SKU019,35,1427.05,3.9,0.398,73.8,27,46.0
SKU019,36,1419.33,1.4,0.411,73.1,29,51.5
SKU019,37,2623.37,3.4,0.421,80.8,24,54.8
SKU019,38,1274.07,3.4,0.396,71.1,25,48.9
SKU019,39,1529.12,5.8,0.435,76.6,28,44.4
SKU019,40,2436.07,8.6,0.384,72.8,27,50.7
SKU019,41,2342.98,5.6,0.423,77.8,31,48.4
SKU019,42,2528.9,8.0,0.417,81.5,31,41.0
SKU019,43,2539.56,4.7,0.398,76.0,27,53.6
SKU019,44,1636.57,4.8,0.411,70.6,28,49.4
SKU019,45,1216.93,5.8,0.402,69.9,27,49.6
SKU019,46,1300.32,5.1,0.409,73.5,26,51.8
SKU019,47,2567.45,4.7,0.403,70.3,36,40.1
SKU019,48,1708.87,4.7,0.402,76.1,27,42.9
SKU019,49,2078.06,3.3,0.395,81.0,29,53.0
SKU019,50,1922.27,2.6,0.37,78.5,28,51.1
SKU019,51,2301.81,3.3,0.374,75.7,29,51.8
SKU019,52,1977.15,5.8,0.407,73.9,31,53.2
SKU019,53,1932.15,5.3,0.412,81.2,31,54.7
SKU019,54,1987.31,3.2,0.404,74.9,29,48.0
SKU019,55,1992.36,7.5,0.418,72.8,31,46.2
SKU019,56,2098.58,3.7,0.412,73.3,36,45.9
SKU019,57,1718.03,6.6,0.402,80.4,26,48.5
SKU019,58,2211.76,6.0,0.42,70.6,31,55.3
SKU019,59,1600.97,6.5,0.378,75.7,21,54.3
SKU019,60,1834.79,2.9,0.414,71.2,28,39.1
SKU019,61,1567.44,2.4,0.381,74.8,25,45.8
SKU019,62,2164.68,7.1,0.383,73.2,29,38.7
SKU019,63,1219.59,8.7,0.406,75.1,25,47.2
SKU019,64,2103.67,4.2,0.426,76.4,27,43.9
SKU019,65,1893.85,6.2,0.418,77.2,24,48.5
SKU019,66,1421.62,5.5,0.41,81.1,28,48.1
SKU019,67,2209.98,6.3,0.371,77.3,23,47.6
SKU019,68,1846.19,2.2,0.382,76.3,26,55.0
SKU019,69,1115.04,5.2,0.399,80.0,26,55.4
SKU019,70,1339.06,8.0,0.422,71.5,26,55.1
SKU019,71,1994.45,8.8,0.412,80.0,29,50.9
SKU019,72,1685.78,2.8,0.447,73.4,28,42.0
SKU019,73,1250.64,4.0,0.394,75.3,27,53.0
SKU019,74,1188.41,7.1,0.392,79.3,30,42.5
SKU019,75,1723.99,7.1,0.402,75.1,30,54.9
SKU019,76,1998.69,4.5,0.396,77.3,31,41.1
SKU019,77,1990.48,6.9,0.411,79.7,20,40.9
SKU019,78,1373.27,4.9,0.387,78.4,25,52.4
SKU019,79,1121.63,8.8,0.414,81.2,29,39.9
SKU019,80,1032.06,3.9,0.408,70.5,26,39.9
SKU019,81,1745.64,5.6,0.401,77.2,34,51.5
SKU019,82,2047.26,7.6,0.415,78.6,26,54.5
SKU019,83,1698.71,5.0,0.393,73.3,27,45.3
SKU019,84,1625.86,7.2,0.417,71.1,25,54.7
SKU019,85,1039.24,2.6,0.405,80.1,31,50.6
SKU019,86,1272.28,8.2,0.399,78.6,23,50.0
SKU019,87,1103.6,2.3,0.403,80.6,27,50.7
SKU019,88,1561.14,7.3,0.395,80.8,22,43.6
SKU019,89,2123.97,6.7,0.392,79.5,26,50.8
SKU019,90,1327.56,6.2,0.421,81.7,28,49.4
SKU019,91,1158.4,7.2,0.439,79.6,27,46.2
SKU019,92,1750.02,7.1,0.403,81.3,30,47.8
SKU019,93,1903.13,6.5,0.404,75.5,29,47.2
SKU019,94,1973.01,5.9,0.395,80.2,26,38.4
SKU019,95,1427.53,2.1,0.397,78.3,30,49.8
SKU019,96,1913.57,4.3,0.418,70.4,27,54.2
SKU019,97,1045.29,4.8,0.395,72.7,31,44.4
SKU019,98,1535.81,3.3,0.408,75.4,30,45.6
SKU019,99,994.92,7.7,0.436,79.8,29,46.9
SKU019,100,1598.9,7.8,0.419,76.8,28,54.8
SKU019,101,1044.53,6.2,0.409,70.9,25,41.0
SKU019,102,1042.36,5.5,0.388,76.7,27,55.2
SKU019,103,1136.26,5.0,0.367,78.3,27,46.6
SKU019,104,1214.16,1.5,0.418,73.9,29,38.4
SKU019,105,2114.75,4.7,0.394,80.8,25,49.0
SKU019,106,1445.9,3.2,0.391,80.4,36,48.7
SKU019,107,2109.07,5.4,0.388,73.5,26,38.4
SKU019,108,1924.91,2.8,0.414,72.8,25,41.8
SKU019,109,1543.41,5.6,0.382,71.5,29,47.3
SKU019,110,2077.46,8.6,0.4,78.1,26,54.5
SKU019,111,1920.17,5.8,0.41,70.4,25,55.0
SKU019,112,1659.67,8.3,0.405,72.6,28,40.7
SKU019,113,1498.51,4.4,0.402,76.5,25,50.4
SKU019,114,2260.44,8.1,0.371,73.0,31,43.3
SKU019,115,1133.6,6.5,0.405,76.8,30,45.8
SKU019,116,2021.99,7.6,0.402,74.3,28,50.4
SKU019,117,1233.45,4.6,0.402,75.3,32,40.5
SKU019,118,1252.76,2.0,0.407,71.5,24,48.9
SKU019,119,1223.53,3.0,0.426,70.0,27,53.4
SKU019,120,2127.19,7.9,0.362,71.9,32,47.2
SKU019,121,2294.28,7.8,0.408,71.0,25,52.6
SKU019,122,2474.91,4.0,0.433,81.2,29,39.7
SKU019,123,1131.2,6.9,0.412,71.3,30,40.7
SKU019,124,1281.8,7.9,0.394,73.5,28,39.5
SKU019,125,1718.79,2.5,0.391,74.5,27,50.7
SKU019,126,1994.42,7.6,0.376,80.3,25,51.1
SKU019,127,1319.69,7.9,0.393,72.9,29,51.1
SKU019,128,1392.24,5.9,0.387,70.3,33,38.6
SKU019,129,1275.1,3.8,0.4,75.9,27,47.9
SKU019,130,2118.79,4.9,0.416,81.2,24,45.2
SKU019,131,1840.5,5.6,0.396,80.5,21,41.6
SKU019,132,1613.23,5.1,0.346,74.4,25,39.8
SKU019,133,2575.0,8.7,0.398,70.9,31,50.0
SKU019,134,2229.93,8.6,0.376,81.7,27,40.9
SKU019,135,1353.65,7.1,0.389,78.5,28,52.5
SKU019,136,2671.37,3.5,0.388,80.5,30,54.2
SKU019,137,2648.77,5.2,0.392,79.2,26,41.8
SKU019,138,2707.4,3.4,0.418,72.9,28,50.4
SKU019,139,1510.4,6.3,0.388,80.2,30,47.4
SKU019,140,1518.48,1.7,0.378,74.4,31,47.7
SKU019,141,2246.45,6.8,0.371,81.6,29,47.0
SKU019,142,2673.79,2.8,0.402,81.3,32,45.5
SKU019,143,2044.57,6.6,0.413,80.4,27,46.7
SKU019,144,1984.97,2.6,0.425,77.8,29,48.0
SKU019,145,2305.55,6.1,0.391,75.1,27,46.7
SKU019,146,1282.48,8.4,0.396,79.3,28,55.5
SKU019,147,1256.76,4.7,0.388,72.0,32,39.9
SKU019,148,2351.46,7.3,0.4,76.5,27,52.5
SKU019,149,2462.99,5.1,0.414,72.6,32,47.7
SKU019,150,2598.26,5.6,0.393,70.8,27,46.5
SKU019,151,1197.86,5.8,0.437,81.7,31,44.8
SKU019,152,2226.02,2.4,0.412,75.1,23,54.1
SKU019,153,1550.6,4.5,0.424,78.7,36,41.7
SKU019,154,1816.52,8.3,0.377,79.4,28,45.5
SKU019,155,2317.99,8.4,0.416,73.1,24,48.0
SKU019,156,1737.46,5.5,0.388,77.1,28,55.7
SKU019,157,1398.71,2.5,0.405,81.6,26,51.1
SKU019,158,2177.41,3.8,0.398,79.7,26,48.5
SKU019,159,1341.6,8.6,0.407,76.9,23,43.7
SKU019,160,2031.67,6.0,0.382,80.7,25,38.5
SKU019,161,1317.33,3.4,0.403,73.8,24,39.8
SKU019,162,1861.42,8.6,0.399,77.9,26,38.5
SKU019,163,2248.52,7.5,0.365,79.4,25,48.8
SKU019,164,2242.52,8.7,0.405,78.1,26,49.1
SKU019,165,2279.02,2.5,0.422,79.8,26,45.9
SKU019,166,1172.5,3.4,0.404,73.5,29,40.9
SKU019,167,1956.57,5.9,0.41,75.1,26,50.6
SKU019,168,1414.73,1.8,0.408,78.5,32,39.4
SKU019,169,1664.78,7.7,0.359,78.8,24,53.2
SKU019,170,1595.9,3.2,0.431,72.0,25,54.4
SKU019,171,1385.17,3.4,0.419,74.8,27,47.9
SKU019,172,2205.03,4.4,0.404,73.0,30,49.8
SKU019,173,1369.47,6.2,0.421,74.8,26,54.4
SKU019,174,1963.76,7.5,0.413,76.1,24,51.7
SKU019,175,1876.16,6.4,0.393,79.5,22,49.1
SKU019,176,2039.51,6.1,0.391,74.1,28,43.0
SKU019,177,1076.53,6.2,0.429,76.7,32,54.9
SKU019,178,2155.24,2.4,0.391,70.9,25,43.2
SKU019,179,2259.44,8.4,0.386,70.1,33,53.8
SKU019,180,1411.92,3.6,0.359,77.9,31,48.4
SKU020,1,793.23,8.1,0.323,72.3,25,57.0
SKU020,2,1014.53,4.9,0.288,64.3,19,57.1
SKU020,3,895.3,1.6,0.299,71.7,24,57.6
SKU020,4,604.47,6.4,0.269,71.5,24,51.0
SKU020,5,1113.11,3.9,0.3,70.2,21,69.2
SKU020,6,708.43,2.6,0.325,61.4,20,67.9
SKU020,7,612.55,5.7,0.311,71.2,26,52.8
SKU020,8,797.28,6.1,0.301,67.5,22,64.0
SKU020,9,1170.79,7.4,0.338,70.2,25,67.8
SKU020,10,738.36,3.1,0.317,63.2,18,63.4
SKU020,11,795.82,5.7,0.324,70.0,18,68.6
SKU020,12,812.59,8.5,0.318,61.7,22,66.3
SKU020,13,693.74,8.7,0.303,64.9,28,66.7
SKU020,14,689.22,1.9,0.339,64.4,16,54.6
SKU020,15,1035.34,3.3,0.327,71.3,20,63.6
SKU020,16,948.35,4.7,0.293,60.9,17,62.4
SKU020,17,655.86,2.6,0.325,67.5,19,57.8
SKU020,18,650.69,7.2,0.325,67.6,26,49.7
SKU020,19,949.52,1.4,0.317,72.6,22,53.6
SKU020,20,678.2,5.2,0.314,69.6,19,54.8
SKU020,21,703.82,6.6,0.311,67.1,24,50.4
SKU020,22,869.71,3.3,0.309,70.7,22,61.7
SKU020,23,778.11,8.1,0.325,69.3,18,62.9
SKU020,24,980.55,1.6,0.304,68.4,23,59.6
SKU020,25,799.48,2.5,0.313,72.0,26,55.2
SKU020,26,707.34,5.3,0.31,63.3,22,54.3
SKU020,27,655.34,4.1,0.297,61.7,25,48.5
SKU020,28,1014.35,8.5,0.355,66.7,22,65.2
SKU020,29,654.47,5.1,0.294,65.7,26,61.5
SKU020,30,647.52,6.7,0.327,69.5,21,51.8
SKU020,31,863.15,6.0,0.324,68.4,24,63.5
SKU020,32,791.67,3.5,0.315,66.4,24,53.4
SKU020,33,588.68,5.8,0.324,64.8,21,66.5
SKU020,34,586.24,7.7,0.334,66.5,20,64.5
SKU020,35,820.69,3.0,0.295,71.5,23,52.0
SKU020,36,971.48,1.5,0.279,65.4,17,52.3
SKU020,37,627.94,3.2,0.33,63.5,24,55.7
SKU020,38,582.57,4.3,0.302,72.3,21,64.3
SKU020,39,595.8,5.9,0.33,63.4,25,69.9
SKU020,40,1209.5,6.7,0.308,70.8,19,53.7
SKU020,41,1009.95,3.3,0.315,69.0,17,67.8
SKU020,42,1129.11,2.3,0.343,67.5,22,70.2
SKU020,43,1003.61,8.8,0.321,63.7,25,58.8
SKU020,44,729.59,5.8,0.343,67.1,26,57.9
SKU020,45,962.01,1.5,0.348,69.3,25,66.9
SKU020,46,868.67,8.3,0.314,64.7,23,56.7
SKU020,47,669.05,8.0,0.361,67.3,21,50.6
SKU020,48,941.61,7.2,0.34,65.3,23,53.4
SKU020,49,913.29,3.8,0.31,63.3,21,63.7
SKU020,50,1107.65,7.3,0.34,68.7,25,48.5
SKU020,51,609.36,1.8,0.32,71.0,23,53.8
SKU020,52,1174.18,1.5,0.337,60.9,24,50.9
SKU020,53,1125.71,7.1,0.291,70.8,25,68.2
SKU020,54,932.47,3.9,0.303,67.4,20,50.2
SKU020,55,774.01,5.4,0.347,68.3,22,69.3
SKU020,56,1144.48,4.4,0.286,64.1,24,54.4
SKU020,57,576.51,8.7,0.306,68.6,20,49.7
SKU020,58,1103.93,4.3,0.343,62.4,25,55.4
SKU020,59,879.62,4.0,0.326,66.3,19,68.3
SKU020,60,922.14,6.2,0.298,68.9,25,50.2
SKU020,61,567.95,6.1,0.301,70.3,19,53.3
SKU020,62,1011.9,5.6,0.318,70.1,24,65.1
SKU020,63,927.79,2.3,0.298,66.6,17,61.6
SKU020,64,654.71,5.0,0.307,70.3,28,69.0
SKU020,65,1054.06,5.1,0.376,61.3,27,52.7
SKU020,66,1091.09,4.1,0.335,61.1,22,57.6
SKU020,67,570.97,7.5,0.302,66.9,22,64.1
SKU020,68,601.86,8.6,0.332,71.2,23,51.1
SKU020,69,567.06,3.2,0.313,72.0,24,65.7
SKU020,70,685.31,6.3,0.342,72.6,25,69.0
SKU020,71,946.98,3.3,0.335,70.5,23,62.3
SKU020,72,879.74,5.6,0.313,64.8,24,54.6
SKU020,73,798.51,6.7,0.311,60.9,23,65.1
SKU020,74,534.95,8.0,0.35,69.9,24,57.4
SKU020,75,928.62,4.5,0.316,64.9,19,67.5
SKU020,76,983.57,8.3,0.332,71.0,24,55.6
SKU020,77,560.98,8.4,0.336,61.4,28,49.1
SKU020,78,1025.57,7.8,0.287,68.7,19,68.4
SKU020,79,908.81,8.2,0.337,71.7,20,55.4
SKU020,80,941.73,4.7,0.353,63.0,26,50.8
SKU020,81,993.65,5.3,0.315,68.0,28,52.3
SKU020,82,542.9,5.7,0.303,63.3,25,66.4
SKU020,83,743.55,3.3,0.334,68.6,27,54.9
SKU020,84,863.2,7.6,0.322,62.8,21,54.1
SKU020,85,605.92,7.4,0.32,67.1,27,68.8
SKU020,86,847.22,8.8,0.334,66.6,14,53.8
SKU020,87,492.49,6.3,0.339,65.0,20,50.7
SKU020,88,970.28,2.7,0.338,62.3,22,68.9
SKU020,89,904.63,4.1,0.31,68.7,23,52.5
SKU020,90,709.95,4.7,0.314,67.2,22,60.3
SKU020,91,764.09,8.4,0.335,63.8,27,53.2
SKU020,92,490.84,3.8,0.299,68.2,22,63.9
SKU020,93,556.32,6.3,0.358,60.8,26,54.1
SKU020,94,718.21,7.7,0.355,63.7,25,70.1
SKU020,95,473.34,2.8,0.328,66.8,21,58.7
SKU020,96,504.48,6.3,0.327,65.9,25,60.9
SKU020,97,594.62,5.6,0.308,66.6,22,65.8
SKU020,98,651.61,3.8,0.337,71.2,23,52.9
SKU020,99,855.31,4.6,0.298,65.9,23,54.3
SKU020,100,948.55,1.5,0.276,60.9,23,66.8
SKU020,101,492.33,7.1,0.326,62.3,28,55.5
SKU020,102,756.0,8.1,0.321,64.9,20,68.4
SKU020,103,634.08,3.0,0.301,65.4,19,55.0
SKU020,104,682.51,7.2,0.305,65.7,26,58.0
SKU020,105,1093.33,4.8,0.352,61.0,22,66.5
SKU020,106,614.2,6.1,0.329,70.5,21,59.8
SKU020,107,1013.15,6.8,0.305,67.6,20,69.0
SKU020,108,739.56,1.8,0.319,72.3,23,49.6
SKU020,109,616.59,8.3,0.3,67.9,21,54.3
SKU020,110,843.51,6.4,0.366,67.1,25,62.3
SKU020,111,843.15,4.2,0.312,63.7,22,52.8
SKU020,112,1125.46,8.7,0.3,62.3,24,54.8
SKU020,113,846.59,6.3,0.33,61.6,29,50.3
SKU020,114,551.37,2.5,0.315,68.1,22,59.8
SKU020,115,547.02,6.0,0.326,62.6,20,56.5
SKU020,116,624.46,3.3,0.357,66.1,25,62.0
SKU020,117,974.67,7.9,0.312,69.3,26,67.9
SKU020,118,695.99,2.0,0.323,63.9,26,50.6
SKU020,119,820.92,6.3,0.33,65.5,23,62.3
SKU020,120,929.21,2.4,0.294,62.9,20,63.9
SKU020,121,858.36,8.4,0.329,71.9,22,67.8
SKU020,122,542.77,7.8,0.318,71.3,18,58.5
SKU020,123,591.51,3.3,0.308,63.9,26,66.6
SKU020,124,623.38,7.0,0.284,67.9,31,55.6
SKU020,125,1237.68,3.6,0.318,65.0,25,61.4
SKU020,126,976.33,9.2,0.333,61.6,18,57.8
SKU020,127,1204.84,2.1,0.298,63.1,22,63.8
SKU020,128,748.43,7.7,0.328,65.2,23,61.8
SKU020,129,577.69,3.5,0.294,64.2,26,57.7
SKU020,130,1128.75,6.9,0.333,64.1,25,56.4
SKU020,131,904.29,8.6,0.343,71.4,20,54.2
SKU020,132,655.41,3.9,0.312,69.9,20,51.7
SKU020,133,711.66,2.2,0.325,70.2,21,55.4
SKU020,134,1026.7,3.4,0.32,67.0,21,66.8
SKU020,135,790.66,7.6,0.355,63.0,20,49.8
SKU020,136,586.73,5.8,0.309,69.0,26,63.8
SKU020,137,995.78,2.5,0.336,61.9,26,65.0
SKU020,138,1216.55,7.4,0.345,63.4,18,52.1
SKU020,139,908.49,5.2,0.313,61.6,22,63.9
SKU020,140,719.68,6.2,0.331,69.1,20,58.8
SKU020,141,936.03,6.9,0.335,62.4,20,54.3
SKU020,142,1002.71,3.2,0.305,64.9,25,63.0
SKU020,143,1136.98,2.7,0.309,62.2,20,51.1
SKU020,144,855.05,2.9,0.324,66.8,18,68.5
SKU020,145,1044.81,1.9,0.312,70.8,26,57.0
SKU020,146,681.21,3.4,0.319,70.1,20,51.4
SKU020,147,1117.34,2.4,0.308,63.0,23,69.0
SKU020,148,1283.11,8.3,0.311,71.7,20,51.7
SKU020,149,1078.34,1.5,0.305,72.5,25,56.6
SKU020,150,1130.81,4.5,0.365,72.2,23,49.6
SKU020,151,784.69,4.0,0.32,65.0,23,52.0
SKU020,152,1257.39,9.0,0.312,67.9,22,51.4
SKU020,153,998.22,6.3,0.36,62.8,20,62.9
SKU020,154,1046.98,3.8,0.323,67.0,25,57.0
SKU020,155,747.48,5.2,0.328,70.7,21,54.5
SKU020,156,819.42,7.9,0.325,70.6,21,48.9
SKU020,157,1246.25,4.6,0.342,71.7,22,70.2
SKU020,158,1180.49,3.5,0.294,70.7,20,65.1
SKU020,159,579.09,2.9,0.311,71.7,16,70.4
SKU020,160,965.56,3.1,0.36,68.2,25,49.3
SKU020,161,654.55,6.7,0.328,66.2,25,56.2
SKU020,162,828.71,9.0,0.333,69.4,24,55.9
SKU020,163,583.97,1.6,0.317,66.0,23,55.0
SKU020,164,1073.37,8.7,0.344,70.7,20,51.0
SKU020,165,611.51,8.8,0.326,67.2,23,60.7
SKU020,166,530.29,3.9,0.329,65.5,14,50.8
SKU020,167,1173.96,7.5,0.304,63.3,26,54.6
SKU020,168,1037.22,5.5,0.334,62.9,20,63.8
SKU020,169,537.94,5.7,0.323,61.0,19,57.1
SKU020,170,709.91,8.8,0.327,64.1,27,63.7
SKU020,171,561.92,8.1,0.299,61.7,23,62.3
SKU020,172,723.46,7.4,0.328,71.5,21,58.6
SKU020,173,811.75,2.9,0.29,62.0,23,49.6
SKU020,174,822.06,3.0,0.328,65.8,23,55.8
SKU020,175,687.75,8.9,0.316,61.5,25,48.5
SKU020,176,848.14,3.4,0.317,66.7,24,61.8
SKU020,177,1047.64,7.8,0.305,72.4,17,57.8
SKU020,178,849.13,6.6,0.335,64.0,24,59.3
SKU020,179,875.31,2.2,0.32,63.9,21,66.3
SKU020,180,1017.53,3.3,0.309,64.4,23,69.5
SKU021,1,3719.36,0.8,0.324,86.9,20,56.6
SKU021,2,2500.92,1.6,0.318,83.8,23,58.7
SKU021,3,3839.37,4.8,0.349,85.5,20,69.2
SKU021,4,2238.08,2.3,0.287,83.1,25,62.0
SKU021,5,2427.97,2.9,0.301,84.4,18,54.1
SKU021,6,3260.69,3.2,0.303,80.7,23,69.1
SKU021,7,3319.54,3.1,0.326,79.7,17,73.0
SKU021,8,3969.86,5.0,0.35,80.7,20,70.0
SKU021,9,3183.76,3.2,0.338,85.3,28,52.1
SKU021,10,3937.62,3.1,0.323,80.7,23,51.4
SKU021,11,3494.81,3.9,0.371,78.7,22,57.6
SKU021,12,3423.02,1.9,0.288,83.5,20,62.8
SKU021,13,2955.04,2.5,0.311,82.9,20,62.9
SKU021,14,3252.47,4.9,0.287,79.0,17,69.4
SKU021,15,4165.18,3.2,0.349,83.6,17,57.7
SKU021,16,3507.65,1.5,0.311,85.5,23,66.0
SKU021,17,2636.48,1.7,0.305,78.0,20,53.8
SKU021,18,2537.15,4.9,0.289,86.4,21,62.8
SKU021,19,2982.01,0.9,0.331,86.8,20,54.4
SKU021,20,3913.22,0.9,0.338,79.1,17,59.1
SKU021,21,4376.35,1.7,0.274,80.9,24,50.8
SKU021,22,2629.66,2.7,0.283,77.4,23,68.9
SKU021,23,3688.71,4.5,0.355,78.7,20,71.7
SKU021,24,2582.88,1.2,0.304,86.0,22,55.8
SKU021,25,4495.2,3.2,0.328,85.9,25,56.7
SKU021,26,4328.96,4.3,0.313,86.8,17,65.9
SKU021,27,2937.34,2.6,0.329,86.4,22,59.9
SKU021,28,3099.86,4.1,0.313,87.4,22,73.8
SKU021,29,3521.33,4.2,0.329,82.2,26,65.9
SKU021,30,3084.24,4.9,0.342,87.7,21,71.3
SKU021,31,3541.29,3.8,0.341,78.2,23,73.8
SKU021,32,4269.66,3.0,0.32,76.9,19,62.2
SKU021,33,3059.2,2.6,0.277,77.7,20,63.9
SKU021,34,4015.91,1.4,0.295,86.2,23,60.5
SKU021,35,4214.47,2.6,0.319,76.7,20,65.0
SKU021,36,2731.97,1.9,0.31,77.0,26,63.9
SKU021,37,2286.86,3.8,0.3,82.5,20,69.7
SKU021,38,3904.93,2.9,0.284,86.8,28,51.1
SKU021,39,3693.05,2.5,0.32,84.1,18,54.1
SKU021,40,2371.15,1.4,0.321,86.3,19,58.8
SKU021,41,2077.91,1.0,0.339,77.1,15,54.3
SKU021,42,2895.09,2.8,0.329,81.4,22,51.5
SKU021,43,2661.36,4.2,0.324,86.1,20,59.2
SKU021,44,3965.48,2.6,0.324,80.5,24,59.7
SKU021,45,3221.77,2.2,0.27,82.2,20,65.1
SKU021,46,2238.92,2.1,0.318,84.3,18,55.6
SKU021,47,3641.58,5.4,0.337,84.7,24,55.4
SKU021,48,3641.93,1.0,0.326,82.0,25,68.9
SKU021,49,4257.07,3.0,0.297,84.4,21,59.9
SKU021,50,3304.71,2.0,0.285,86.9,27,65.2
SKU021,51,3575.07,4.7,0.329,87.0,28,64.0
SKU021,52,3334.28,5.0,0.346,76.8,28,59.7
SKU021,53,3519.56,4.4,0.317,85.4,31,62.3
SKU021,54,3718.69,3.4,0.342,78.2,23,52.4
SKU021,55,3388.57,4.9,0.372,85.4,20,64.4
SKU021,56,3607.65,3.8,0.318,83.5,17,58.3
SKU021,57,1908.75,2.4,0.328,81.2,23,63.1
SKU021,58,3507.93,3.1,0.334,79.8,20,73.2
SKU021,59,3588.47,3.0,0.332,84.8,19,64.5
SKU021,60,4013.94,1.5,0.305,87.6,21,59.3
SKU021,61,1762.74,3.8,0.299,77.6,20,71.6
SKU021,62,3309.68,4.4,0.319,81.5,23,69.7
SKU021,63,2074.08,5.3,0.332,87.0,26,66.6
SKU021,64,2006.97,2.7,0.336,83.6,28,59.3
SKU021,65,2055.99,2.0,0.292,77.1,18,64.0
SKU021,66,3629.15,2.4,0.295,86.1,22,57.9
SKU021,67,2090.73,5.4,0.328,82.1,20,53.7
SKU021,68,2208.6,1.8,0.323,85.5,25,73.6
SKU021,69,3548.72,1.8,0.331,82.8,26,69.7
SKU021,70,1657.32,4.6,0.293,79.4,19,59.9
SKU021,71,2928.05,3.4,0.31,85.5,21,61.4
SKU021,72,2853.56,2.3,0.33,83.4,21,59.6
SKU021,73,3495.88,4.5,0.306,76.4,26,64.7
SKU021,74,2751.49,3.0,0.294,80.5,21,67.6
SKU021,75,2345.41,4.1,0.314,82.0,20,60.6
SKU021,76,2034.0,2.7,0.32,80.1,21,72.5
SKU021,77,2666.29,1.9,0.31,84.8,20,59.9
SKU021,78,2819.8,5.3,0.331,79.5,19,68.3
SKU021,79,2993.79,2.6,0.325,78.7,25,59.1
SKU021,80,2604.9,4.5,0.316,78.3,15,73.2
SKU021,81,1987.4,4.6,0.307,86.1,20,72.0
SKU021,82,3628.49,1.8,0.32,76.7,19,59.3
SKU021,83,3389.48,3.6,0.315,81.0,22,61.2
SKU021,84,3300.98,3.7,0.302,87.1,26,54.3
SKU021,85,2223.74,3.2,0.312,83.9,29,57.5
SKU021,86,3275.82,2.4,0.309,83.0,25,71.3
SKU021,87,3215.39,4.2,0.332,83.3,22,54.4
SKU021,88,2746.18,3.9,0.307,79.7,24,60.6
SKU021,89,3328.31,2.1,0.335,79.3,16,57.3
SKU021,90,1937.64,4.6,0.281,80.6,23,52.1
SKU021,91,1661.5,2.2,0.323,83.8,19,73.6
SKU021,92,2281.41,4.5,0.3,81.2,25,60.4
SKU021,93,2309.44,1.1,0.328,84.8,25,62.6
SKU021,94,2429.66,4.4,0.313,86.9,19,58.7
SKU021,95,3256.4,1.3,0.299,79.9,22,67.2
SKU021,96,2228.55,3.0,0.33,81.8,22,69.8
SKU021,97,2009.3,2.9,0.348,76.8,23,73.6
SKU021,98,3039.5,4.2,0.288,79.5,20,67.7
SKU021,99,2717.0,1.7,0.306,78.2,23,50.8
SKU021,100,2059.07,3.7,0.294,80.8,18,54.2
SKU021,101,2876.77,3.6,0.316,83.1,24,61.5
SKU021,102,1833.18,0.9,0.308,84.9,23,63.3
SKU021,103,3278.11,3.5,0.309,81.9,20,55.9
SKU021,104,1718.1,3.2,0.339,86.4,22,52.9
SKU021,105,3496.77,3.1,0.299,78.7,22,67.5
SKU021,106,3861.59,4.3,0.319,84.3,18,52.5
SKU021,107,2247.71,3.7,0.302,85.1,20,51.9
SKU021,108,3653.08,4.2,0.313,79.9,22,70.1
SKU021,109,3097.36,1.0,0.343,87.6,19,51.9
SKU021,110,3490.74,5.3,0.303,86.4,26,61.1
SKU021,111,3954.1,4.0,0.338,83.3,23,55.7
SKU021,112,2803.24,4.3,0.3,88.1,23,67.3
SKU021,113,2751.5,2.1,0.341,81.1,26,70.1
SKU021,114,2316.21,5.1,0.312,86.7,20,63.8
SKU021,115,3367.8,4.1,0.311,84.1,22,71.1
SKU021,116,3684.63,2.2,0.33,82.7,19,69.7
SKU021,117,1924.15,3.7,0.315,78.0,20,64.0
SKU021,118,4130.38,2.6,0.3,77.5,21,71.7
SKU021,119,2554.97,3.4,0.273,79.6,18,62.2
SKU021,120,2572.83,2.3,0.309,83.3,18,67.8
SKU021,121,2221.64,4.8,0.302,77.0,22,56.4
SKU021,122,3767.91,4.7,0.291,80.0,18,57.4
SKU021,123,3175.28,2.3,0.336,85.9,22,66.8
SKU021,124,2228.42,4.4,0.264,78.9,22,72.9
SKU021,125,3708.37,2.1,0.316,79.7,17,65.2
SKU021,126,2442.15,2.3,0.306,78.3,26,67.7
SKU021,127,2512.81,3.3,0.323,83.3,23,69.2
SKU021,128,2512.65,2.2,0.285,82.2,24,64.9
SKU021,129,3123.52,5.3,0.324,87.1,18,59.4
SKU021,130,2408.41,3.1,0.31,81.3,24,56.1
SKU021,131,3355.79,2.5,0.323,76.3,22,56.1
SKU021,132,3714.03,1.2,0.304,78.7,16,55.5
SKU021,133,3691.29,3.1,0.281,82.7,25,60.8
SKU021,134,3479.32,4.1,0.285,80.4,24,51.6
SKU021,135,2456.48,5.2,0.351,76.8,20,59.0
SKU021,136,2232.48,1.6,0.31,86.4,17,58.5
SKU021,137,4109.15,4.7,0.305,86.1,23,53.4
SKU021,138,3572.87,1.2,0.306,77.3,20,59.5
SKU021,139,4243.7,1.5,0.337,83.9,21,68.4
SKU021,140,2761.68,5.3,0.282,80.5,17,71.1
SKU021,141,4288.84,2.8,0.311,87.0,18,66.6
SKU021,142,4592.79,5.2,0.304,83.1,24,67.5
SKU021,143,2586.77,3.7,0.3,76.7,19,59.2
SKU021,144,4467.31,2.4,0.319,80.3,24,64.6
SKU021,145,4187.57,4.2,0.305,78.0,21,59.0
SKU021,146,3487.55,4.1,0.357,78.4,20,67.7
SKU021,147,3493.8,0.8,0.32,88.1,22,51.6
SKU021,148,4420.68,3.0,0.352,87.9,26,63.0
SKU021,149,4047.14,0.9,0.324,87.4,26,58.4
SKU021,150,3686.77,1.9,0.294,82.9,21,60.3
SKU021,151,3159.8,4.0,0.337,85.8,22,52.2
SKU021,152,2495.08,4.5,0.308,79.6,22,56.9
SKU021,153,3217.29,3.9,0.321,85.8,15,71.1
SKU021,154,4011.59,4.2,0.3,82.1,21,67.7
SKU021,155,2097.59,4.7,0.344,83.5,15,64.6
SKU021,156,2668.77,5.3,0.311,86.1,22,72.4
SKU021,157,3355.73,4.3,0.32,84.2,29,71.1
SKU021,158,4255.6,3.6,0.321,78.3,18,68.1
SKU021,159,2424.58,2.8,0.315,82.2,25,70.6
SKU021,160,3699.49,1.0,0.306,87.4,27,73.1
SKU021,161,3774.5,4.2,0.361,83.0,23,66.8
SKU021,162,4283.0,4.1,0.32,78.0,18,54.0
SKU021,163,3546.27,2.8,0.334,76.7,23,55.6
SKU021,164,2635.4,4.5,0.263,86.3,25,57.6
SKU021,165,3319.4,0.8,0.293,76.9,19,53.7
SKU021,166,3091.63,2.5,0.311,80.1,22,56.5
SKU021,167,3817.12,0.9,0.295,81.4,25,69.3
SKU021,168,3910.64,3.3,0.297,85.7,25,59.6
SKU021,169,3400.81,5.0,0.327,78.5,25,62.2
SKU021,170,2751.19,0.9,0.318,86.5,26,73.2
SKU021,171,2564.72,2.6,0.331,79.3,24,63.4
SKU021,172,2454.44,1.1,0.31,87.4,20,71.1
SKU021,173,1800.17,4.2,0.288,80.8,20,52.5
SKU021,174,3019.76,4.1,0.34,87.8,31,66.3
SKU021,175,3353.95,5.5,0.321,85.1,25,71.7
SKU021,176,2486.03,3.2,0.309,78.6,18,54.4
SKU021,177,2324.62,1.7,0.351,80.1,18,65.3
SKU021,178,2222.58,2.5,0.286,81.9,23,56.0
SKU021,179,3120.05,3.0,0.338,80.3,22,73.7
SKU021,180,2695.87,2.9,0.348,77.3,20,58.7
SKU022,1,1043.21,2.5,0.47,90.4,23,47.5
SKU022,2,1017.23,2.5,0.452,94.5,29,62.0
SKU022,3,1233.69,3.5,0.439,88.3,28,53.2
SKU022,4,968.69,2.3,0.457,88.2,24,47.6
SKU022,5,944.54,3.4,0.487,89.2,23,50.5
SKU022,6,911.39,2.9,0.45,91.5,31,45.8
SKU022,7,708.16,1.5,0.441,91.2,21,52.6
SKU022,8,1007.98,1.1,0.494,85.9,23,53.0
SKU022,9,1141.69,1.0,0.486,94.6,28,63.5
SKU022,10,670.36,0.7,0.475,89.8,26,53.1
SKU022,11,1062.31,2.2,0.459,89.0,25,58.7
SKU022,12,903.12,1.3,0.47,95.5,19,63.6
SKU022,13,1004.48,2.0,0.458,85.0,26,47.4
SKU022,14,1273.66,0.9,0.467,87.8,21,56.0
SKU022,15,622.89,1.0,0.473,92.2,24,63.9
SKU022,16,1253.63,3.5,0.47,85.2,21,55.7
SKU022,17,889.8,2.4,0.491,85.5,29,45.8
SKU022,18,1244.2,2.3,0.46,93.7,29,52.1
SKU022,19,1275.74,1.3,0.452,85.3,27,63.9
SKU022,20,896.83,1.6,0.461,95.2,29,65.1
SKU022,21,973.14,0.8,0.47,95.9,28,52.3
SKU022,22,1071.93,3.1,0.481,89.9,26,60.3
SKU022,23,1286.89,3.0,0.446,94.1,23,64.2
SKU022,24,1057.49,1.9,0.45,90.0,22,54.8
SKU022,25,640.63,3.3,0.494,93.6,25,63.2
SKU022,26,761.45,0.7,0.492,88.0,25,54.4
SKU022,27,918.63,2.8,0.456,88.2,27,53.0
SKU022,28,722.61,3.3,0.459,92.8,28,61.5
SKU022,29,817.78,2.4,0.487,95.3,31,51.0
SKU022,30,773.77,1.7,0.486,94.6,23,53.5
SKU022,31,1342.76,3.2,0.464,91.9,24,62.2
SKU022,32,656.88,2.6,0.468,94.5,22,60.9
SKU022,33,628.98,2.5,0.465,88.2,20,60.0
SKU022,34,1275.69,0.7,0.499,92.6,21,46.9
SKU022,35,1403.02,1.9,0.441,94.4,24,55.9
SKU022,36,646.09,1.4,0.452,92.3,25,57.6
SKU022,37,1085.85,1.6,0.452,89.5,26,49.9
SKU022,38,1308.62,2.9,0.464,89.6,25,53.6
SKU022,39,1320.64,2.1,0.464,85.2,25,48.1
SKU022,40,1115.31,1.2,0.468,94.9,30,64.6
SKU022,41,1229.78,2.5,0.433,88.2,25,53.5
SKU022,42,802.48,2.1,0.483,87.7,28,53.6
SKU022,43,1222.74,2.0,0.484,95.3,25,47.7
SKU022,44,1094.48,0.7,0.476,92.1,26,60.6
SKU022,45,1188.94,3.0,0.483,95.9,23,50.0
SKU022,46,935.99,2.6,0.485,96.0,24,52.2
SKU022,47,1287.92,2.4,0.431,89.6,25,58.4
SKU022,48,1119.87,1.6,0.435,87.5,25,50.5
SKU022,49,800.08,3.5,0.456,92.8,23,58.6
SKU022,50,1173.26,2.9,0.445,95.8,24,58.9
SKU022,51,679.12,2.5,0.479,91.9,27,47.5
SKU022,52,1167.85,1.8,0.496,89.0,20,52.8
SKU022,53,1032.49,3.5,0.459,84.7,27,54.0
SKU022,54,983.5,1.8,0.486,85.9,26,59.2
SKU022,55,605.87,2.7,0.428,90.1,27,50.1
SKU022,56,1080.64,0.8,0.457,94.9,21,64.6
SKU022,57,591.44,3.5,0.477,86.8,21,55.1
SKU022,58,1165.1,2.8,0.455,91.4,25,52.7
SKU022,59,1027.44,3.2,0.451,86.0,20,52.0
SKU022,60,1148.71,1.4,0.466,86.3,24,59.1
SKU022,61,570.52,1.8,0.48,90.0,22,64.8
SKU022,62,617.4,1.1,0.464,90.7,22,50.0
SKU022,63,639.69,0.6,0.47,88.0,31,45.9
SKU022,64,726.47,3.1,0.467,85.7,24,45.3
SKU022,65,915.12,3.4,0.486,90.2,22,46.3
SKU022,66,617.01,1.9,0.477,88.8,23,51.6
SKU022,67,977.48,0.9,0.44,85.3,25,45.0
SKU022,68,572.05,3.2,0.459,87.3,24,45.8
SKU022,69,944.68,3.0,0.496,92.9,24,65.1
SKU022,70,777.24,2.4,0.453,93.1,24,54.3
SKU022,71,575.6,2.6,0.472,96.5,24,46.7
SKU022,72,1024.83,1.1,0.453,91.6,22,56.3
SKU022,73,555.61,1.7,0.477,92.6,29,56.4
SKU022,74,560.51,2.6,0.437,88.4,28,53.9
SKU022,75,776.53,2.4,0.495,96.1,21,51.6
SKU022,76,1048.79,1.9,0.511,85.2,23,62.2
SKU022,77,649.32,3.2,0.479,95.4,22,54.9
SKU022,78,754.28,2.5,0.457,94.2,23,59.1
SKU022,79,629.38,0.9,0.49,91.6,25,52.1
SKU022,80,599.99,0.6,0.46,87.6,20,62.6
SKU022,81,580.2,0.9,0.455,86.2,21,59.9
SKU022,82,652.94,2.6,0.45,94.0,23,53.7
SKU022,83,637.3,2.2,0.48,94.6,31,62.6
SKU022,84,576.68,3.2,0.468,92.1,25,46.8
SKU022,85,1130.85,3.3,0.48,88.9,26,56.8
SKU022,86,515.28,2.4,0.497,96.5,23,60.2
SKU022,87,791.2,3.0,0.476,96.3,27,49.2
SKU022,88,732.6,0.8,0.465,96.0,18,56.3
SKU022,89,574.79,2.5,0.464,90.6,23,51.3
SKU022,90,555.36,2.6,0.473,91.9,24,56.9
SKU022,91,803.11,3.0,0.488,84.9,27,52.7
SKU022,92,863.02,1.6,0.458,89.1,27,48.2
SKU022,93,930.79,1.7,0.452,88.2,27,60.0
SKU022,94,666.84,1.8,0.496,94.0,24,56.7
SKU022,95,1122.28,1.1,0.495,84.9,32,50.1
SKU022,96,841.03,2.7,0.447,91.8,26,60.3
SKU022,97,1126.49,2.7,0.488,89.1,20,61.8
SKU022,98,696.96,0.8,0.473,94.9,18,50.6
SKU022,99,1083.34,3.0,0.486,91.4,18,55.1
SKU022,100,1114.8,0.7,0.485,88.2,28,51.0
SKU022,101,531.89,1.3,0.468,95.0,25,60.7
SKU022,102,1063.19,2.2,0.496,86.5,29,62.3
SKU022,103,1148.17,1.0,0.475,93.4,22,56.6
SKU022,104,677.61,3.1,0.47,96.4,25,63.3
SKU022,105,612.02,1.8,0.472,89.2,20,53.2
SKU022,106,1137.28,1.6,0.486,88.2,25,63.8
SKU022,107,1150.06,1.4,0.463,90.0,26,57.8
SKU022,108,718.18,2.0,0.469,94.8,22,56.3
SKU022,109,557.04,0.9,0.479,91.5,22,49.9
SKU022,110,1202.24,3.2,0.445,89.1,28,58.6
SKU022,111,1169.08,1.6,0.478,90.4,23,49.0
SKU022,112,760.92,3.5,0.466,91.3,25,56.1
SKU022,113,1116.97,3.1,0.5,91.5,24,51.3
SKU022,114,727.74,2.0,0.467,93.2,32,56.2
SKU022,115,676.89,0.6,0.487,92.9,19,62.7
SKU022,116,743.38,1.5,0.458,90.3,24,56.5
SKU022,117,1067.78,1.1,0.431,87.1,22,55.3
SKU022,118,1104.17,0.8,0.474,92.6,22,49.3
SKU022,119,715.13,0.8,0.461,93.2,28,56.6
SKU022,120,755.16,1.1,0.484,95.0,22,48.0
SKU022,121,704.07,0.6,0.449,90.7,27,49.4
SKU022,122,820.08,2.3,0.458,86.7,27,56.0
SKU022,123,934.71,1.9,0.453,89.6,27,51.1
SKU022,124,625.77,2.7,0.474,91.7,25,63.4
SKU022,125,647.94,1.2,0.449,93.0,22,52.9
SKU022,126,1183.22,1.1,0.489,84.6,31,59.9
SKU022,127,800.08,2.5,0.498,92.3,21,60.4
SKU022,128,792.99,3.5,0.462,89.6,21,50.9
SKU022,129,789.64,2.8,0.498,88.6,22,59.5
SKU022,130,890.74,3.1,0.457,90.0,27,47.0
SKU022,131,1280.28,3.3,0.49,92.6,23,64.6
SKU022,132,785.76,2.9,0.482,85.5,24,55.0
SKU022,133,1106.97,2.0,0.471,95.2,28,58.6
SKU022,134,1251.46,2.8,0.457,90.5,26,60.6
SKU022,135,1070.57,1.9,0.496,92.5,26,58.3
SKU022,136,1218.52,2.3,0.455,91.7,25,44.9
SKU022,137,1275.56,3.5,0.451,92.5,27,50.8
SKU022,138,715.17,2.8,0.465,87.6,29,58.0
SKU022,139,740.87,2.3,0.463,87.5,29,65.0
SKU022,140,1244.88,0.7,0.485,86.5,21,52.7
SKU022,141,882.99,1.7,0.476,85.7,18,46.2
SKU022,142,1245.98,1.8,0.477,96.1,24,59.7
SKU022,143,1116.45,3.3,0.491,86.6,27,53.8
SKU022,144,944.62,0.9,0.442,93.9,31,52.8
SKU022,145,896.03,2.6,0.462,88.9,27,52.6
SKU022,146,692.13,3.1,0.485,85.2,28,52.2
SKU022,147,751.19,1.4,0.476,85.8,23,51.2
SKU022,148,1307.5,1.7,0.451,94.2,25,47.7
SKU022,149,1157.79,2.3,0.481,85.2,25,53.9
SKU022,150,1017.25,0.6,0.505,91.1,24,53.2
SKU022,151,1043.54,3.4,0.463,89.6,24,57.7
SKU022,152,1071.57,0.9,0.437,86.9,26,52.0
SKU022,153,1032.95,1.8,0.477,88.7,21,51.8
SKU022,154,1253.42,0.9,0.51,91.2,23,48.7
SKU022,155,963.76,2.9,0.455,93.2,23,53.0
SKU022,156,1139.17,0.9,0.485,94.8,21,59.6
SKU022,157,1200.38,1.9,0.472,92.7,24,54.6
SKU022,158,936.44,1.2,0.483,90.1,23,46.4
SKU022,159,720.3,2.8,0.48,85.2,18,58.8
SKU022,160,886.28,0.8,0.473,90.8,21,54.5
SKU022,161,872.02,1.7,0.492,96.0,24,57.7
SKU022,162,1051.27,2.5,0.485,93.3,26,65.1
SKU022,163,806.72,3.2,0.445,85.6,29,59.4
SKU022,164,791.77,3.0,0.453,85.9,23,56.9
SKU022,165,610.83,1.4,0.475,93.7,24,64.8
SKU022,166,1223.42,3.0,0.469,91.7,27,62.6
SKU022,167,622.96,1.0,0.439,91.8,24,50.8
SKU022,168,1123.46,2.3,0.467,94.1,26,46.3
SKU022,169,1142.04,2.2,0.489,93.2,26,62.6
SKU022,170,790.89,2.9,0.487,94.9,29,62.1
SKU022,171,678.14,1.8,0.491,92.8,24,51.7
SKU022,172,753.8,0.6,0.448,86.7,23,53.1
SKU022,173,1142.74,3.1,0.455,95.0,24,59.5
SKU022,174,772.94,0.6,0.462,90.3,21,49.8
SKU022,175,1181.89,0.9,0.456,88.6,23,47.6
SKU022,176,916.19,3.2,0.47,95.6,23,48.5
SKU022,177,1036.27,3.4,0.479,85.0,23,51.9
SKU022,178,1020.79,1.6,0.473,92.1,27,61.2
SKU022,179,855.28,2.6,0.466,88.5,29,52.3
SKU022,180,550.03,0.9,0.479,91.7,21,55.8
SKU023,1,3967.41,2.0,0.4,80.1,31,66.8
SKU023,2,2967.29,3.4,0.403,70.5,30,76.9
SKU023,3,3080.73,2.8,0.387,76.4,34,78.1
SKU023,4,2002.05,2.8,0.419,77.1,32,78.8
SKU023,5,3934.4,3.2,0.376,80.6,28,64.9
SKU023,6,1886.32,3.1,0.375,79.2,29,85.4
SKU023,7,3841.16,1.7,0.401,81.7,34,83.8
SKU023,8,4189.53,0.7,0.389,71.8,35,69.3
SKU023,9,1950.83,1.4,0.415,72.0,31,63.3
SKU023,10,4185.01,1.9,0.381,73.2,36,59.8
SKU023,11,3656.89,0.8,0.41,79.1,32,72.8
SKU023,12,4082.19,0.9,0.41,79.9,34,86.5
SKU023,13,2313.03,3.2,0.368,78.0,29,81.1
SKU023,14,2390.58,1.9,0.402,74.1,28,61.1
SKU023,15,3516.73,3.4,0.375,71.8,30,60.5
SKU023,16,3761.69,2.2,0.39,80.4,28,64.1
SKU023,17,3372.68,3.0,0.389,72.2,30,70.6
SKU023,18,2785.29,2.9,0.389,78.2,33,60.2
SKU023,19,3156.44,2.7,0.382,77.9,26,71.3
SKU023,20,2633.86,1.4,0.402,80.1,33,60.6
SKU023,21,4037.19,1.7,0.363,76.4,34,80.0
SKU023,22,3689.85,0.6,0.399,71.8,34,83.2
SKU023,23,4002.28,3.0,0.37,71.0,34,84.9
SKU023,24,3834.36,1.4,0.415,70.9,29,71.3
SKU023,25,2420.54,1.5,0.383,73.4,31,72.8
SKU023,26,3535.06,1.0,0.415,80.1,27,84.4
SKU023,27,2297.84,1.1,0.391,72.1,29,85.2
SKU023,28,4237.18,0.9,0.373,77.1,31,79.3
SKU023,29,4490.9,3.6,0.364,78.5,32,63.4
SKU023,30,3503.59,1.2,0.399,76.5,28,81.0
SKU023,31,2341.77,0.6,0.395,78.1,30,73.0
SKU023,32,4103.57,1.9,0.384,80.6,31,86.1
SKU023,33,2393.0,3.4,0.371,73.0,31,74.4
SKU023,34,4570.42,1.6,0.397,77.7,32,78.9
SKU023,35,2011.95,1.9,0.42,70.8,27,68.2
SKU023,36,4491.29,3.6,0.366,75.0,31,61.1
SKU023,37,4367.76,2.8,0.395,75.4,31,70.8
SKU023,38,3240.19,1.8,0.366,70.3,31,72.1
SKU023,39,3495.94,0.7,0.384,80.8,33,70.8
SKU023,40,4075.2,2.8,0.401,70.3,30,77.1
SKU023,41,2053.4,2.8,0.406,79.6,32,69.6
SKU023,42,2029.0,2.5,0.401,76.5,35,66.7
SKU023,43,2074.36,0.7,0.395,77.2,32,76.5
SKU023,44,3389.03,1.0,0.38,73.3,31,78.3
SKU023,45,3916.5,0.6,0.379,74.6,29,71.8
SKU023,46,2559.85,1.7,0.388,76.7,29,63.6
SKU023,47,3448.24,1.1,0.358,75.7,34,74.8
SKU023,48,2643.13,2.1,0.354,77.7,27,78.4
SKU023,49,1946.67,1.0,0.368,72.8,28,80.5
SKU023,50,3317.04,3.2,0.363,77.4,29,84.6
SKU023,51,2612.62,1.3,0.389,71.1,34,63.7
SKU023,52,2332.28,2.7,0.386,70.3,32,74.1
SKU023,53,2220.02,2.3,0.389,75.8,36,61.3
SKU023,54,4115.93,3.6,0.366,80.3,29,76.1
SKU023,55,3024.86,1.4,0.382,70.7,25,83.9
SKU023,56,3791.42,1.4,0.415,71.8,27,62.8
SKU023,57,2838.1,1.3,0.398,75.5,24,66.5
SKU023,58,2553.53,2.6,0.346,75.0,34,68.9
SKU023,59,2271.22,2.0,0.409,72.6,31,77.6
SKU023,60,2063.24,3.4,0.377,71.8,35,75.3
SKU023,61,3614.37,3.7,0.384,72.0,29,71.1
SKU023,62,3778.68,1.3,0.397,81.0,29,75.1
SKU023,63,2378.63,0.7,0.394,79.9,25,76.2
SKU023,64,3693.23,3.5,0.395,70.3,25,86.8
SKU023,65,2145.93,2.4,0.395,80.6,28,62.9
SKU023,66,3629.19,3.0,0.383,71.8,29,60.4
SKU023,67,3620.04,1.9,0.381,75.4,29,70.0
SKU023,68,3130.27,3.7,0.394,80.4,29,64.9
SKU023,69,2478.28,3.2,0.396,77.3,33,68.0
SKU023,70,2092.64,2.7,0.379,71.7,30,68.2
SKU023,71,3352.85,1.8,0.382,71.1,28,80.8
SKU023,72,2561.75,1.9,0.371,73.0,32,65.4
SKU023,73,3576.51,1.0,0.384,77.1,30,64.9
SKU023,74,1763.33,2.1,0.416,78.8,33,75.3
SKU023,75,2886.29,2.6,0.376,81.9,28,60.9
SKU023,76,2972.1,2.8,0.397,78.6,28,59.8
SKU023,77,2218.6,3.7,0.403,74.4,35,78.4
SKU023,78,2727.34,3.1,0.382,72.4,31,62.7
SKU023,79,1674.25,1.7,0.4,73.7,30,68.7
SKU023,80,3162.1,1.4,0.381,76.6,29,85.0
SKU023,81,1651.15,0.7,0.368,78.5,27,73.1
SKU023,82,2230.37,2.7,0.393,79.0,28,63.8
SKU023,83,2123.23,1.9,0.39,78.9,31,62.6
SKU023,84,2657.24,2.2,0.366,70.1,31,75.2
SKU023,85,1739.19,1.3,0.389,75.9,31,79.6
SKU023,86,3539.16,2.3,0.392,81.5,29,86.1
SKU023,87,1688.41,2.2,0.393,71.6,29,69.7
SKU023,88,2812.33,2.7,0.408,77.9,38,80.2
SKU023,89,2469.62,2.4,0.39,80.0,31,68.6
SKU023,90,1787.54,2.0,0.386,73.0,32,61.6
SKU023,91,3275.06,1.3,0.385,80.1,32,76.4
SKU023,92,2908.23,3.1,0.395,77.5,29,59.5
SKU023,93,3254.13,1.7,0.406,80.2,29,69.3
SKU023,94,3005.6,1.0,0.374,76.4,30,79.4
SKU023,95,2412.14,1.3,0.366,81.8,30,82.8
SKU023,96,1850.75,2.5,0.393,76.9,30,72.1
SKU023,97,1886.99,2.6,0.404,80.2,30,65.7
SKU023,98,3038.83,3.1,0.397,70.7,33,67.9
SKU023,99,2449.37,1.7,0.397,75.4,29,81.7
SKU023,100,3448.84,3.0,0.404,81.4,29,80.6
SKU023,101,2571.38,2.4,0.401,73.8,35,59.6
SKU023,102,3046.01,2.2,0.394,81.0,29,71.7
SKU023,103,3199.49,1.8,0.394,79.4,31,81.2
SKU023,104,2448.4,0.6,0.365,76.6,34,73.6
SKU023,105,3051.66,0.7,0.395,80.1,27,63.1
SKU023,106,3633.07,1.3,0.37,73.8,31,60.1
SKU023,107,3046.02,2.1,0.385,81.1,33,60.8
SKU023,108,2704.53,2.1,0.363,81.4,29,79.9
SKU023,109,1922.25,2.6,0.378,75.4,32,66.0
SKU023,110,2567.28,1.5,0.38,76.5,33,61.7
SKU023,111,4023.63,1.2,0.395,73.9,27,70.1
SKU023,112,2083.2,3.0,0.39,73.7,34,78.8
SKU023,113,3081.31,2.2,0.42,77.4,29,83.0
SKU023,114,2395.06,3.0,0.377,71.4,29,68.0
SKU023,115,2275.01,2.4,0.421,75.9,27,64.7
SKU023,116,2948.96,2.6,0.369,74.7,32,86.3
SKU023,117,3982.76,2.5,0.398,71.3,28,74.1
SKU023,118,2053.48,2.1,0.409,73.5,27,70.5
SKU023,119,3292.53,3.4,0.386,77.7,24,64.6
SKU023,120,3103.46,1.4,0.349,73.6,28,63.1
SKU023,121,2955.38,1.7,0.398,72.5,26,69.8
SKU023,122,2997.41,0.8,0.385,74.3,30,85.4
SKU023,123,2015.46,3.4,0.405,76.0,30,76.0
SKU023,124,2744.57,2.7,0.42,70.4,32,76.1
SKU023,125,3229.35,1.9,0.394,78.9,29,77.3
SKU023,126,2531.05,2.6,0.392,74.1,27,71.7
SKU023,127,4442.51,1.6,0.396,75.8,34,86.6
SKU023,128,3963.89,3.3,0.391,73.9,38,62.9
SKU023,129,3687.96,1.8,0.398,75.7,30,80.0
SKU023,130,3527.68,2.4,0.385,80.5,32,67.0
SKU023,131,3820.94,0.9,0.411,74.0,29,64.3
SKU023,132,3461.73,1.6,0.406,70.8,24,83.4
SKU023,133,3649.35,2.3,0.4,77.4,29,63.4
SKU023,134,4557.08,3.3,0.373,77.1,34,61.9
SKU023,135,2109.72,1.9,0.371,77.7,34,63.4
SKU023,136,2854.1,0.9,0.414,80.6,27,62.9
SKU023,137,2724.38,3.3,0.374,74.1,23,75.1
SKU023,138,4533.15,3.6,0.389,78.6,25,66.6
SKU023,139,3223.03,1.5,0.429,74.7,26,78.2
SKU023,140,3656.16,3.0,0.368,77.9,35,63.0
SKU023,141,4303.32,0.8,0.402,75.3,30,68.4
SKU023,142,3306.23,1.8,0.366,81.3,31,59.6
SKU023,143,3990.68,1.8,0.407,80.8,29,61.5
SKU023,144,3825.2,1.6,0.399,75.4,34,62.0
SKU023,145,3088.34,1.4,0.378,74.1,31,61.4
SKU023,146,3955.57,1.8,0.44,72.5,35,83.4
SKU023,147,3595.39,3.6,0.395,75.1,31,66.3
SKU023,148,2897.98,1.9,0.374,74.8,28,81.7
SKU023,149,2411.02,2.2,0.4,71.3,24,80.5
SKU023,150,2441.3,1.4,0.383,81.1,28,73.9
SKU023,151,2108.41,1.7,0.398,78.0,38,73.6
SKU023,152,3810.18,2.0,0.386,76.2,31,85.5
SKU023,153,2647.12,2.1,0.372,70.6,33,62.8
SKU023,154,3035.85,3.6,0.381,75.8,29,76.3
SKU023,155,2310.37,1.6,0.394,72.5,29,60.4
SKU023,156,2670.74,2.2,0.411,76.6,33,67.5
SKU023,157,4157.06,3.3,0.417,77.0,28,66.0
SKU023,158,3524.68,3.1,0.404,71.0,32,65.3
SKU023,159,3843.87,0.6,0.396,71.3,33,61.0
SKU023,160,2400.09,1.4,0.38,70.8,34,65.3
SKU023,161,2923.21,3.1,0.389,74.1,29,61.9
SKU023,162,2179.36,0.8,0.413,72.6,34,67.6
SKU023,163,2383.69,2.2,0.412,72.3,30,79.4
SKU023,164,4048.2,2.5,0.357,77.2,34,80.3
SKU023,165,2599.56,1.9,0.398,75.6,32,71.7
SKU023,166,3532.48,0.9,0.372,74.3,30,68.3
SKU023,167,3669.4,3.2,0.419,70.5,34,78.5
SKU023,168,4094.06,2.3,0.406,73.2,30,82.3
SKU023,169,3596.97,3.6,0.395,80.0,34,72.9
SKU023,170,3662.3,3.6,0.392,72.7,29,69.8
SKU023,171,2453.34,1.1,0.404,81.6,34,85.9
SKU023,172,3824.96,1.7,0.364,78.3,35,79.2
SKU023,173,3219.53,2.2,0.375,71.6,30,68.9
SKU023,174,2096.15,1.7,0.391,78.5,32,82.5
SKU023,175,3722.87,2.4,0.385,80.7,26,82.2
SKU023,176,2215.05,2.3,0.419,74.4,26,81.0
SKU023,177,3478.45,3.0,0.363,70.0,25,81.7
SKU023,178,2213.94,3.2,0.443,74.0,31,60.4
SKU023,179,2622.69,3.3,0.402,71.8,30,83.5
SKU023,180,3452.56,0.7,0.357,76.6,32,83.3
SKU024,1,2505.39,3.6,0.435,80.3,21,35.7
SKU024,2,2842.24,3.1,0.399,86.5,23,44.0
SKU024,3,1446.8,4.9,0.397,86.3,24,44.2
SKU024,4,1404.82,6.5,0.393,77.4,27,46.3
SKU024,5,1347.21,4.4,0.401,82.6,28,47.7
SKU024,6,2954.02,4.8,0.404,83.9,26,46.4
SKU024,7,2240.4,3.4,0.393,87.6,27,46.2
SKU024,8,2205.82,1.5,0.415,78.5,27,51.3
SKU024,9,2468.35,6.0,0.401,77.7,28,49.5
SKU024,10,1544.52,3.1,0.439,78.7,25,50.7
SKU024,11,2971.36,7.5,0.424,77.5,27,37.6
SKU024,12,2209.99,3.0,0.446,81.1,22,39.4
SKU024,13,2286.05,6.4,0.386,77.0,27,46.5
SKU024,14,2824.01,1.5,0.432,84.6,31,43.4
SKU024,15,2184.79,6.1,0.434,84.1,22,44.4
SKU024,16,2798.7,5.6,0.445,85.0,31,43.3
SKU024,17,1728.69,2.4,0.461,78.4,29,46.4
SKU024,18,1555.32,4.4,0.419,86.4,26,51.8
SKU024,19,1687.99,5.5,0.409,87.5,30,48.8
SKU024,20,2766.77,4.0,0.416,87.8,25,48.5
SKU024,21,2860.0,5.1,0.42,81.7,28,40.6
SKU024,22,2730.65,2.4,0.405,77.3,31,42.3
SKU024,23,1896.49,5.8,0.421,87.6,32,43.8
SKU024,24,2685.93,2.8,0.437,76.8,26,48.0
SKU024,25,3150.8,4.0,0.435,82.7,28,44.1
SKU024,26,1911.95,6.2,0.399,85.0,24,38.2
SKU024,27,1636.21,2.0,0.43,78.5,26,47.2
SKU024,28,2220.28,4.4,0.442,84.3,25,49.7
SKU024,29,2241.15,7.3,0.444,78.0,25,49.7
SKU024,30,3017.17,5.0,0.424,77.0,23,37.7
SKU024,31,3131.03,3.8,0.417,81.1,22,42.5
SKU024,32,3184.65,1.3,0.415,87.3,23,36.8
SKU024,33,2800.06,4.8,0.406,81.2,26,48.9
SKU024,34,2527.85,5.0,0.428,82.6,27,42.5
SKU024,35,1903.47,5.4,0.386,77.4,25,42.5
SKU024,36,2460.12,6.0,0.425,78.0,25,41.8
SKU024,37,1575.74,5.5,0.375,81.4,21,47.5
SKU024,38,1811.94,7.0,0.414,82.8,29,45.8
SKU024,39,2245.97,4.4,0.417,78.8,25,39.0
SKU024,40,3045.39,5.9,0.421,80.9,20,39.4
SKU024,41,2473.78,1.2,0.422,79.1,28,42.0
SKU024,42,1546.87,1.9,0.391,80.8,31,51.7
SKU024,43,1454.26,6.1,0.41,75.9,28,38.1
SKU024,44,2078.75,1.4,0.427,80.5,26,47.5
SKU024,45,3051.95,6.4,0.428,84.7,25,52.0
SKU024,46,1801.52,1.3,0.427,81.6,25,38.8
SKU024,47,2290.4,7.7,0.435,83.4,21,43.1
SKU024,48,1597.93,5.7,0.401,84.3,27,40.6
SKU024,49,1786.84,2.5,0.417,86.3,30,39.4
SKU024,50,2875.75,2.4,0.45,82.0,31,39.8
SKU024,51,1962.57,1.6,0.434,78.9,30,39.2
SKU024,52,2494.45,4.0,0.427,84.4,25,47.3
SKU024,53,2635.23,4.5,0.415,82.4,30,48.1
SKU024,54,2504.6,7.6,0.441,82.6,22,46.4
SKU024,55,1667.13,3.0,0.429,78.2,33,44.8
SKU024,56,1738.58,6.7,0.404,75.9,30,40.7
SKU024,57,2854.06,4.7,0.408,84.3,30,38.2
SKU024,58,2900.4,3.7,0.444,82.9,27,47.3
SKU024,59,2231.84,4.7,0.439,76.5,29,47.0
SKU024,60,2763.46,3.7,0.419,84.1,25,41.0
SKU024,61,2464.26,7.6,0.439,81.5,27,49.4
SKU024,62,2538.44,7.3,0.422,78.7,27,37.0
SKU024,63,1944.19,3.8,0.406,76.6,29,44.0
SKU024,64,2480.3,4.8,0.421,87.5,29,40.9
SKU024,65,2581.86,6.9,0.407,80.8,28,39.2
SKU024,66,1301.16,1.5,0.394,79.9,30,46.5
SKU024,67,1490.15,2.3,0.393,80.6,25,46.9
SKU024,68,1671.45,2.5,0.413,82.0,24,49.0
SKU024,69,2567.21,5.1,0.43,83.9,28,42.4
SKU024,70,2361.67,4.8,0.402,78.9,26,47.3
SKU024,71,2117.77,7.5,0.422,81.8,28,48.2
SKU024,72,1605.23,2.8,0.422,76.6,28,38.9
SKU024,73,2104.57,7.5,0.404,78.8,28,51.5
SKU024,74,1558.69,2.7,0.385,82.7,30,36.9
SKU024,75,1920.79,5.1,0.433,82.2,21,44.4
SKU024,76,1743.19,3.3,0.4,82.7,28,39.1
SKU024,77,1622.45,6.0,0.442,87.6,25,48.9
SKU024,78,1958.4,5.1,0.396,83.9,29,37.2
SKU024,79,1472.16,7.5,0.424,84.5,30,39.2
SKU024,80,2076.85,7.4,0.424,83.9,22,45.7
SKU024,81,2556.88,3.0,0.409,87.1,24,50.1
SKU024,82,1905.16,1.4,0.437,78.8,25,41.6
SKU024,83,2260.69,7.5,0.432,84.6,28,49.8
SKU024,84,2542.11,2.9,0.427,87.2,24,40.2
SKU024,85,1609.25,7.6,0.41,77.4,27,41.8
SKU024,86,2450.4,6.4,0.443,81.3,23,50.0
SKU024,87,1993.03,2.1,0.447,76.7,28,43.6
SKU024,88,2532.14,7.6,0.419,85.8,26,48.8
SKU024,89,2219.73,6.0,0.461,77.5,27,36.3
SKU024,90,2418.53,7.0,0.431,80.7,27,38.4
SKU024,91,2613.02,7.5,0.442,78.5,23,45.7
SKU024,92,1164.76,7.5,0.44,85.5,25,44.1
SKU024,93,2595.7,6.5,0.45,86.3,26,50.8
SKU024,94,1557.72,7.2,0.393,83.6,27,49.5
SKU024,95,1651.06,6.6,0.46,85.0,23,44.8
SKU024,96,2384.76,5.3,0.426,84.8,31,40.7
SKU024,97,2200.98,7.5,0.416,83.4,28,42.3
SKU024,98,1361.23,5.7,0.404,76.8,32,43.7
SKU024,99,1420.2,3.1,0.41,87.1,27,51.5
SKU024,100,2057.26,3.9,0.448,76.1,32,42.6
SKU024,101,2602.19,2.7,0.402,78.5,22,38.2
SKU024,102,2127.82,5.8,0.412,75.8,21,50.5
SKU024,103,1423.42,6.7,0.437,80.6,26,45.9
SKU024,104,2353.44,4.3,0.435,76.1,24,39.9
SKU024,105,1251.32,6.2,0.442,79.1,31,41.9
SKU024,106,2127.34,1.6,0.41,87.3,25,47.3
SKU024,107,1782.71,5.6,0.43,77.9,29,44.7
SKU024,108,1393.63,1.8,0.409,76.8,20,48.6
SKU024,109,1642.26,4.1,0.464,76.1,22,49.2
SKU024,110,2727.96,1.6,0.419,76.3,26,42.3
SKU024,111,2335.35,1.2,0.41,80.8,27,49.0
SKU024,112,1642.61,1.5,0.454,78.7,23,47.4
SKU024,113,1929.61,5.8,0.419,79.0,29,47.2
SKU024,114,1974.28,1.5,0.433,87.3,24,51.2
SKU024,115,1624.44,3.4,0.385,85.1,24,38.2
SKU024,116,2195.25,3.7,0.411,81.1,29,46.9
SKU024,117,2040.41,4.1,0.428,78.0,28,49.9
SKU024,118,1502.07,2.7,0.413,81.8,24,51.7
SKU024,119,2973.06,7.5,0.399,76.7,33,40.0
SKU024,120,2785.54,2.0,0.431,79.8,30,51.2
SKU024,121,2857.18,3.0,0.419,83.4,33,37.5
SKU024,122,2643.91,2.1,0.397,81.0,22,50.3
SKU024,123,2397.4,3.1,0.415,83.5,32,39.9
SKU024,124,2084.24,6.7,0.423,83.8,30,45.2
SKU024,125,1785.21,6.5,0.416,82.5,32,40.7
SKU024,126,2939.68,5.6,0.439,86.9,25,50.0
SKU024,127,1754.03,2.9,0.439,75.9,27,35.8
SKU024,128,1454.86,1.2,0.412,76.4,28,44.7
SKU024,129,3226.78,3.2,0.417,82.0,29,38.3
SKU024,130,1814.84,6.1,0.426,82.1,28,47.5
SKU024,131,2251.4,3.8,0.418,80.4,21,50.4
SKU024,132,2787.09,2.7,0.431,86.6,26,46.8
SKU024,133,1547.04,4.3,0.423,76.1,28,37.0
SKU024,134,2849.91,6.0,0.452,79.6,29,36.9
SKU024,135,2451.48,4.0,0.435,84.4,32,49.4
SKU024,136,3243.55,1.6,0.425,85.8,31,38.6
SKU024,137,2864.75,4.3,0.435,76.6,27,46.7
SKU024,138,3132.02,2.1,0.395,86.1,28,45.2
SKU024,139,2421.18,4.0,0.423,76.1,28,47.1
SKU024,140,1671.81,4.8,0.434,85.7,24,37.4
SKU024,141,2847.92,6.6,0.412,82.8,26,41.1
SKU024,142,2128.01,5.4,0.446,79.5,30,36.6
SKU024,143,3078.85,5.1,0.408,82.3,26,52.0
SKU024,144,2329.02,5.9,0.4,86.1,28,46.9
SKU024,145,2128.16,4.4,0.41,80.5,27,40.8
SKU024,146,2333.57,7.6,0.429,85.5,28,35.9
SKU024,147,2539.0,3.4,0.447,86.2,28,36.0
SKU024,148,2798.11,5.2,0.417,84.8,30,46.9
SKU024,149,2562.99,5.3,0.435,81.4,25,51.5
SKU024,150,1688.5,6.1,0.414,79.8,23,38.3
SKU024,151,3124.87,6.8,0.443,80.4,22,38.0
SKU024,152,1818.6,3.8,0.409,86.1,31,45.6
SKU024,153,2133.43,5.4,0.423,84.5,27,46.2
SKU024,154,2189.87,6.7,0.417,78.2,27,40.4
SKU024,155,2955.19,7.2,0.413,76.6,28,38.5
SKU024,156,1642.19,6.4,0.426,80.5,31,41.8
SKU024,157,2525.41,3.3,0.434,77.6,34,48.1
SKU024,158,2648.72,5.0,0.415,81.5,23,48.0
SKU024,159,2869.59,1.4,0.43,78.3,21,36.0
SKU024,160,2532.72,2.5,0.445,85.2,29,35.8
SKU024,161,2632.05,3.1,0.415,87.6,25,41.5
SKU024,162,1558.99,1.3,0.408,85.5,24,35.9
SKU024,163,1932.05,4.5,0.453,82.4,31,36.1
SKU024,164,2395.49,5.9,0.423,87.7,31,40.2
SKU024,165,2676.72,6.7,0.42,87.7,25,46.1
SKU024,166,1977.76,2.8,0.42,85.3,23,45.5
SKU024,167,2793.15,4.5,0.451,86.5,27,36.3
SKU024,168,2588.67,1.5,0.429,86.6,31,51.8
SKU024,169,1466.31,6.4,0.403,84.6,28,48.3
SKU024,170,1505.71,5.8,0.419,87.3,28,49.8
SKU024,171,2057.78,7.3,0.404,82.2,26,37.3
SKU024,172,2797.02,1.2,0.456,78.7,24,41.0
SKU024,173,1368.39,2.7,0.428,79.6,27,47.0
SKU024,174,2828.39,3.8,0.434,81.5,28,44.7
SKU024,175,1899.63,3.7,0.404,82.6,26,51.1
SKU024,176,1766.95,5.6,0.431,78.0,30,37.1
SKU024,177,2614.24,3.7,0.406,77.3,24,49.1
SKU024,178,1485.6,4.0,0.419,76.0,26,43.9
SKU024,179,1657.28,5.3,0.404,79.7,28,52.0
SKU024,180,2390.02,2.6,0.436,82.0,26,39.0
SKU025,1,1541.88,3.2,0.394,73.3,32,64.0
SKU025,2,1631.57,1.9,0.406,79.3,29,59.7
SKU025,3,916.21,3.6,0.403,75.1,27,52.5
SKU025,4,1941.18,0.9,0.401,75.9,25,64.7
SKU025,5,1057.51,3.3,0.412,74.5,32,64.0
SKU025,6,1015.18,4.8,0.375,72.0,29,59.9
SKU025,7,1905.82,1.8,0.392,78.4,41,55.9
SKU025,8,1882.94,2.8,0.398,79.0,30,67.9
SKU025,9,1605.55,3.7,0.413,73.7,38,62.1
SKU025,10,1467.15,3.6,0.406,76.3,24,69.4
SKU025,11,1847.95,2.4,0.416,79.6,33,54.9
SKU025,12,1201.26,2.3,0.424,72.9,31,52.9
SKU025,13,1970.26,2.1,0.388,73.5,33,71.4
SKU025,14,2042.57,1.7,0.417,74.3,27,66.8
SKU025,15,1817.46,2.9,0.4,72.9,27,65.3
SKU025,16,2008.46,0.8,0.385,80.0,30,63.4
SKU025,17,1313.64,3.8,0.402,72.0,33,57.5
SKU025,18,2083.86,4.6,0.445,74.4,31,61.5
SKU025,19,1419.46,3.5,0.443,77.6,29,64.3
SKU025,20,971.89,3.0,0.388,77.3,36,58.5
SKU025,21,1001.87,3.8,0.413,72.3,25,75.7
SKU025,22,984.31,1.1,0.399,70.3,30,59.8
SKU025,23,1921.92,2.1,0.381,78.7,32,68.5
SKU025,24,1818.42,1.0,0.41,74.3,30,75.9
SKU025,25,1503.17,1.9,0.413,73.3,32,67.3
SKU025,26,1830.47,3.5,0.41,73.4,27,53.8
SKU025,27,1089.45,1.9,0.39,73.9,31,61.7
SKU025,28,2153.15,3.7,0.383,79.4,34,67.5
SKU025,29,1241.18,1.1,0.396,78.4,28,75.3
SKU025,30,1159.91,4.4,0.395,69.9,36,63.6
SKU025,31,1232.02,1.1,0.403,72.6,36,65.6
SKU025,32,1796.35,2.7,0.425,73.2,26,76.0
SKU025,33,1839.54,3.5,0.427,76.2,36,73.5
SKU025,34,1203.98,4.1,0.411,72.0,28,58.5
SKU025,35,1706.79,1.4,0.427,76.6,32,69.3
SKU025,36,1278.78,1.5,0.422,78.9,26,73.9
SKU025,37,1090.81,3.7,0.406,70.6,33,71.4
SKU025,38,1676.24,1.1,0.391,75.7,29,60.4
SKU025,39,983.57,2.7,0.42,69.7,26,59.8
SKU025,40,1788.18,2.8,0.394,72.4,31,69.2
SKU025,41,1636.8,4.6,0.394,73.6,30,53.3
SKU025,42,1382.22,1.8,0.407,76.3,28,68.8
SKU025,43,1466.18,4.3,0.407,72.7,33,59.9
SKU025,44,1268.93,1.2,0.424,70.6,31,70.6
SKU025,45,1420.78,1.4,0.401,71.3,34,53.5
SKU025,46,1149.24,0.8,0.394,80.2,33,59.7
SKU025,47,1422.82,4.4,0.405,75.1,38,54.1
SKU025,48,1931.15,4.5,0.446,79.0,30,75.2
SKU025,49,1941.66,3.9,0.415,73.9,28,70.4
SKU025,50,2010.79,3.5,0.397,77.7,28,65.2
SKU025,51,1085.36,1.3,0.425,80.4,36,72.9
SKU025,52,1348.22,0.8,0.408,71.0,26,52.8
SKU025,53,1325.71,3.0,0.417,81.1,36,64.8
SKU025,54,1417.41,2.0,0.397,74.6,30,53.1
SKU025,55,1015.02,0.9,0.433,77.3,29,71.8
SKU025,56,1105.23,2.3,0.388,80.1,27,69.2
SKU025,57,1520.01,3.8,0.403,70.0,32,70.1
SKU025,58,1560.96,3.5,0.415,71.9,29,54.0
SKU025,59,1516.79,2.0,0.424,79.7,30,61.7
SKU025,60,1717.74,4.6,0.395,79.7,30,61.0
SKU025,61,1147.77,1.2,0.389,75.6,35,58.5
SKU025,62,885.15,1.9,0.405,77.3,28,55.4
SKU025,63,948.23,4.8,0.447,77.0,28,70.0
SKU025,64,1207.28,3.1,0.412,72.9,29,53.0
SKU025,65,812.44,3.9,0.405,79.3,35,64.8
SKU025,66,1349.27,4.1,0.401,80.3,31,61.8
SKU025,67,1731.2,2.7,0.406,78.4,26,61.8
SKU025,68,1655.94,1.0,0.391,75.3,30,74.5
SKU025,69,1021.94,2.0,0.426,76.6,31,68.6
SKU025,70,1613.59,3.8,0.419,75.0,30,54.1
SKU025,71,1089.0,2.7,0.473,77.4,30,54.5
SKU025,72,1479.48,0.9,0.453,79.2,28,56.2
SKU025,73,1320.52,4.2,0.445,73.9,26,72.8
SKU025,74,1599.03,3.5,0.412,78.8,31,56.4
SKU025,75,1556.02,4.4,0.41,70.5,35,73.7
SKU025,76,1092.27,2.1,0.413,73.6,30,61.9
SKU025,77,1113.66,2.2,0.431,71.9,31,71.7
SKU025,78,1609.14,1.3,0.388,75.2,24,61.3
SKU025,79,905.72,2.4,0.423,72.5,24,56.5
SKU025,80,1359.91,2.7,0.428,80.8,26,75.7
SKU025,81,1509.13,3.4,0.428,75.3,29,59.5
SKU025,82,1184.55,1.3,0.407,81.1,32,66.7
SKU025,83,1652.96,1.7,0.394,80.6,30,59.0
SKU025,84,1691.23,3.6,0.418,79.9,31,71.6
SKU025,85,1592.69,4.3,0.387,75.6,27,68.4
SKU025,86,1124.68,4.8,0.42,80.1,32,53.0
SKU025,87,975.94,2.9,0.403,79.2,33,68.1
SKU025,88,1684.54,1.6,0.439,76.1,32,67.1
SKU025,89,1491.93,1.6,0.403,75.9,34,64.9
SKU025,90,836.93,1.0,0.433,79.1,28,58.9
SKU025,91,1078.83,3.8,0.395,77.8,23,58.2
SKU025,92,1107.99,4.1,0.414,70.3,26,67.0
SKU025,93,1562.15,1.3,0.419,75.7,30,63.9
SKU025,94,1097.92,2.1,0.402,69.2,26,66.5
SKU025,95,1223.66,1.1,0.406,79.2,24,75.6
SKU025,96,1702.98,1.0,0.416,78.8,37,72.2
SKU025,97,1490.06,1.0,0.371,70.7,29,70.0
SKU025,98,1064.6,2.0,0.41,72.7,32,57.1
SKU025,99,1642.63,4.6,0.417,70.5,32,53.5
SKU025,100,859.0,2.1,0.435,79.4,29,64.7
SKU025,101,1687.27,2.6,0.4,75.7,34,73.2
SKU025,102,1667.59,1.8,0.364,78.4,30,62.0
SKU025,103,1468.98,4.5,0.398,81.1,27,61.0
SKU025,104,1053.27,2.1,0.39,76.6,29,63.2
SKU025,105,1594.75,3.5,0.377,79.1,28,67.6
SKU025,106,1054.2,4.8,0.418,74.4,37,69.0
SKU025,107,853.16,3.1,0.412,78.7,29,67.9
SKU025,108,967.06,4.9,0.4,71.4,30,74.1
SKU025,109,1764.79,4.1,0.452,73.1,31,64.1
SKU025,110,1327.02,4.2,0.407,73.1,31,63.4
SKU025,111,851.22,1.2,0.367,74.2,29,65.5
SKU025,112,1155.98,2.5,0.445,77.8,28,71.7
SKU025,113,1195.02,1.8,0.4,71.8,33,62.0
SKU025,114,1337.43,3.6,0.378,74.5,32,74.8
SKU025,115,1571.92,2.1,0.412,79.9,29,64.1
SKU025,116,1847.76,2.3,0.406,70.6,33,64.4
SKU025,117,1028.55,3.0,0.408,73.8,29,54.9
SKU025,118,1471.34,1.1,0.411,72.1,34,62.5
SKU025,119,1538.05,1.7,0.388,77.9,30,64.5
SKU025,120,2003.19,4.3,0.375,72.0,34,63.9
SKU025,121,1360.93,3.3,0.4,69.2,33,53.0
SKU025,122,1985.98,2.5,0.403,79.9,34,56.2
SKU025,123,1488.37,2.6,0.383,73.4,28,62.0
SKU025,124,1631.01,4.8,0.43,73.1,30,70.5
SKU025,125,1042.59,3.8,0.369,78.6,28,59.4
SKU025,126,1289.04,4.4,0.392,78.6,33,56.4
SKU025,127,1673.32,1.4,0.397,69.5,30,61.8
SKU025,128,1347.2,3.8,0.382,70.6,27,59.5
SKU025,129,1955.41,3.9,0.395,77.9,31,65.9
SKU025,130,943.89,1.2,0.417,79.3,32,54.0
SKU025,131,1608.79,2.8,0.434,77.9,33,65.1
SKU025,132,1199.42,1.9,0.403,80.3,34,60.0
SKU025,133,1928.59,2.1,0.383,76.6,30,65.7
SKU025,134,1326.56,2.7,0.415,76.8,28,73.8
SKU025,135,2034.83,3.4,0.399,79.3,32,74.0
SKU025,136,1015.29,4.1,0.414,79.9,28,59.4
SKU025,137,1319.67,1.3,0.393,75.9,25,66.2
SKU025,138,1960.88,3.6,0.429,75.1,27,55.2
SKU025,139,1063.8,3.6,0.442,79.0,24,75.9
SKU025,140,1454.06,4.9,0.396,74.5,26,70.0
SKU025,141,1891.11,2.3,0.396,75.1,25,67.4
SKU025,142,1239.69,4.4,0.415,77.0,30,59.9
SKU025,143,1920.65,4.7,0.393,71.0,28,67.2
SKU025,144,1053.61,4.8,0.395,80.9,29,75.5
SKU025,145,1084.49,4.6,0.423,70.2,38,54.3
SKU025,146,1342.96,1.9,0.389,81.0,27,73.0
SKU025,147,2055.01,2.7,0.446,72.2,31,57.7
SKU025,148,1666.67,4.3,0.425,73.1,31,59.0
SKU025,149,2045.85,3.0,0.435,71.7,26,72.4
SKU025,150,1451.88,1.3,0.402,76.0,34,68.2
SKU025,151,2006.17,2.8,0.425,71.9,27,66.8
SKU025,152,1996.73,4.2,0.421,72.1,33,52.4
SKU025,153,1445.78,1.8,0.424,77.9,25,53.3
SKU025,154,1906.32,1.9,0.429,72.5,27,55.8
SKU025,155,1655.17,2.3,0.377,80.8,26,52.4
SKU025,156,2023.39,3.6,0.406,71.3,29,68.8
SKU025,157,1997.96,4.2,0.405,72.6,36,74.3
SKU025,158,1326.25,3.5,0.417,73.7,33,52.2
SKU025,159,1306.55,4.2,0.381,74.0,28,63.9
SKU025,160,1715.47,2.6,0.37,70.1,28,74.6
SKU025,161,1832.33,0.9,0.397,69.9,30,61.4
SKU025,162,989.84,2.7,0.407,72.5,30,59.3
SKU025,163,1761.99,1.9,0.403,77.1,33,63.5
SKU025,164,1922.47,0.8,0.414,81.0,34,75.6
SKU025,165,1264.99,4.7,0.41,71.0,32,75.1
SKU025,166,1677.31,4.6,0.408,71.5,34,61.5
SKU025,167,999.93,1.8,0.37,78.4,29,74.2
SKU025,168,933.54,4.8,0.395,69.9,31,52.1
SKU025,169,1237.06,4.3,0.374,71.4,29,72.9
SKU025,170,1217.92,3.4,0.397,76.4,27,72.0
SKU025,171,1188.68,3.5,0.404,77.2,31,56.5
SKU025,172,1309.58,1.9,0.415,80.9,36,55.3
SKU025,173,873.1,2.4,0.426,75.6,31,68.2
SKU025,174,1529.83,4.5,0.393,78.9,27,74.8
SKU025,175,1367.02,1.7,0.392,78.8,28,57.6
SKU025,176,1022.31,1.5,0.411,70.4,30,67.8
SKU025,177,1747.09,3.7,0.428,77.7,26,71.0
SKU025,178,1645.3,3.9,0.435,76.6,27,56.1
SKU025,179,1360.49,4.4,0.39,80.7,32,75.4
SKU025,180,1589.33,2.9,0.423,77.0,27,75.6
SKU026,1,1461.5,1.2,0.419,83.5,35,45.0
SKU026,2,2137.76,2.4,0.386,82.2,37,41.4
SKU026,3,1935.38,2.6,0.388,89.0,39,41.7
SKU026,4,2384.34,3.7,0.405,80.3,40,44.2
SKU026,5,2274.97,2.9,0.41,85.5,34,39.4
SKU026,6,2443.95,1.6,0.4,85.1,35,51.4
SKU026,7,1448.39,4.1,0.415,84.2,37,47.0
SKU026,8,2753.55,1.8,0.372,81.8,36,39.8
SKU026,9,1385.49,4.3,0.428,79.7,34,53.7
SKU026,10,1524.46,0.8,0.399,87.7,39,39.0
SKU026,11,1587.61,1.1,0.439,77.9,34,50.8
SKU026,12,2279.93,0.9,0.391,88.2,32,52.3
SKU026,13,2325.4,2.5,0.401,87.5,40,52.4
SKU026,14,1653.31,2.0,0.407,85.5,42,45.2
SKU026,15,2950.69,3.9,0.402,77.8,37,44.9
SKU026,16,2867.12,1.5,0.409,87.1,34,48.7
SKU026,17,1541.86,3.8,0.41,80.3,36,45.6
SKU026,18,3098.07,2.2,0.417,81.0,29,43.6
SKU026,19,2932.39,4.3,0.414,88.5,37,50.3
SKU026,20,2917.63,3.4,0.394,88.2,35,38.8
SKU026,21,2359.41,2.9,0.417,79.1,39,46.1
SKU026,22,1870.93,2.9,0.393,81.6,37,42.5
SKU026,23,1917.11,2.4,0.389,81.5,36,41.3
SKU026,24,1856.66,0.8,0.424,86.1,35,42.8
SKU026,25,1792.86,1.7,0.407,80.8,36,53.2
SKU026,26,1551.88,1.9,0.393,79.0,38,43.6
SKU026,27,2462.72,0.9,0.373,77.7,39,48.3
SKU026,28,2844.95,1.0,0.391,82.7,38,41.6
SKU026,29,1434.47,1.3,0.391,83.3,35,45.8
SKU026,30,3098.84,1.0,0.413,81.1,37,37.1
SKU026,31,2885.62,2.6,0.413,85.7,32,50.0
SKU026,32,3004.81,1.3,0.4,88.2,37,46.9
SKU026,33,2119.9,3.9,0.418,86.4,34,40.1
SKU026,34,1685.87,1.6,0.398,86.1,35,45.8
SKU026,35,3031.32,3.6,0.408,77.7,37,46.3
SKU026,36,1490.3,3.4,0.406,84.3,34,40.7
SKU026,37,1720.61,3.1,0.416,83.7,28,42.1
SKU026,38,2662.93,2.7,0.406,84.9,36,52.3
SKU026,39,1627.24,4.1,0.438,87.5,39,51.1
SKU026,40,2084.17,1.2,0.425,77.2,35,43.4
SKU026,41,1523.69,3.5,0.418,82.2,36,49.7
SKU026,42,2126.69,0.8,0.438,83.3,34,53.8
SKU026,43,2323.4,1.6,0.398,79.7,35,43.8
SKU026,44,1939.84,2.0,0.398,78.7,35,51.8
SKU026,45,2010.54,3.6,0.434,79.7,33,50.1
SKU026,46,2324.19,3.4,0.377,88.6,35,39.0
SKU026,47,1379.9,2.6,0.407,88.7,38,44.4
SKU026,48,2562.78,3.9,0.402,79.8,38,41.3
SKU026,49,1351.31,2.7,0.372,80.9,33,47.4
SKU026,50,2910.58,1.9,0.415,85.7,35,46.7
SKU026,51,2312.99,2.5,0.424,87.3,37,48.5
SKU026,52,2445.62,3.5,0.402,79.0,33,37.9
SKU026,53,1870.23,1.8,0.4,83.6,33,47.8
SKU026,54,2404.47,4.3,0.408,79.7,38,52.4
SKU026,55,2507.23,3.5,0.436,77.5,38,40.7
SKU026,56,1600.24,4.0,0.408,82.3,38,49.2
SKU026,57,1259.3,1.6,0.395,85.1,34,38.0
SKU026,58,1323.68,2.3,0.425,77.3,29,51.2
SKU026,59,2648.24,1.4,0.412,84.3,43,48.8
SKU026,60,2051.89,2.1,0.388,83.1,32,39.6
SKU026,61,1777.99,1.1,0.399,81.9,37,42.2
SKU026,62,2264.46,2.7,0.421,84.8,39,45.2
SKU026,63,1461.4,1.1,0.416,87.6,37,39.2
SKU026,64,1453.68,2.4,0.403,79.6,35,52.6
SKU026,65,1903.88,3.3,0.423,88.7,33,39.1
SKU026,66,1904.11,4.2,0.425,78.8,39,42.7
SKU026,67,2218.47,4.3,0.419,85.4,38,42.3
SKU026,68,1643.94,1.0,0.395,78.2,31,37.1
SKU026,69,2017.23,2.1,0.394,88.6,31,36.9
SKU026,70,1563.02,2.0,0.425,81.4,33,44.7
SKU026,71,2108.24,3.0,0.404,78.4,37,41.4
SKU026,72,2299.42,1.3,0.394,77.1,41,44.4
SKU026,73,1587.59,1.4,0.398,88.3,35,38.6
SKU026,74,2192.69,3.6,0.408,77.4,38,49.5
SKU026,75,1159.95,3.9,0.401,86.1,40,53.4
SKU026,76,1433.0,3.9,0.394,80.9,40,42.9
SKU026,77,1977.89,2.7,0.391,77.9,31,45.1
SKU026,78,1820.25,2.0,0.439,86.9,36,48.6
SKU026,79,1470.53,1.2,0.418,86.3,37,50.8
SKU026,80,2332.84,3.4,0.407,88.8,35,37.2
SKU026,81,1124.89,1.1,0.405,85.2,32,51.4
SKU026,82,1710.59,1.2,0.417,87.6,30,47.6
SKU026,83,2254.31,3.5,0.407,84.8,32,38.0
SKU026,84,2477.69,3.6,0.429,85.0,37,38.5
SKU026,85,2266.56,1.5,0.459,80.6,35,50.9
SKU026,86,2009.25,3.3,0.411,82.7,36,41.5
SKU026,87,2126.62,3.4,0.394,87.7,34,41.8
SKU026,88,1158.52,1.1,0.401,82.2,32,42.7
SKU026,89,2033.98,1.5,0.416,81.6,32,50.6
SKU026,90,1869.01,2.1,0.415,80.8,33,49.0
SKU026,91,1817.32,2.4,0.377,78.4,38,53.9
SKU026,92,1178.56,1.6,0.38,83.2,40,44.3
SKU026,93,1690.94,4.0,0.416,84.2,32,53.5
SKU026,94,1733.23,1.2,0.413,81.7,37,39.6
SKU026,95,2262.67,1.8,0.398,81.8,36,50.6
SKU026,96,1542.34,4.1,0.407,88.2,37,43.6
SKU026,97,2510.05,3.3,0.433,82.8,35,53.3
SKU026,98,1391.5,2.6,0.418,78.4,36,52.6
SKU026,99,1798.11,3.2,0.437,87.4,30,40.2
SKU026,100,1784.7,2.3,0.398,87.9,36,42.1
SKU026,101,2000.87,2.7,0.413,80.9,37,52.2
SKU026,102,1423.33,1.8,0.404,85.7,39,52.6
SKU026,103,1959.62,3.7,0.413,82.2,39,42.6
SKU026,104,1340.59,2.8,0.389,89.0,37,41.3
SKU026,105,2531.68,3.0,0.411,85.3,35,43.9
SKU026,106,1701.12,1.8,0.41,83.2,32,48.2
SKU026,107,1929.07,3.7,0.384,78.2,35,40.3
SKU026,108,2295.51,2.3,0.347,88.3,35,52.3
SKU026,109,2736.8,1.5,0.415,83.6,33,44.1
SKU026,110,2227.93,4.3,0.433,83.0,43,49.6
SKU026,111,1258.13,3.5,0.374,82.6,35,45.4
SKU026,112,2788.33,3.9,0.396,81.7,34,39.3
SKU026,113,2161.63,2.7,0.395,82.0,34,46.3
SKU026,114,1415.14,2.1,0.43,87.7,38,45.5
SKU026,115,2467.14,3.7,0.429,86.7,39,53.8
SKU026,116,1757.36,1.9,0.427,81.7,33,39.6
SKU026,117,2875.25,2.1,0.43,87.4,38,37.7
SKU026,118,1901.21,1.3,0.374,79.8,30,44.7
SKU026,119,2038.84,1.9,0.384,88.2,35,48.8
SKU026,120,2297.71,4.0,0.419,89.0,40,47.7
SKU026,121,2574.4,1.0,0.396,88.8,40,51.2
SKU026,122,1329.64,0.8,0.401,85.1,33,43.8
SKU026,123,2157.38,1.9,0.408,78.3,40,50.5
SKU026,124,1399.4,0.9,0.375,83.3,35,40.6
SKU026,125,1709.22,0.7,0.376,78.2,33,38.5
SKU026,126,2989.62,2.8,0.387,84.7,38,51.3
SKU026,127,2474.12,4.2,0.402,78.6,37,41.6
SKU026,128,1822.56,2.8,0.418,86.8,33,53.4
SKU026,129,1599.77,3.7,0.398,86.7,29,53.8
SKU026,130,2900.12,3.6,0.421,80.0,37,43.9
SKU026,131,1490.09,0.7,0.412,82.8,36,45.1
SKU026,132,1640.82,4.3,0.405,81.6,35,46.7
SKU026,133,1780.49,1.0,0.384,77.7,36,52.2
SKU026,134,3016.96,2.1,0.416,86.8,35,43.4
SKU026,135,1970.16,3.0,0.371,82.7,35,47.2
SKU026,136,3124.77,3.6,0.4,78.8,33,51.4
SKU026,137,1512.85,0.9,0.384,77.8,36,52.7
SKU026,138,1670.11,3.7,0.379,86.5,30,38.7
SKU026,139,1590.9,1.3,0.383,84.3,38,39.6
SKU026,140,2763.55,1.0,0.435,83.6,41,45.5
SKU026,141,2132.18,4.0,0.425,82.2,42,46.3
SKU026,142,2631.34,1.9,0.404,77.3,31,37.3
SKU026,143,1765.59,3.0,0.425,82.7,36,43.5
SKU026,144,2577.04,1.3,0.433,78.9,38,43.9
SKU026,145,2465.44,4.0,0.406,88.7,36,51.5
SKU026,146,2536.65,2.3,0.405,87.4,33,48.2
SKU026,147,2683.63,1.4,0.401,87.1,35,49.8
SKU026,148,2752.92,3.5,0.413,84.2,36,41.2
SKU026,149,1966.13,2.3,0.403,87.6,33,51.5
SKU026,150,2490.77,4.1,0.414,83.9,29,43.2
SKU026,151,1445.79,3.4,0.419,78.8,35,53.5
SKU026,152,1978.45,1.6,0.414,79.0,40,47.6
SKU026,153,1952.86,1.1,0.387,77.7,31,38.6
SKU026,154,2393.05,3.1,0.405,79.9,38,48.7
SKU026,155,1493.78,4.3,0.38,77.1,36,43.0
SKU026,156,2080.0,3.8,0.396,79.4,38,42.2
SKU026,157,2320.24,1.2,0.397,82.1,40,50.0
SKU026,158,2652.59,2.6,0.421,85.2,36,40.2
SKU026,159,2944.09,1.3,0.409,84.5,40,42.0
SKU026,160,2366.41,2.8,0.385,85.1,40,39.2
SKU026,161,1327.77,1.7,0.4,84.1,38,50.4
SKU026,162,1368.84,3.2,0.402,80.1,41,50.2
SKU026,163,1667.99,1.9,0.371,78.8,35,37.8
SKU026,164,1844.74,2.9,0.417,84.7,35,50.5
SKU026,165,1483.63,3.6,0.432,87.5,34,45.8
SKU026,166,2301.76,3.8,0.381,77.4,40,39.5
SKU026,167,1334.91,1.2,0.397,85.7,37,38.1
SKU026,168,1386.5,2.2,0.423,86.0,32,52.6
SKU026,169,1541.67,1.2,0.407,78.9,33,49.4
SKU026,170,2628.83,2.5,0.438,79.9,33,43.2
SKU026,171,2663.21,2.9,0.393,85.3,33,39.8
SKU026,172,1966.21,4.2,0.412,85.7,37,43.2
SKU026,173,2520.74,1.4,0.389,81.6,37,45.8
SKU026,174,1345.21,0.8,0.418,87.4,32,47.7
SKU026,175,2308.95,2.7,0.402,81.5,36,45.6
SKU026,176,1280.13,4.1,0.395,83.5,31,52.8
SKU026,177,2554.07,3.5,0.398,79.1,34,45.8
SKU026,178,2274.66,3.4,0.397,84.9,43,46.9
SKU026,179,1601.26,2.7,0.383,80.8,37,46.8
SKU026,180,2615.69,1.5,0.438,85.8,39,48.8
SKU027,1,4896.88,3.7,0.381,64.1,28,46.4
SKU027,2,4683.3,2.3,0.392,68.2,19,58.2
SKU027,3,3348.59,5.2,0.367,63.3,23,49.7
SKU027,4,5740.1,4.0,0.399,60.5,20,64.2
SKU027,5,5090.12,2.0,0.385,71.1,18,50.6
SKU027,6,5238.11,5.2,0.353,71.2,18,53.4
SKU027,7,5013.97,4.7,0.41,59.6,16,46.7
SKU027,8,5180.68,4.2,0.377,63.7,15,61.4
SKU027,9,5559.82,3.6,0.364,69.4,17,58.1
SKU027,10,4878.88,4.3,0.369,65.0,14,60.5
SKU027,11,4116.15,3.7,0.373,62.4,21,59.9
SKU027,12,6570.96,4.9,0.361,68.1,19,63.9
SKU027,13,5024.21,1.0,0.374,62.5,18,57.4
SKU027,14,4266.02,4.3,0.402,70.0,21,52.2
SKU027,15,3526.69,1.6,0.384,60.1,21,62.3
SKU027,16,4040.92,2.1,0.372,60.4,22,52.7
SKU027,17,5573.04,4.9,0.37,63.7,13,53.5
SKU027,18,4395.69,4.2,0.375,65.8,15,45.4
SKU027,19,3395.44,1.4,0.365,63.3,19,56.3
SKU027,20,5444.23,4.3,0.351,69.4,20,49.9
SKU027,21,5910.06,2.7,0.388,66.6,21,64.4
SKU027,22,5433.31,1.0,0.363,62.4,18,50.8
SKU027,23,4795.26,4.4,0.391,71.0,22,63.9
SKU027,24,6431.01,1.0,0.394,59.7,22,53.6
SKU027,25,5776.97,2.1,0.394,62.1,15,50.8
SKU027,26,3185.25,2.1,0.376,60.1,18,58.0
SKU027,27,4840.06,4.5,0.401,64.6,17,46.7
SKU027,28,3332.57,3.5,0.376,68.0,23,49.5
SKU027,29,3184.93,1.4,0.419,64.0,17,62.6
SKU027,30,6865.64,3.7,0.388,60.6,25,58.5
SKU027,31,6693.97,1.2,0.351,60.2,18,51.9
SKU027,32,4704.13,1.9,0.378,70.4,17,44.4
SKU027,33,6532.26,4.5,0.385,65.8,27,51.9
SKU027,34,6781.77,5.3,0.379,61.3,19,61.0
SKU027,35,5672.11,2.4,0.397,61.1,20,62.2
SKU027,36,6647.32,5.0,0.392,69.9,14,60.3
SKU027,37,6608.29,4.5,0.366,71.3,17,56.5
SKU027,38,6603.62,1.4,0.4,65.8,20,61.6
SKU027,39,3062.33,1.3,0.358,62.6,22,49.8
SKU027,40,6341.96,2.7,0.394,69.2,17,53.0
SKU027,41,4811.34,1.0,0.407,62.8,13,46.9
SKU027,42,4745.75,3.3,0.401,64.3,15,57.1
SKU027,43,6458.58,4.5,0.376,60.1,18,56.0
SKU027,44,4181.23,2.7,0.391,65.7,15,44.4
SKU027,45,5056.27,2.9,0.394,64.8,19,55.6
SKU027,46,5260.86,4.8,0.403,62.0,17,49.7
SKU027,47,4433.82,2.6,0.416,66.4,20,64.1
SKU027,48,3792.18,2.6,0.383,60.5,19,50.3
SKU027,49,3369.96,2.6,0.351,62.9,24,51.7
SKU027,50,2872.84,1.0,0.42,68.1,21,56.3
SKU027,51,6406.54,1.7,0.382,71.2,12,48.7
SKU027,52,5749.23,3.5,0.372,68.3,21,61.7
SKU027,53,4607.82,3.4,0.341,60.3,16,56.3
SKU027,54,6254.89,1.7,0.395,60.7,19,46.5
SKU027,55,5292.86,3.8,0.397,61.3,19,45.4
SKU027,56,3381.64,4.1,0.374,69.1,24,59.3
SKU027,57,2888.52,4.0,0.392,69.0,14,53.8
SKU027,58,4901.68,5.1,0.394,69.9,23,48.2
SKU027,59,3939.22,1.6,0.377,65.1,20,48.6
SKU027,60,4168.33,4.1,0.394,69.0,18,50.0
SKU027,61,3881.21,1.4,0.382,64.0,14,59.3
SKU027,62,4677.93,2.7,0.404,61.1,19,55.5
SKU027,63,5473.54,5.5,0.379,61.7,17,53.7
SKU027,64,3627.56,4.8,0.358,60.5,16,52.1
SKU027,65,3717.4,3.9,0.396,64.3,21,46.4
SKU027,66,3909.33,3.7,0.344,62.1,19,61.4
SKU027,67,4001.63,1.0,0.385,63.0,15,57.5
SKU027,68,3047.91,4.1,0.369,68.3,19,52.7
SKU027,69,3182.39,4.9,0.404,70.4,22,62.1
SKU027,70,4491.07,4.5,0.394,61.5,24,55.4
SKU027,71,3644.42,3.0,0.38,69.5,14,63.0
SKU027,72,4945.51,4.7,0.344,59.9,20,50.3
SKU027,73,5246.18,1.9,0.383,67.4,19,53.4
SKU027,74,4468.7,5.0,0.372,68.2,18,62.2
SKU027,75,5044.73,5.2,0.369,63.7,15,52.9
SKU027,76,5375.73,3.7,0.385,67.9,21,56.1
SKU027,77,5403.1,2.1,0.369,60.3,15,56.4
SKU027,78,4949.15,1.4,0.337,70.2,14,56.2
SKU027,79,2662.61,4.3,0.374,63.1,19,49.7
SKU027,80,4610.84,4.1,0.386,60.9,19,49.7
SKU027,81,3388.04,3.0,0.359,71.2,17,64.1
SKU027,82,4052.07,5.4,0.378,67.9,13,46.8
SKU027,83,4084.34,4.1,0.392,60.1,21,55.7
SKU027,84,4839.76,1.9,0.4,59.6,19,51.2
SKU027,85,5289.52,5.0,0.39,65.5,21,56.3
SKU027,86,5045.81,2.9,0.381,64.4,20,64.6
SKU027,87,4033.74,4.1,0.392,60.5,21,59.3
SKU027,88,3856.35,5.4,0.369,66.1,20,49.1
SKU027,89,2608.41,3.3,0.378,68.4,21,44.4
SKU027,90,5267.76,5.4,0.375,65.1,15,54.5
SKU027,91,3714.12,1.9,0.377,61.2,24,54.7
SKU027,92,4951.78,1.8,0.405,62.1,24,64.1
SKU027,93,3007.15,5.5,0.351,71.4,17,61.5
SKU027,94,3035.97,4.1,0.401,60.3,17,45.2
SKU027,95,5496.81,3.1,0.399,65.3,18,58.5
SKU027,96,5411.99,2.0,0.393,66.1,26,54.7
SKU027,97,5138.73,5.0,0.354,65.1,16,59.5
SKU027,98,4142.22,3.0,0.378,62.3,23,58.9
SKU027,99,4374.31,5.5,0.408,66.6,15,61.2
SKU027,100,5080.43,3.6,0.359,68.9,19,51.1
SKU027,101,4383.0,4.9,0.385,69.9,19,54.6
SKU027,102,2623.97,5.0,0.383,64.9,24,48.2
SKU027,103,5485.07,5.2,0.387,60.4,16,52.5
SKU027,104,3712.86,1.6,0.365,71.2,16,62.5
SKU027,105,5121.87,1.9,0.389,64.8,21,52.1
SKU027,106,2659.16,4.3,0.391,69.8,16,46.6
SKU027,107,5135.85,5.4,0.36,69.5,16,61.8
SKU027,108,2740.38,4.1,0.405,62.6,15,49.3
SKU027,109,5228.49,3.4,0.369,68.7,25,57.6
SKU027,110,5004.04,3.3,0.397,60.6,17,60.5
SKU027,111,5053.04,2.6,0.365,66.3,21,52.0
SKU027,112,5554.63,2.9,0.396,60.2,16,62.4
SKU027,113,4108.58,1.2,0.349,69.1,20,47.0
SKU027,114,5303.71,5.5,0.369,65.9,18,61.7
SKU027,115,4311.81,3.1,0.376,64.8,19,62.4
SKU027,116,3431.57,4.2,0.404,66.5,20,52.5
SKU027,117,5032.44,3.7,0.376,70.3,21,44.5
SKU027,118,4540.82,3.0,0.367,70.0,22,58.3
SKU027,119,5026.96,3.5,0.37,66.7,21,63.1
SKU027,120,3551.44,3.0,0.354,64.3,12,49.7
SKU027,121,3337.99,2.4,0.381,65.2,22,52.7
SKU027,122,3494.63,3.7,0.412,63.0,18,63.8
SKU027,123,5938.05,1.3,0.354,63.8,24,53.3
SKU027,124,3978.52,2.0,0.361,62.4,17,48.4
SKU027,125,6307.37,1.0,0.365,64.8,25,54.1
SKU027,126,6117.25,4.9,0.387,65.0,21,52.2
SKU027,127,4852.29,4.0,0.375,70.9,17,62.3
SKU027,128,5268.69,1.5,0.364,61.3,17,57.5
SKU027,129,3146.8,3.6,0.388,65.3,22,48.7
SKU027,130,4360.25,2.2,0.385,68.6,17,60.3
SKU027,131,5433.68,5.3,0.369,65.8,23,58.0
SKU027,132,6720.2,5.2,0.405,60.9,22,47.6
SKU027,133,4642.67,2.9,0.35,68.5,22,50.2
SKU027,134,3637.55,4.1,0.397,67.2,19,52.9
SKU027,135,6133.55,3.7,0.394,63.3,19,44.7
SKU027,136,5122.96,4.3,0.396,68.6,15,51.1
SKU027,137,3587.16,1.6,0.37,68.7,16,56.9
SKU027,138,6453.35,4.7,0.38,70.5,20,49.8
SKU027,139,6483.01,4.0,0.38,61.5,16,44.5
SKU027,140,4689.39,2.0,0.372,63.7,27,48.1
SKU027,141,4907.87,5.5,0.347,59.9,21,61.0
SKU027,142,6659.37,3.5,0.37,59.5,17,54.5
SKU027,143,5143.67,1.9,0.35,63.0,22,63.7
SKU027,144,6653.32,3.4,0.412,61.3,13,45.9
SKU027,145,4219.22,3.7,0.385,63.4,19,61.1
SKU027,146,3145.42,1.2,0.363,61.1,21,62.4
SKU027,147,6022.76,1.5,0.358,64.8,22,60.7
SKU027,148,6907.4,3.5,0.405,67.6,18,57.1
SKU027,149,5838.32,4.1,0.367,65.0,14,49.3
SKU027,150,3372.82,5.0,0.366,59.5,21,47.3
SKU027,151,3809.22,4.5,0.401,59.9,18,59.7
SKU027,152,6578.01,4.8,0.352,67.8,15,44.9
SKU027,153,6763.59,0.9,0.393,70.2,14,48.3
SKU027,154,5478.68,2.5,0.339,61.6,22,57.3
SKU027,155,3094.0,1.8,0.379,60.6,17,60.8
SKU027,156,4902.9,1.5,0.378,61.3,18,54.6
SKU027,157,2986.21,1.1,0.399,64.8,23,52.6
SKU027,158,5083.38,2.0,0.38,69.9,19,54.4
SKU027,159,6680.98,1.7,0.4,62.3,18,64.5
SKU027,160,6452.78,4.6,0.383,63.1,18,58.9
SKU027,161,5585.93,3.2,0.374,68.5,18,52.9
SKU027,162,3096.38,4.3,0.397,65.5,20,55.4
SKU027,163,4751.14,5.3,0.363,69.7,20,55.9
SKU027,164,5732.04,1.9,0.376,63.7,17,55.8
SKU027,165,5384.42,0.9,0.395,69.2,18,58.2
SKU027,166,3291.88,4.8,0.385,60.3,21,47.6
SKU027,167,4468.82,5.5,0.373,62.9,13,62.0
SKU027,168,6123.56,3.1,0.356,64.4,14,52.0
SKU027,169,5893.35,5.2,0.405,68.9,16,62.3
SKU027,170,2951.89,3.1,0.358,63.1,17,48.4
SKU027,171,3149.34,1.9,0.36,62.1,23,54.6
SKU027,172,4833.53,5.2,0.365,65.6,22,45.7
SKU027,173,5711.38,3.3,0.373,59.5,17,47.0
SKU027,174,3470.57,1.8,0.372,66.5,19,46.5
SKU027,175,4912.12,4.7,0.425,62.6,16,52.8
SKU027,176,3460.04,1.3,0.408,60.6,17,49.2
SKU027,177,4446.29,2.0,0.382,60.6,18,62.4
SKU027,178,4169.44,4.7,0.41,63.1,19,56.1
SKU027,179,4975.86,1.0,0.368,61.3,15,58.2
SKU027,180,4897.2,5.0,0.37,64.9,26,47.5
SKU028,1,1852.87,5.0,0.358,68.5,20,50.5
SKU028,2,1272.59,4.7,0.368,65.0,16,41.9
SKU028,3,1698.45,3.9,0.358,70.1,17,50.5
SKU028,4,1427.78,3.0,0.36,68.2,19,45.7
SKU028,5,1239.26,2.0,0.361,67.3,22,37.4
SKU028,6,1668.64,3.7,0.364,65.6,20,41.5
SKU028,7,1265.94,4.7,0.393,72.6,22,35.9
SKU028,8,2098.57,1.5,0.352,70.4,21,48.7
SKU028,9,1383.91,1.2,0.409,71.9,16,48.6
SKU028,10,2553.25,2.5,0.377,72.2,19,45.1
SKU028,11,1390.27,2.1,0.349,67.0,20,42.2
SKU028,12,1602.24,2.9,0.381,73.9,19,39.9
SKU028,13,2177.25,2.8,0.384,65.2,18,36.4
SKU028,14,2697.67,5.4,0.322,75.0,22,46.3
SKU028,15,2167.58,2.7,0.37,70.5,16,42.9
SKU028,16,2605.19,0.8,0.379,66.0,22,50.7
SKU028,17,1221.37,2.0,0.356,64.4,17,45.5
SKU028,18,1249.02,3.9,0.331,71.7,23,49.5
SKU028,19,1821.57,4.0,0.348,68.2,21,39.0
SKU028,20,2749.38,3.0,0.383,70.9,19,48.5
SKU028,21,2282.67,1.3,0.359,65.8,18,44.1
SKU028,22,1676.46,4.0,0.356,66.7,15,36.8
SKU028,23,1337.58,3.9,0.331,70.9,18,43.9
SKU028,24,2448.09,4.3,0.353,72.1,20,49.7
SKU028,25,1776.58,4.1,0.342,69.5,17,36.2
SKU028,26,2505.8,0.9,0.364,73.4,24,45.7
SKU028,27,2683.22,2.5,0.373,73.2,17,45.6
SKU028,28,1361.3,3.1,0.353,65.6,18,47.1
SKU028,29,1907.66,2.1,0.351,65.6,17,51.5
SKU028,30,1686.71,2.2,0.385,67.0,21,39.2
SKU028,31,2682.31,1.5,0.383,66.9,19,45.4
SKU028,32,1567.97,2.1,0.41,72.2,20,45.0
SKU028,33,2653.03,4.6,0.366,66.9,15,49.1
SKU028,34,2647.22,5.1,0.381,63.7,15,42.8
SKU028,35,1898.31,3.1,0.344,72.1,11,46.8
SKU028,36,1632.76,2.8,0.379,72.9,21,38.6
SKU028,37,2221.9,4.9,0.367,72.4,23,41.7
SKU028,38,2006.05,3.7,0.362,74.4,21,46.7
SKU028,39,1371.34,1.4,0.335,72.8,20,42.1
SKU028,40,2250.09,1.3,0.367,73.8,18,51.2
SKU028,41,2172.4,4.1,0.378,68.4,20,39.6
SKU028,42,2046.49,4.9,0.35,75.5,19,50.9
SKU028,43,1208.62,4.4,0.364,64.9,17,46.3
SKU028,44,1268.26,3.0,0.351,70.9,16,47.6
SKU028,45,2417.17,1.0,0.34,75.3,19,44.4
SKU028,46,2454.2,3.6,0.382,66.0,17,40.8
SKU028,47,2589.27,3.2,0.367,73.0,15,36.3
SKU028,48,1400.47,1.0,0.351,70.5,26,38.8
SKU028,49,2514.74,4.5,0.354,65.5,19,47.2
SKU028,50,1353.87,4.0,0.393,73.3,22,40.4
SKU028,51,1265.0,2.0,0.364,66.0,20,44.1
SKU028,52,2442.86,4.7,0.344,65.8,17,37.4
SKU028,53,2147.05,1.0,0.368,72.3,21,43.0
SKU028,54,1783.98,4.7,0.346,69.0,17,50.5
SKU028,55,2445.19,3.7,0.361,70.5,21,38.2
SKU028,56,2042.44,1.2,0.348,73.8,20,43.6
SKU028,57,2153.78,2.1,0.385,70.8,17,36.1
SKU028,58,1656.14,5.2,0.354,69.0,19,46.2
SKU028,59,2200.82,5.0,0.364,65.9,15,40.8
SKU028,60,2314.63,5.4,0.36,72.1,25,39.0
SKU028,61,1543.9,4.2,0.365,68.2,19,38.2
SKU028,62,1778.19,1.8,0.374,74.0,24,43.8
SKU028,63,1714.2,2.2,0.34,66.7,20,47.8
SKU028,64,1258.74,3.2,0.357,65.6,17,43.1
SKU028,65,1411.26,2.5,0.354,68.2,15,38.3
SKU028,66,1977.44,4.1,0.354,74.3,18,50.1
SKU028,67,1589.22,4.7,0.368,69.3,21,40.0
SKU028,68,2043.88,3.8,0.367,69.5,20,44.8
SKU028,69,1463.68,2.6,0.349,75.2,21,46.2
SKU028,70,2305.92,5.4,0.398,68.1,19,49.9
SKU028,71,2002.31,4.3,0.393,70.9,19,38.6
SKU028,72,1256.54,5.2,0.372,71.7,11,45.7
SKU028,73,1167.29,2.0,0.394,73.4,15,42.2
SKU028,74,1692.25,3.7,0.36,67.2,18,42.3
SKU028,75,1636.43,2.3,0.379,67.6,22,40.9
SKU028,76,1454.22,5.2,0.409,70.9,24,40.8
SKU028,77,990.71,0.9,0.331,66.5,21,44.1
SKU028,78,1639.36,4.0,0.335,73.8,26,39.5
SKU028,79,1208.2,5.0,0.378,65.9,18,36.8
SKU028,80,1027.76,5.3,0.364,71.1,16,50.7
SKU028,81,1118.13,4.8,0.357,65.2,20,38.2
SKU028,82,1516.6,3.9,0.357,75.4,20,44.7
SKU028,83,1419.66,5.4,0.368,68.8,16,37.9
SKU028,84,1699.11,3.5,0.344,63.8,17,50.9
SKU028,85,1386.0,2.0,0.38,71.2,22,47.2
SKU028,86,1701.37,5.5,0.328,73.5,18,36.8
SKU028,87,1927.63,1.3,0.337,64.2,19,43.8
SKU028,88,2221.79,2.1,0.346,73.9,20,44.7
SKU028,89,2204.92,3.8,0.377,72.5,19,48.0
SKU028,90,1590.84,1.9,0.337,68.0,19,45.4
SKU028,91,1329.56,3.4,0.338,66.9,23,43.7
SKU028,92,1334.39,3.6,0.357,64.7,15,36.0
SKU028,93,2121.31,1.3,0.366,74.0,21,35.5
SKU028,94,1405.81,3.1,0.329,66.7,16,46.0
SKU028,95,1373.21,4.7,0.362,69.9,18,44.0
SKU028,96,2085.69,3.9,0.347,73.5,17,50.8
SKU028,97,1124.49,1.1,0.378,69.6,22,39.0
SKU028,98,2072.99,2.9,0.353,68.7,16,37.1
SKU028,99,2048.4,5.2,0.364,71.7,15,51.5
SKU028,100,2038.27,2.3,0.377,73.2,16,36.5
SKU028,101,2229.11,5.4,0.359,69.0,17,35.9
SKU028,102,1154.15,4.5,0.362,71.0,18,48.7
SKU028,103,1824.79,1.3,0.374,64.8,20,41.0
SKU028,104,1852.15,4.1,0.374,65.1,25,36.0
SKU028,105,1484.81,5.2,0.363,74.0,16,38.8
SKU028,106,1886.74,5.3,0.351,66.7,21,47.3
SKU028,107,1130.76,4.4,0.356,74.1,22,40.3
SKU028,108,1422.48,1.4,0.375,68.3,16,38.6
SKU028,109,2035.39,2.6,0.369,64.8,24,41.1
SKU028,110,1101.32,3.7,0.373,70.6,19,46.1
SKU028,111,1301.7,1.3,0.352,74.2,16,49.1
SKU028,112,2188.03,4.8,0.358,68.3,16,42.1
SKU028,113,1301.18,4.1,0.383,72.2,18,43.3
SKU028,114,2328.38,3.2,0.39,75.1,20,49.3
SKU028,115,1975.8,5.1,0.333,65.3,23,40.9
SKU028,116,1783.45,3.8,0.38,68.9,19,36.8
SKU028,117,1560.15,4.5,0.355,66.8,23,42.1
SKU028,118,2404.54,2.4,0.309,63.9,17,47.0
SKU028,119,1323.88,2.0,0.339,68.6,19,42.1
SKU028,120,2440.03,4.6,0.346,73.0,18,40.6
SKU028,121,1165.68,3.4,0.391,70.0,20,36.7
SKU028,122,1586.2,1.8,0.353,64.9,17,49.2
SKU028,123,1810.97,4.0,0.36,65.9,14,37.0
SKU028,124,2240.67,3.3,0.382,71.4,13,50.8
SKU028,125,1904.2,1.1,0.345,74.4,23,35.6
SKU028,126,2602.11,5.2,0.333,64.1,17,47.4
SKU028,127,2177.87,0.9,0.393,72.3,15,42.4
SKU028,128,2653.62,4.0,0.363,70.1,17,42.9
SKU028,129,1327.97,3.4,0.385,73.9,23,44.7
SKU028,130,2044.97,3.0,0.335,67.6,22,48.0
SKU028,131,2697.41,4.7,0.37,64.1,16,35.6
SKU028,132,1946.86,2.0,0.372,73.9,22,47.1
SKU028,133,1358.81,4.4,0.354,64.3,21,41.8
SKU028,134,2756.24,4.0,0.383,74.6,23,45.9
SKU028,135,2258.55,2.3,0.349,65.1,24,37.9
SKU028,136,1835.67,5.2,0.366,67.7,21,47.8
SKU028,137,1636.94,3.3,0.392,68.5,21,48.4
SKU028,138,1486.58,3.9,0.344,66.7,19,38.2
SKU028,139,2716.25,3.0,0.381,65.4,21,45.4
SKU028,140,1645.83,1.2,0.375,69.0,22,38.2
SKU028,141,2644.96,5.2,0.39,74.0,20,49.9
SKU028,142,2365.63,1.6,0.367,68.0,18,43.2
SKU028,143,2015.01,2.8,0.333,74.0,27,45.4
SKU028,144,1890.47,1.0,0.392,71.3,25,48.9
SKU028,145,1504.2,5.3,0.36,70.9,25,48.0
SKU028,146,2614.57,4.6,0.335,65.0,25,37.5
SKU028,147,1383.47,1.7,0.379,67.0,18,41.5
SKU028,148,1782.32,2.1,0.339,66.7,18,47.9
SKU028,149,1544.28,4.6,0.362,71.4,20,43.8
SKU028,150,2230.13,4.9,0.37,69.0,16,35.6
SKU028,151,1968.22,1.5,0.345,68.2,13,39.0
SKU028,152,2364.84,2.9,0.344,72.1,17,40.7
SKU028,153,2341.81,1.2,0.322,75.3,20,47.2
SKU028,154,1658.6,4.7,0.371,71.0,21,48.7
SKU028,155,2622.29,2.9,0.364,68.2,18,50.5
SKU028,156,1298.23,4.1,0.354,68.2,22,43.2
SKU028,157,2364.4,1.9,0.366,65.6,21,40.8
SKU028,158,1399.79,2.5,0.356,69.4,15,45.2
SKU028,159,2656.1,3.3,0.378,71.3,20,43.0
SKU028,160,2629.78,2.6,0.362,68.2,14,42.5
SKU028,161,1818.26,1.9,0.353,68.6,20,49.4
SKU028,162,1821.62,4.8,0.362,74.4,21,37.1
SKU028,163,1828.33,5.2,0.352,68.1,27,43.8
SKU028,164,1406.15,3.0,0.342,69.7,16,35.3
SKU028,165,1290.83,2.2,0.368,71.3,17,49.8
SKU028,166,1786.4,3.4,0.364,64.2,17,50.5
SKU028,167,2212.7,2.2,0.385,67.1,20,48.5
SKU028,168,2501.67,1.1,0.389,66.8,25,40.5
SKU028,169,2365.36,1.9,0.355,70.4,21,37.6
SKU028,170,1385.26,5.1,0.341,75.3,25,51.4
SKU028,171,2074.24,4.9,0.362,70.7,20,45.9
SKU028,172,1966.15,5.2,0.383,73.1,16,35.6
SKU028,173,1938.27,2.0,0.33,69.9,22,46.5
SKU028,174,2216.01,3.1,0.354,67.9,21,49.6
SKU028,175,1939.15,3.0,0.39,65.1,18,46.2
SKU028,176,1780.58,3.3,0.351,72.4,19,43.4
SKU028,177,2197.92,5.0,0.374,70.1,20,38.5
SKU028,178,1970.4,1.0,0.346,64.9,19,43.4
SKU028,179,1870.17,5.2,0.35,73.7,16,36.3
SKU028,180,1546.04,1.9,0.383,71.4,24,42.3
SKU029,1,458.59,5.1,0.371,78.9,13,43.7
SKU029,2,551.37,4.4,0.387,82.6,13,49.8
SKU029,3,335.67,1.3,0.406,75.7,13,37.3
SKU029,4,470.28,4.9,0.403,79.3,14,46.8
SKU029,5,576.83,4.6,0.388,75.5,17,40.4
SKU029,6,372.12,3.6,0.383,81.1,13,40.4
SKU029,7,629.93,1.2,0.398,83.6,14,40.0
SKU029,8,402.26,2.2,0.361,83.0,11,45.0
SKU029,9,467.5,1.3,0.4,78.7,14,35.5
SKU029,10,566.0,1.6,0.381,73.9,10,42.5
SKU029,11,376.89,1.6,0.41,81.5,14,48.8
SKU029,12,414.7,4.1,0.386,80.1,12,48.2
SKU029,13,534.44,2.7,0.38,82.3,6,36.2
SKU029,14,431.98,3.8,0.391,82.7,17,49.8
SKU029,15,657.06,4.3,0.399,79.0,11,35.3
SKU029,16,331.79,4.4,0.351,81.1,12,45.2
SKU029,17,725.36,2.9,0.373,73.9,16,38.6
SKU029,18,386.3,0.9,0.364,83.5,7,48.6
SKU029,19,346.62,2.4,0.373,83.1,15,36.5
SKU029,20,520.47,1.0,0.389,82.2,18,41.1
SKU029,21,581.58,3.7,0.375,84.3,10,39.9
SKU029,22,681.6,1.1,0.405,73.6,12,48.0
SKU029,23,381.51,1.1,0.365,73.2,12,46.6
SKU029,24,619.87,3.3,0.402,83.2,3,41.6
SKU029,25,716.58,4.5,0.415,84.8,13,36.3
SKU029,26,356.81,4.7,0.386,83.2,16,35.2
SKU029,27,600.65,2.3,0.373,75.7,10,36.5
SKU029,28,474.42,0.9,0.39,82.2,5,38.6
SKU029,29,542.43,3.6,0.386,81.9,7,40.6
SKU029,30,541.75,1.5,0.415,83.4,11,41.2
SKU029,31,683.83,2.8,0.419,74.6,13,36.3
SKU029,32,457.89,4.7,0.388,78.2,17,49.0
SKU029,33,410.0,2.5,0.391,78.7,7,47.4
SKU029,34,698.65,4.4,0.376,82.9,9,41.0
SKU029,35,396.35,3.9,0.385,82.1,13,36.3
SKU029,36,432.25,4.8,0.389,78.7,9,47.4
SKU029,37,595.87,0.9,0.428,74.0,17,39.9
SKU029,38,390.93,1.7,0.383,83.6,7,48.8
SKU029,39,619.13,0.9,0.427,82.5,12,34.7
SKU029,40,429.09,4.4,0.384,73.1,12,44.0
SKU029,41,570.93,4.9,0.37,75.0,9,47.7
SKU029,42,331.76,4.3,0.371,83.6,12,45.3
SKU029,43,467.34,1.0,0.389,82.4,12,36.1
SKU029,44,391.29,5.2,0.398,76.8,13,40.5
SKU029,45,446.84,4.0,0.425,84.9,8,34.7
SKU029,46,352.73,3.7,0.372,74.6,11,40.6
SKU029,47,459.52,2.1,0.4,82.7,12,38.3
SKU029,48,640.4,3.6,0.388,73.5,17,35.5
SKU029,49,405.26,1.6,0.38,78.3,10,45.4
SKU029,50,386.38,1.1,0.384,82.6,7,35.1
SKU029,51,588.65,4.7,0.372,76.2,14,36.0
SKU029,52,588.69,5.0,0.385,78.8,15,49.2
SKU029,53,611.6,1.8,0.355,79.0,10,37.8
SKU029,54,426.63,5.0,0.379,76.8,11,41.8
SKU029,55,649.59,2.7,0.376,78.3,11,35.3
SKU029,56,663.14,3.3,0.396,80.7,14,48.1
SKU029,57,299.9,2.8,0.411,77.6,17,34.6
SKU029,58,328.7,1.8,0.39,82.5,14,46.6
SKU029,59,408.42,1.5,0.412,78.0,8,46.4
SKU029,60,427.38,2.4,0.402,83.7,13,35.4
SKU029,61,604.18,4.9,0.393,76.7,16,45.8
SKU029,62,299.25,1.4,0.383,83.7,8,42.3
SKU029,63,301.8,3.2,0.359,77.2,16,42.1
SKU029,64,432.23,1.6,0.383,78.4,15,39.3
SKU029,65,423.3,5.2,0.367,72.9,12,34.4
SKU029,66,617.58,2.4,0.407,73.7,6,42.4
SKU029,67,295.77,1.9,0.411,75.4,8,36.6
SKU029,68,390.81,4.4,0.396,81.9,8,40.5
SKU029,69,316.76,1.2,0.403,77.6,11,45.5
SKU029,70,495.89,3.4,0.393,73.1,14,49.7
SKU029,71,509.66,3.0,0.407,84.8,12,43.7
SKU029,72,352.19,4.3,0.397,76.0,15,39.0
SKU029,73,330.77,3.5,0.372,80.1,13,39.7
SKU029,74,463.46,3.5,0.391,78.2,14,42.3
SKU029,75,551.58,3.3,0.368,75.8,15,39.4
SKU029,76,540.54,2.7,0.387,82.4,13,41.2
SKU029,77,570.29,0.8,0.406,78.7,15,41.8
SKU029,78,501.21,2.8,0.386,78.6,14,39.2
SKU029,79,404.9,1.5,0.397,77.9,11,49.3
SKU029,80,350.93,2.1,0.387,78.5,12,41.0
SKU029,81,273.15,3.5,0.361,74.3,8,36.7
SKU029,82,356.15,5.0,0.355,73.6,11,43.2
SKU029,83,573.71,3.2,0.396,81.2,11,46.9
SKU029,84,426.39,4.4,0.412,81.1,15,41.5
SKU029,85,514.38,4.4,0.394,82.2,14,40.7
SKU029,86,308.81,2.6,0.415,74.0,14,38.6
SKU029,87,423.71,1.9,0.398,73.5,14,39.4
SKU029,88,587.05,5.1,0.396,78.0,12,44.1
SKU029,89,360.34,2.7,0.408,83.9,11,40.0
SKU029,90,331.66,1.4,0.361,84.5,14,43.5
SKU029,91,448.75,3.5,0.412,80.8,17,49.2
SKU029,92,477.48,4.7,0.358,74.7,8,36.7
SKU029,93,336.76,4.7,0.399,76.4,15,44.2
SKU029,94,341.26,1.3,0.397,73.4,20,47.9
SKU029,95,604.2,4.5,0.36,74.7,14,45.3
SKU029,96,568.44,1.4,0.384,77.3,8,44.3
SKU029,97,574.2,2.7,0.406,84.0,17,47.1
SKU029,98,470.34,1.5,0.399,82.4,7,36.9
SKU029,99,414.31,2.1,0.382,80.7,13,35.5
SKU029,100,443.06,1.3,0.399,75.1,12,46.1
SKU029,101,300.4,5.2,0.405,74.4,10,36.4
SKU029,102,326.71,4.4,0.358,81.1,14,41.8
SKU029,103,377.7,4.2,0.371,80.6,13,39.8
SKU029,104,397.65,3.5,0.368,77.1,13,34.6
SKU029,105,524.23,3.1,0.407,76.3,9,35.9
SKU029,106,427.55,1.9,0.401,73.7,8,50.1
SKU029,107,426.67,2.9,0.37,81.3,17,40.0
SKU029,108,460.89,4.2,0.413,79.7,12,47.5
SKU029,109,372.1,1.5,0.37,80.9,11,46.8
SKU029,110,495.12,5.1,0.418,84.5,13,42.7
SKU029,111,303.9,1.3,0.41,73.3,20,44.7
SKU029,112,550.67,3.0,0.397,82.1,15,39.0
SKU029,113,427.97,4.6,0.392,74.8,10,35.6
SKU029,114,535.72,3.7,0.39,76.6,8,47.1
SKU029,115,599.62,2.3,0.394,75.7,12,35.3
SKU029,116,394.03,2.7,0.376,82.0,11,48.9
SKU029,117,559.88,5.2,0.393,80.2,12,48.0
SKU029,118,397.57,2.2,0.385,76.6,12,44.4
SKU029,119,482.68,3.5,0.397,81.6,10,35.9
SKU029,120,362.45,1.1,0.379,73.7,13,39.6
SKU029,121,461.22,4.9,0.426,83.8,14,47.5
SKU029,122,653.34,0.9,0.349,76.2,15,40.6
SKU029,123,454.93,4.4,0.394,74.2,14,49.5
SKU029,124,626.64,4.0,0.398,78.1,17,44.2
SKU029,125,490.35,2.4,0.368,77.3,18,40.1
SKU029,126,543.2,2.3,0.432,72.9,14,42.9
SKU029,127,694.14,1.2,0.412,78.0,12,39.1
SKU029,128,711.04,3.8,0.362,82.3,14,49.3
SKU029,129,444.92,1.8,0.394,78.1,13,35.4
SKU029,130,600.57,4.9,0.405,81.9,13,41.1
SKU029,131,382.75,4.3,0.407,75.7,20,48.4
SKU029,132,724.06,5.0,0.411,79.0,10,43.8
SKU029,133,730.51,1.9,0.419,78.2,15,46.3
SKU029,134,642.11,5.2,0.428,81.9,14,39.0
SKU029,135,435.8,1.0,0.379,77.5,16,34.8
SKU029,136,532.57,5.2,0.385,77.0,11,45.8
SKU029,137,599.53,0.9,0.394,73.7,6,37.7
SKU029,138,640.42,2.9,0.386,81.3,7,43.3
SKU029,139,631.86,1.2,0.379,80.0,11,35.5
SKU029,140,635.71,4.4,0.387,78.2,12,39.8
SKU029,141,565.74,2.0,0.405,83.4,10,48.3
SKU029,142,479.51,1.2,0.392,81.1,15,34.8
SKU029,143,657.7,1.0,0.377,83.0,13,47.2
SKU029,144,430.15,2.9,0.409,73.5,13,45.0
SKU029,145,470.16,2.9,0.362,81.4,17,45.5
SKU029,146,499.32,1.6,0.355,81.0,10,47.9
SKU029,147,404.89,2.9,0.391,80.2,11,34.4
SKU029,148,407.15,3.1,0.395,79.1,5,35.3
SKU029,149,739.71,4.0,0.41,77.6,11,38.8
SKU029,150,394.77,3.3,0.405,82.7,13,46.8
SKU029,151,606.72,3.8,0.384,74.3,15,44.7
SKU029,152,540.77,5.1,0.417,83.6,12,46.7
SKU029,153,613.17,1.7,0.393,75.3,11,43.2
SKU029,154,716.95,4.9,0.371,74.7,10,35.2
SKU029,155,717.69,3.0,0.387,75.5,9,36.1
SKU029,156,546.61,1.3,0.366,75.3,16,49.0
SKU029,157,437.58,1.7,0.392,73.5,9,49.3
SKU029,158,533.37,1.4,0.394,81.3,18,39.3
SKU029,159,523.24,1.2,0.388,77.4,10,44.2
SKU029,160,369.06,2.0,0.383,83.5,7,41.9
SKU029,161,693.33,3.5,0.385,79.1,13,39.1
SKU029,162,519.2,2.2,0.439,78.2,17,40.2
SKU029,163,695.0,1.1,0.437,84.8,9,41.8
SKU029,164,412.15,3.2,0.404,79.0,11,35.7
SKU029,165,690.59,4.1,0.371,81.9,6,42.4
SKU029,166,548.36,1.3,0.375,73.5,9,44.3
SKU029,167,618.0,3.7,0.385,83.3,12,48.5
SKU029,168,581.09,4.0,0.405,73.6,11,36.7
SKU029,169,464.07,4.1,0.371,74.2,6,44.9
SKU029,170,369.52,2.2,0.387,74.2,8,39.6
SKU029,171,417.52,1.2,0.401,81.4,16,45.8
SKU029,172,460.06,1.4,0.379,83.7,13,45.2
SKU029,173,607.25,2.3,0.388,79.0,18,39.6
SKU029,174,613.28,2.6,0.388,82.6,9,45.7
SKU029,175,641.66,0.8,0.397,75.8,11,40.7
SKU029,176,310.29,4.2,0.431,76.3,8,35.0
SKU029,177,303.15,1.3,0.4,81.7,18,41.3
SKU029,178,395.6,2.0,0.4,81.3,10,42.0
SKU029,179,387.76,4.6,0.389,73.9,15,38.2
SKU029,180,557.18,4.5,0.356,75.7,12,40.2
SKU030,1,969.7,2.7,0.471,72.3,23,57.9
SKU030,2,1061.36,2.2,0.491,67.8,19,60.0
SKU030,3,820.63,5.1,0.485,68.4,19,43.2
SKU030,4,476.95,3.2,0.443,76.3,23,57.0
SKU030,5,725.31,4.0,0.503,74.9,23,45.2
SKU030,6,1041.79,3.6,0.483,66.5,23,55.1
SKU030,7,906.2,4.8,0.495,75.6,16,43.9
SKU030,8,934.18,1.6,0.47,68.9,17,44.7
SKU030,9,966.91,5.2,0.533,73.2,23,48.1
SKU030,10,984.57,4.9,0.484,71.5,21,52.0
SKU030,11,883.83,2.8,0.482,65.7,23,51.8
SKU030,12,901.32,3.4,0.494,74.8,29,51.7
SKU030,13,918.46,2.4,0.512,68.5,17,43.2
SKU030,14,898.78,2.0,0.483,69.3,22,44.6
SKU030,15,593.9,1.0,0.491,67.9,18,51.5
SKU030,16,604.96,5.2,0.481,71.6,19,43.7
SKU030,17,1134.0,1.3,0.463,70.9,24,51.0
SKU030,18,1149.13,3.0,0.523,72.5,26,47.3
SKU030,19,671.61,3.8,0.494,70.5,27,56.9
SKU030,20,854.96,4.3,0.482,70.8,20,47.3
SKU030,21,1042.61,4.8,0.476,70.6,26,49.0
SKU030,22,968.72,1.4,0.507,73.1,18,47.4
SKU030,23,954.05,2.8,0.467,66.2,22,51.0
SKU030,24,905.1,4.2,0.49,71.3,22,51.2
SKU030,25,561.58,2.3,0.51,66.3,22,59.6
SKU030,26,1087.76,1.6,0.47,76.8,25,60.1
SKU030,27,970.82,2.6,0.498,75.6,20,44.0
SKU030,28,887.43,3.1,0.475,69.9,20,46.6
SKU030,29,592.46,1.0,0.494,67.2,22,44.2
SKU030,30,583.77,4.5,0.449,74.8,23,44.9
SKU030,31,1130.41,4.4,0.494,75.4,22,59.7
SKU030,32,1123.47,2.8,0.479,65.5,20,51.3
SKU030,33,1049.61,2.4,0.488,68.3,28,45.0
SKU030,34,651.26,2.3,0.491,70.9,24,51.6
SKU030,35,941.75,1.3,0.508,70.3,16,59.4
SKU030,36,972.92,3.3,0.48,73.4,19,47.4
SKU030,37,769.84,3.7,0.481,76.0,21,47.9
SKU030,38,789.32,4.0,0.5,66.6,21,48.1
SKU030,39,813.68,5.5,0.474,67.2,23,59.7
SKU030,40,1127.44,1.2,0.512,65.2,20,56.8
SKU030,41,560.44,4.7,0.457,74.0,23,60.0
SKU030,42,904.39,2.2,0.487,70.3,22,52.0
SKU030,43,827.36,4.6,0.466,72.5,22,59.6
SKU030,44,1005.06,1.3,0.453,76.1,21,57.2
SKU030,45,1045.44,2.1,0.488,71.7,21,51.6
SKU030,46,835.13,1.4,0.456,74.9,27,51.7
SKU030,47,670.1,5.1,0.469,69.9,27,50.7
SKU030,48,1098.26,1.2,0.513,65.6,18,53.8
SKU030,49,914.7,2.2,0.499,69.7,21,44.3
SKU030,50,634.68,4.2,0.446,74.4,22,50.7
SKU030,51,811.87,1.4,0.487,66.8,21,52.6
SKU030,52,539.94,3.1,0.465,74.9,25,48.0
SKU030,53,480.26,4.5,0.488,66.3,21,43.9
SKU030,54,813.62,5.3,0.489,66.3,21,56.9
SKU030,55,567.26,5.1,0.462,76.6,25,43.0
SKU030,56,622.19,4.5,0.484,73.2,19,46.0
SKU030,57,703.0,2.0,0.5,70.2,23,48.0
SKU030,58,479.01,5.0,0.463,71.4,24,50.9
SKU030,59,658.99,2.1,0.486,75.5,17,58.9
SKU030,60,650.86,1.3,0.45,66.3,24,41.5
SKU030,61,896.02,2.1,0.481,72.0,22,53.5
SKU030,62,918.38,4.7,0.461,71.2,18,47.5
SKU030,63,652.88,3.9,0.475,73.7,16,44.5
SKU030,64,989.79,4.2,0.494,68.1,23,43.2
SKU030,65,879.97,5.5,0.531,67.5,23,44.4
SKU030,66,447.11,5.5,0.468,68.8,20,56.0
SKU030,67,517.69,3.0,0.485,65.3,24,57.1
SKU030,68,807.49,4.2,0.494,66.7,21,58.2
SKU030,69,488.1,2.8,0.51,72.8,21,42.2
SKU030,70,729.9,5.2,0.471,76.6,21,47.4
SKU030,71,614.53,1.3,0.488,65.4,22,55.9
SKU030,72,485.56,3.7,0.461,70.4,21,52.1
SKU030,73,753.82,3.7,0.486,69.3,22,53.8
SKU030,74,469.44,1.3,0.486,65.9,21,60.0
SKU030,75,487.92,3.8,0.502,65.9,19,51.7
SKU030,76,509.73,1.5,0.528,66.9,24,51.1
SKU030,77,703.12,2.5,0.475,73.0,23,54.5
SKU030,78,906.32,1.0,0.464,70.8,21,47.5
SKU030,79,816.97,2.2,0.483,66.0,16,42.3
SKU030,80,811.65,4.7,0.497,65.9,18,59.9
SKU030,81,709.99,1.1,0.491,76.4,21,42.9
SKU030,82,429.85,4.0,0.485,65.0,23,45.5
SKU030,83,436.63,1.5,0.467,74.8,23,46.0
SKU030,84,435.99,1.7,0.488,70.6,25,53.4
SKU030,85,671.15,3.9,0.504,70.9,18,45.7
SKU030,86,890.51,2.3,0.468,66.2,17,43.8
SKU030,87,542.79,3.1,0.501,70.2,21,47.6
SKU030,88,473.34,2.1,0.538,70.5,21,42.0
SKU030,89,566.51,3.3,0.486,66.0,22,51.9
SKU030,90,597.85,5.7,0.486,76.3,25,49.3
SKU030,91,560.8,4.4,0.51,71.5,24,54.8
SKU030,92,574.57,3.3,0.486,67.8,24,49.8
SKU030,93,851.9,2.6,0.506,65.0,16,45.5
SKU030,94,647.05,3.6,0.488,66.6,25,49.7
SKU030,95,596.03,5.7,0.472,71.1,26,47.3
SKU030,96,430.86,5.4,0.493,65.8,22,55.2
SKU030,97,675.71,2.3,0.498,68.7,24,52.2
SKU030,98,568.69,1.0,0.47,70.5,15,44.0
SKU030,99,516.42,3.2,0.487,75.9,25,45.4
SKU030,100,674.19,3.3,0.508,71.5,20,52.0
SKU030,101,727.64,4.6,0.511,70.0,18,44.3
SKU030,102,896.73,1.7,0.494,65.2,19,49.3
SKU030,103,897.83,5.2,0.474,74.2,22,46.8
SKU030,104,686.18,3.8,0.464,68.6,18,58.2
SKU030,105,617.16,3.9,0.454,71.8,26,54.4
SKU030,106,717.86,5.7,0.512,68.2,22,44.1
SKU030,107,448.53,3.5,0.48,72.8,15,51.7
SKU030,108,938.02,4.3,0.499,70.5,27,45.7
SKU030,109,903.19,5.4,0.475,74.0,15,42.0
SKU030,110,864.77,1.0,0.5,68.9,22,57.6
SKU030,111,765.7,4.9,0.502,65.3,23,52.9
SKU030,112,700.42,1.1,0.495,65.3,30,57.9
SKU030,113,569.25,2.1,0.486,74.5,22,42.9
SKU030,114,696.93,4.9,0.491,69.9,21,50.4
SKU030,115,604.74,4.0,0.489,72.6,19,47.8
SKU030,116,661.37,3.6,0.473,74.7,23,48.9
SKU030,117,995.07,4.2,0.477,72.6,20,47.2
SKU030,118,925.43,1.8,0.477,67.4,23,51.3
SKU030,119,737.98,5.5,0.496,69.8,21,53.3
SKU030,120,716.78,4.3,0.454,67.1,17,51.0
SKU030,121,1053.79,2.3,0.502,66.6,23,53.3
SKU030,122,850.76,1.1,0.518,74.7,26,52.6
SKU030,123,765.15,2.0,0.468,69.6,25,48.4
SKU030,124,638.72,3.9,0.472,74.9,15,59.9
SKU030,125,724.73,5.3,0.503,67.5,29,50.0
SKU030,126,778.7,3.8,0.486,69.1,23,43.2
SKU030,127,1057.79,5.3,0.49,74.1,17,47.4
SKU030,128,682.43,3.8,0.53,68.4,22,43.0
SKU030,129,550.6,3.3,0.508,74.4,23,51.0
SKU030,130,1117.66,3.3,0.496,69.2,24,50.8
SKU030,131,504.91,4.3,0.492,72.8,26,42.7
SKU030,132,619.92,5.7,0.508,71.0,22,58.9
SKU030,133,1078.69,3.9,0.483,65.1,27,56.8
SKU030,134,543.63,3.7,0.483,74.6,19,57.1
SKU030,135,696.34,1.6,0.484,73.2,22,43.0
SKU030,136,809.27,5.4,0.471,68.4,24,43.7
SKU030,137,566.57,1.4,0.501,72.6,26,46.4
SKU030,138,666.21,1.9,0.489,70.9,19,58.0
SKU030,139,573.65,0.9,0.518,67.1,19,50.8
SKU030,140,563.16,1.0,0.485,65.4,26,60.1
SKU030,141,569.19,4.7,0.475,76.5,25,45.1
SKU030,142,758.54,5.4,0.464,76.3,24,57.0
SKU030,143,1159.91,1.5,0.493,69.6,21,43.2
SKU030,144,609.47,4.1,0.507,70.1,20,41.5
SKU030,145,945.64,1.6,0.456,74.9,24,53.1
SKU030,146,892.16,1.2,0.485,70.5,21,48.1
SKU030,147,1001.01,4.3,0.497,68.3,20,43.2
SKU030,148,984.14,3.3,0.46,70.3,21,42.6
SKU030,149,846.1,5.0,0.501,73.6,21,50.9
SKU030,150,678.11,2.1,0.501,66.8,23,47.8
SKU030,151,668.29,2.9,0.489,66.8,23,43.3
SKU030,152,565.77,2.2,0.437,68.0,21,43.2
SKU030,153,774.63,3.2,0.506,71.3,21,53.9
SKU030,154,720.28,4.7,0.475,68.7,25,47.7
SKU030,155,647.92,3.1,0.52,66.0,20,47.1
SKU030,156,522.9,1.9,0.487,68.2,18,56.8
SKU030,157,992.82,1.1,0.478,73.3,24,53.1
SKU030,158,897.47,4.3,0.485,69.6,20,55.1
SKU030,159,790.58,5.3,0.478,67.4,22,45.5
SKU030,160,1109.53,5.1,0.498,67.8,21,50.0
SKU030,161,526.93,3.3,0.496,69.4,19,45.7
SKU030,162,777.2,3.8,0.463,74.7,22,53.0
SKU030,163,974.33,5.4,0.522,69.7,21,50.1
SKU030,164,802.63,4.2,0.471,68.2,23,55.8
SKU030,165,811.85,3.7,0.5,68.8,28,42.3
SKU030,166,590.46,3.6,0.463,76.3,23,58.9
SKU030,167,558.14,5.0,0.475,72.7,22,51.5
SKU030,168,760.01,4.3,0.461,70.6,22,54.1
SKU030,169,859.28,0.9,0.464,66.5,17,53.2
SKU030,170,995.88,1.7,0.459,72.4,19,57.2
SKU030,171,535.89,1.2,0.479,69.5,19,56.7
SKU030,172,828.04,4.1,0.5,75.3,22,55.1
SKU030,173,820.82,4.1,0.491,67.9,19,48.0
SKU030,174,520.14,4.4,0.509,67.8,21,41.8
SKU030,175,457.79,1.6,0.487,74.4,22,48.8
SKU030,176,744.42,1.9,0.523,73.0,10,55.4
SKU030,177,966.18,5.0,0.483,72.1,22,53.5
SKU030,178,600.76,3.6,0.494,69.5,20,42.3
SKU030,179,864.65,1.8,0.473,64.9,23,43.5
SKU030,180,735.04,1.2,0.496,73.7,21,54.1
SKU031,1,2003.07,2.6,0.326,86.2,26,53.1
SKU031,2,3388.6,2.5,0.336,79.6,30,54.1
SKU031,3,3455.33,2.8,0.362,85.0,25,44.7
SKU031,4,2951.01,4.1,0.361,83.0,22,43.0
SKU031,5,2652.78,5.6,0.349,83.3,28,51.4
SKU031,6,2707.85,3.2,0.338,79.5,30,39.1
SKU031,7,3674.31,4.7,0.303,78.3,23,50.8
SKU031,8,2729.9,3.6,0.319,79.0,22,55.2
SKU031,9,3875.5,2.5,0.331,76.9,25,40.5
SKU031,10,2207.74,5.4,0.312,76.7,27,44.4
SKU031,11,2236.11,6.3,0.32,88.3,32,55.0
SKU031,12,2993.15,5.6,0.322,83.7,22,45.1
SKU031,13,3861.2,2.7,0.346,84.6,26,51.3
SKU031,14,2088.55,5.9,0.342,86.4,22,40.9
SKU031,15,3237.06,6.1,0.318,77.2,27,49.0
SKU031,16,2588.01,2.1,0.321,84.5,29,55.7
SKU031,17,1931.97,3.5,0.36,83.6,29,39.9
SKU031,18,3318.11,6.1,0.298,78.3,29,49.7
SKU031,19,2519.94,1.4,0.33,83.2,28,49.1
SKU031,20,1948.76,3.2,0.305,77.3,28,53.9
SKU031,21,3231.23,1.9,0.334,77.5,31,53.6
SKU031,22,3202.2,4.1,0.321,79.5,28,43.4
SKU031,23,2289.23,3.9,0.325,85.1,19,50.5
SKU031,24,2612.42,5.4,0.33,79.2,35,54.4
SKU031,25,3117.32,1.6,0.347,85.3,27,56.1
SKU031,26,3751.65,2.4,0.335,78.2,25,42.1
SKU031,27,3707.26,1.2,0.321,87.0,25,49.2
SKU031,28,2332.4,4.7,0.308,88.2,26,40.3
SKU031,29,2715.36,6.5,0.301,84.0,25,54.7
SKU031,30,2333.59,6.5,0.32,80.9,23,50.3
SKU031,31,2996.82,6.4,0.279,79.3,26,42.0
SKU031,32,3200.78,1.5,0.324,82.7,29,43.1
SKU031,33,3464.95,4.7,0.323,86.6,26,53.1
SKU031,34,2576.23,1.4,0.303,78.2,25,40.9
SKU031,35,3498.82,4.5,0.324,77.1,23,39.8
SKU031,36,1810.88,3.6,0.329,87.5,28,53.6
SKU031,37,2073.14,6.4,0.314,82.7,26,54.6
SKU031,38,3936.53,1.5,0.316,86.1,24,55.6
SKU031,39,2270.55,5.5,0.32,81.1,27,51.0
SKU031,40,2693.84,1.4,0.337,80.3,28,49.0
SKU031,41,1777.92,5.5,0.317,85.2,26,52.1
SKU031,42,2141.97,4.3,0.365,82.0,28,40.9
SKU031,43,3038.45,5.9,0.325,80.6,33,55.5
SKU031,44,3599.81,4.0,0.33,86.4,31,49.4
SKU031,45,3451.24,4.6,0.347,86.5,25,52.6
SKU031,46,2895.78,2.6,0.294,83.4,25,52.2
SKU031,47,2868.97,6.2,0.325,84.3,28,45.5
SKU031,48,2817.51,2.5,0.348,79.2,25,46.2
SKU031,49,2900.28,6.4,0.311,79.5,28,53.5
SKU031,50,2242.55,6.4,0.292,81.1,27,47.4
SKU031,51,2921.85,4.1,0.325,78.4,25,43.2
SKU031,52,3691.2,5.6,0.333,86.7,26,49.2
SKU031,53,3346.57,6.5,0.298,81.1,26,45.4
SKU031,54,1827.71,4.8,0.343,77.1,29,42.8
SKU031,55,2685.31,3.5,0.327,86.9,27,44.0
SKU031,56,2159.97,4.0,0.348,77.9,24,44.1
SKU031,57,3010.8,3.3,0.341,78.7,23,44.3
SKU031,58,1648.5,4.3,0.331,85.7,26,47.8
SKU031,59,2186.52,3.9,0.302,80.4,22,46.6
SKU031,60,3233.8,5.9,0.314,83.6,30,40.7
SKU031,61,2148.47,2.9,0.327,87.9,23,50.7
SKU031,62,2664.58,3.8,0.337,77.9,28,39.9
SKU031,63,1896.86,1.3,0.324,76.7,24,55.6
SKU031,64,1732.6,6.2,0.322,82.3,27,51.0
SKU031,65,2129.68,1.9,0.333,80.2,25,43.2
SKU031,66,1684.35,6.2,0.344,87.6,25,45.1
SKU031,67,3322.72,4.0,0.319,77.9,21,43.1
SKU031,68,2613.6,5.7,0.346,77.4,26,38.7
SKU031,69,1518.87,4.6,0.327,87.8,27,44.4
SKU031,70,3127.5,3.0,0.33,86.1,27,51.1
SKU031,71,3293.03,2.7,0.366,86.9,26,44.4
SKU031,72,3320.95,1.6,0.337,83.7,28,51.1
SKU031,73,1661.47,4.7,0.347,87.9,26,50.2
SKU031,74,1867.85,4.2,0.343,85.0,26,40.0
SKU031,75,2407.84,6.0,0.345,80.3,26,54.1
SKU031,76,1549.8,5.7,0.343,81.1,25,50.0
SKU031,77,2304.29,2.3,0.315,85.2,31,52.6
SKU031,78,1737.69,4.5,0.287,83.1,30,43.3
SKU031,79,3153.0,2.5,0.337,86.2,21,53.7
SKU031,80,2497.29,3.7,0.326,86.2,22,38.6
SKU031,81,3189.53,4.8,0.335,85.1,28,50.4
SKU031,82,2332.69,4.6,0.316,83.9,28,42.5
SKU031,83,1543.18,3.7,0.315,87.7,26,47.4
SKU031,84,1972.08,4.0,0.348,88.0,29,45.6
SKU031,85,2060.41,3.2,0.333,79.4,29,52.8
SKU031,86,1601.39,2.0,0.329,84.1,25,48.7
SKU031,87,2012.9,4.3,0.364,85.5,27,50.2
SKU031,88,3122.83,3.2,0.324,78.5,29,48.1
SKU031,89,3157.38,1.9,0.326,83.5,25,53.0
SKU031,90,1971.42,2.3,0.338,83.6,26,53.5
SKU031,91,2765.03,6.0,0.353,81.0,24,50.5
SKU031,92,2395.67,3.9,0.339,84.2,27,49.3
SKU031,93,2040.84,3.1,0.297,81.0,33,39.0
SKU031,94,1487.0,5.2,0.335,88.3,26,39.6
SKU031,95,1511.91,3.6,0.326,78.3,28,43.9
SKU031,96,2443.65,5.0,0.321,86.4,25,49.8
SKU031,97,1587.63,1.6,0.328,79.8,23,53.9
SKU031,98,1787.38,4.6,0.322,84.8,29,55.4
SKU031,99,1953.84,6.5,0.314,88.7,26,39.3
SKU031,100,2050.33,5.3,0.313,81.2,35,42.4
SKU031,101,3034.8,5.2,0.343,78.3,27,47.7
SKU031,102,2088.01,4.2,0.357,88.4,21,43.5
SKU031,103,3231.81,1.1,0.326,88.1,27,55.2
SKU031,104,1902.4,5.2,0.32,78.1,24,52.2
SKU031,105,3462.54,1.3,0.368,87.1,27,52.9
SKU031,106,3029.02,2.0,0.317,87.0,19,45.9
SKU031,107,2101.11,2.0,0.328,85.0,28,53.6
SKU031,108,1610.24,3.1,0.288,81.9,27,50.4
SKU031,109,2364.32,4.4,0.339,79.4,29,50.5
SKU031,110,3116.91,1.3,0.369,82.4,25,49.3
SKU031,111,3468.45,2.0,0.341,78.5,25,47.5
SKU031,112,3290.01,6.1,0.333,77.9,27,39.7
SKU031,113,2101.35,1.2,0.337,85.7,25,42.5
SKU031,114,3144.48,1.7,0.303,82.4,24,50.0
SKU031,115,2137.28,4.5,0.317,79.2,22,44.0
SKU031,116,1975.89,3.6,0.288,83.9,27,48.6
SKU031,117,3556.99,6.3,0.306,81.0,28,54.6
SKU031,118,1727.35,5.0,0.292,77.1,27,48.8
SKU031,119,2642.72,4.3,0.33,85.2,27,51.9
SKU031,120,1952.12,5.8,0.332,80.9,22,39.2
SKU031,121,2654.45,3.6,0.33,82.4,27,45.7
SKU031,122,2211.49,4.8,0.31,85.1,30,51.5
SKU031,123,3578.42,3.6,0.316,81.4,26,49.0
SKU031,124,1992.17,1.1,0.348,84.1,30,41.7
SKU031,125,1804.56,3.7,0.318,78.1,20,53.1
SKU031,126,2000.28,2.7,0.312,84.6,26,55.0
SKU031,127,2226.74,6.5,0.342,86.7,26,52.6
SKU031,128,3352.15,4.9,0.304,78.6,28,38.6
SKU031,129,3672.78,5.4,0.326,87.3,26,45.8
SKU031,130,2680.1,6.0,0.365,86.7,21,51.6
SKU031,131,3169.36,6.1,0.335,81.8,25,40.5
SKU031,132,2714.79,2.8,0.302,85.0,22,38.6
SKU031,133,2085.79,2.9,0.347,83.3,28,47.5
SKU031,134,2934.27,2.0,0.359,81.0,29,46.6
SKU031,135,3111.82,2.1,0.306,87.3,28,54.1
SKU031,136,3370.68,2.8,0.333,88.5,23,46.6
SKU031,137,2129.07,2.9,0.322,79.4,25,40.2
SKU031,138,3996.28,1.9,0.371,88.6,24,50.2
SKU031,139,1822.79,3.5,0.325,84.7,22,45.0
SKU031,140,3632.64,5.1,0.32,78.1,29,52.6
SKU031,141,3775.23,1.6,0.319,87.6,25,50.2
SKU031,142,2338.32,3.4,0.337,83.5,28,50.5
SKU031,143,3076.27,2.5,0.322,83.5,29,50.7
SKU031,144,2307.46,6.0,0.309,80.9,22,53.1
SKU031,145,3293.59,1.7,0.311,82.0,23,54.6
SKU031,146,2639.09,5.1,0.341,80.5,23,40.8
SKU031,147,3420.9,1.9,0.352,87.4,27,48.0
SKU031,148,3136.5,4.9,0.304,78.1,28,42.5
SKU031,149,3000.36,2.3,0.361,88.0,30,56.2
SKU031,150,2807.1,4.8,0.321,84.5,23,49.4
SKU031,151,2749.39,5.6,0.318,86.2,29,51.8
SKU031,152,2267.11,5.1,0.363,77.1,29,40.7
SKU031,153,3228.87,3.5,0.384,85.4,25,46.9
SKU031,154,3996.25,1.4,0.336,83.6,27,46.8
SKU031,155,1830.89,4.6,0.347,82.9,25,42.1
SKU031,156,2227.03,2.8,0.344,85.0,22,49.6
SKU031,157,1749.32,2.6,0.307,78.0,24,39.7
SKU031,158,2378.55,3.0,0.335,84.6,27,55.5
SKU031,159,2650.06,6.6,0.321,87.6,26,48.3
SKU031,160,3674.0,3.5,0.31,78.4,30,50.1
SKU031,161,3137.46,3.5,0.35,88.0,26,43.1
SKU031,162,2222.68,2.6,0.344,85.4,31,40.2
SKU031,163,3675.58,6.5,0.318,84.1,25,48.2
SKU031,164,3559.25,5.1,0.347,79.6,23,54.3
SKU031,165,2843.39,6.3,0.307,88.3,29,44.8
SKU031,166,3320.3,1.4,0.331,77.7,26,49.1
SKU031,167,2797.06,2.2,0.294,79.4,25,41.6
SKU031,168,3047.99,5.4,0.318,80.6,29,53.1
SKU031,169,1771.79,4.7,0.315,87.7,24,54.1
SKU031,170,1690.51,1.0,0.332,81.1,26,42.2
SKU031,171,2122.8,3.6,0.328,79.8,26,49.4
SKU031,172,2213.88,3.6,0.313,78.9,28,55.2
SKU031,173,2794.65,6.6,0.331,85.2,24,52.3
SKU031,174,2345.33,4.3,0.321,85.8,28,46.4
SKU031,175,2357.17,6.1,0.374,82.6,27,50.5
SKU031,176,1831.28,5.5,0.324,83.9,28,45.0
SKU031,177,3181.01,1.4,0.316,81.2,29,42.6
SKU031,178,2458.63,1.8,0.335,84.6,21,43.7
SKU031,179,2839.64,3.4,0.338,81.1,29,55.5
SKU031,180,2684.84,3.0,0.309,80.3,26,40.4
SKU032,1,2349.16,1.2,0.422,85.5,14,43.5
SKU032,2,3314.26,3.5,0.397,84.6,16,48.2
SKU032,3,2967.23,2.5,0.414,78.9,12,50.4
SKU032,4,3359.41,2.3,0.419,82.6,8,45.7
SKU032,5,4429.23,3.4,0.442,80.4,8,39.0
SKU032,6,3028.42,2.1,0.384,82.6,12,46.9
SKU032,7,2299.41,2.5,0.433,75.3,12,46.9
SKU032,8,3382.46,1.5,0.428,83.9,16,37.1
SKU032,9,4718.27,3.2,0.416,84.0,11,45.6
SKU032,10,2469.49,1.8,0.385,79.3,13,43.0
SKU032,11,4287.76,2.6,0.413,80.2,10,44.2
SKU032,12,3473.77,3.9,0.43,85.4,5,46.5
SKU032,13,4680.23,3.7,0.399,80.2,15,36.8
SKU032,14,2672.26,2.9,0.4,84.8,10,40.3
SKU032,15,4717.5,3.6,0.433,85.2,13,49.3
SKU032,16,2367.69,2.3,0.402,85.4,15,48.7
SKU032,17,4391.64,3.0,0.44,74.6,17,41.3
SKU032,18,4595.51,4.0,0.39,84.7,9,48.1
SKU032,19,2402.54,1.2,0.42,77.8,10,50.5
SKU032,20,5271.63,2.2,0.376,79.6,12,43.0
SKU032,21,4958.35,3.7,0.429,85.6,10,37.8
SKU032,22,4356.07,0.9,0.432,82.5,6,50.2
SKU032,23,2509.21,0.6,0.401,82.4,9,42.3
SKU032,24,4980.9,1.5,0.383,76.2,16,49.1
SKU032,25,2926.89,2.5,0.434,82.0,16,47.4
SKU032,26,3415.49,2.8,0.41,76.8,11,46.4
SKU032,27,4149.81,3.9,0.418,83.2,10,47.4
SKU032,28,2732.57,1.6,0.411,80.9,11,49.8
SKU032,29,2725.34,0.7,0.438,82.6,12,42.6
SKU032,30,5387.66,3.4,0.412,83.7,12,49.4
SKU032,31,3576.49,2.4,0.432,76.1,10,43.8
SKU032,32,4647.46,3.5,0.409,79.2,10,49.9
SKU032,33,4247.5,3.1,0.395,76.6,9,43.5
SKU032,34,2495.38,2.4,0.45,74.6,16,50.2
SKU032,35,3004.49,2.8,0.407,76.3,15,47.2
SKU032,36,3903.47,2.7,0.419,81.6,13,36.5
SKU032,37,2807.89,3.3,0.413,77.2,14,36.5
SKU032,38,2655.71,3.0,0.407,80.9,13,42.5
SKU032,39,4237.68,0.9,0.397,75.6,14,39.4
SKU032,40,4269.35,1.9,0.406,73.9,12,47.0
SKU032,41,2398.2,1.0,0.409,83.4,9,43.9
SKU032,42,4803.39,2.1,0.406,74.1,7,39.3
SKU032,43,3925.58,3.1,0.416,76.2,9,34.9
SKU032,44,4708.51,1.3,0.384,77.1,16,45.1
SKU032,45,3482.34,2.9,0.445,82.8,13,37.9
SKU032,46,5126.65,3.5,0.407,76.6,8,40.9
SKU032,47,2432.48,1.7,0.406,75.7,13,40.3
SKU032,48,4189.46,2.2,0.429,74.7,15,48.8
SKU032,49,4142.72,1.9,0.437,85.5,6,36.0
SKU032,50,3961.24,2.5,0.384,77.8,16,47.2
SKU032,51,4170.66,2.0,0.415,83.4,10,38.9
SKU032,52,2950.14,1.4,0.416,82.8,13,49.1
SKU032,53,3271.37,1.9,0.42,81.6,16,39.0
SKU032,54,4401.08,1.3,0.448,85.2,13,35.7
SKU032,55,4290.47,3.7,0.445,76.5,19,43.7
SKU032,56,4675.94,1.9,0.441,85.4,9,36.8
SKU032,57,4256.34,3.2,0.392,77.5,16,43.8
SKU032,58,3668.71,1.7,0.397,75.7,9,36.5
SKU032,59,3221.73,3.1,0.425,83.5,16,47.6
SKU032,60,2304.3,3.5,0.447,80.8,15,44.7
SKU032,61,4313.76,1.9,0.425,78.6,11,36.5
SKU032,62,4176.2,1.6,0.399,80.3,7,45.0
SKU032,63,3252.51,3.4,0.394,76.9,18,49.3
SKU032,64,2372.51,1.8,0.428,81.0,15,43.1
SKU032,65,4326.27,1.0,0.436,80.5,13,37.3
SKU032,66,2613.38,1.8,0.396,79.4,10,42.0
SKU032,67,2557.9,2.4,0.438,80.2,12,48.5
SKU032,68,4402.12,0.8,0.395,79.1,10,50.3
SKU032,69,2556.98,3.6,0.397,77.6,10,43.8
SKU032,70,4183.89,3.6,0.423,77.9,13,35.9
SKU032,71,2582.85,3.4,0.403,82.5,13,46.0
SKU032,72,3751.46,3.8,0.446,76.2,10,35.5
SKU032,73,3387.55,1.1,0.371,76.6,5,37.5
SKU032,74,3220.05,2.5,0.438,85.0,18,45.3
SKU032,75,3864.86,1.3,0.421,82.2,12,35.7
SKU032,76,2019.35,3.3,0.435,84.2,8,42.7
SKU032,77,2502.1,1.1,0.407,81.3,10,45.8
SKU032,78,4263.86,0.9,0.404,80.5,13,38.5
SKU032,79,2679.24,2.1,0.386,84.8,7,50.5
SKU032,80,3035.08,2.0,0.389,76.5,11,40.8
SKU032,81,2361.02,2.2,0.436,83.1,15,42.4
SKU032,82,3772.24,1.5,0.392,74.9,15,42.2
SKU032,83,2142.8,4.0,0.419,80.1,11,46.1
SKU032,84,3271.52,1.2,0.41,78.6,15,41.5
SKU032,85,2047.8,0.7,0.395,79.3,17,35.2
SKU032,86,2226.99,0.8,0.409,85.2,16,43.3
SKU032,87,4135.69,2.8,0.416,75.3,11,48.9
SKU032,88,3804.58,3.2,0.402,76.0,10,44.7
SKU032,89,2747.07,1.7,0.412,79.2,10,42.9
SKU032,90,3015.61,3.7,0.389,80.5,12,47.3
SKU032,91,4200.41,2.4,0.425,77.9,14,39.7
SKU032,92,3613.4,3.4,0.418,78.1,11,37.6
SKU032,93,3147.46,1.5,0.449,74.8,11,39.1
SKU032,94,2157.22,0.6,0.416,75.4,13,46.2
SKU032,95,4085.09,1.3,0.406,82.8,10,48.2
SKU032,96,4285.08,1.9,0.419,75.1,14,43.1
SKU032,97,3597.35,3.9,0.433,74.1,12,44.5
SKU032,98,2714.65,2.7,0.422,74.2,18,48.5
SKU032,99,3141.13,2.6,0.388,81.6,17,47.0
SKU032,100,4360.23,1.8,0.415,79.0,9,42.9
SKU032,101,4182.68,1.4,0.381,82.4,15,50.6
SKU032,102,3134.15,0.8,0.419,75.0,7,43.4
SKU032,103,3589.8,3.5,0.414,85.3,17,41.1
SKU032,104,2939.33,1.9,0.399,85.4,9,46.2
SKU032,105,2926.64,2.0,0.436,78.8,15,39.6
SKU032,106,4053.87,1.4,0.414,83.9,12,44.2
SKU032,107,2341.6,0.7,0.422,84.4,12,38.7
SKU032,108,4325.82,1.7,0.427,83.0,10,49.5
SKU032,109,3160.64,2.5,0.392,82.4,15,47.0
SKU032,110,4147.22,1.6,0.406,84.8,12,42.4
SKU032,111,3251.85,1.8,0.42,85.2,8,50.3
SKU032,112,4222.92,2.5,0.406,79.5,10,40.4
SKU032,113,4185.76,3.2,0.398,73.8,9,39.2
SKU032,114,3858.55,1.0,0.392,82.7,14,50.5
SKU032,115,4414.55,3.4,0.422,80.9,14,45.1
SKU032,116,4469.64,1.8,0.407,80.1,11,44.4
SKU032,117,3023.53,3.6,0.409,75.4,14,40.3
SKU032,118,3406.23,2.4,0.404,85.0,11,48.2
SKU032,119,4907.44,1.9,0.412,82.9,11,39.3
SKU032,120,4950.78,1.5,0.403,73.8,14,36.5
SKU032,121,4495.16,2.9,0.424,82.7,16,39.5
SKU032,122,4320.33,2.4,0.423,85.4,14,36.9
SKU032,123,4125.27,3.4,0.4,84.4,13,47.5
SKU032,124,3272.23,3.6,0.407,77.8,13,46.2
SKU032,125,3760.49,3.1,0.4,81.7,8,41.4
SKU032,126,3693.14,3.9,0.412,85.1,16,48.1
SKU032,127,4815.12,2.8,0.37,76.3,11,43.4
SKU032,128,3414.04,1.8,0.404,77.0,9,42.4
SKU032,129,4546.97,2.6,0.406,77.0,15,48.3
SKU032,130,3166.36,1.0,0.414,79.5,16,36.9
SKU032,131,5250.59,3.4,0.428,82.2,15,44.1
SKU032,132,3278.65,1.8,0.401,77.3,14,44.1
SKU032,133,5286.15,3.9,0.409,80.9,11,37.1
SKU032,134,3605.05,2.5,0.413,82.4,15,41.7
SKU032,135,4108.8,1.2,0.373,79.3,13,36.6
SKU032,136,3575.07,1.5,0.413,82.3,17,46.7
SKU032,137,3902.85,3.1,0.428,79.4,12,44.2
SKU032,138,4811.93,1.2,0.413,85.7,8,46.1
SKU032,139,4898.04,1.7,0.417,81.5,14,35.0
SKU032,140,3672.51,1.4,0.426,76.5,11,40.0
SKU032,141,3627.98,3.0,0.419,83.3,16,48.4
SKU032,142,3192.66,0.6,0.407,78.8,13,45.9
SKU032,143,3042.38,0.9,0.412,82.9,10,35.3
SKU032,144,3328.6,2.3,0.41,83.3,16,43.0
SKU032,145,4921.74,1.1,0.446,84.1,15,34.9
SKU032,146,5079.49,3.0,0.414,82.1,12,38.7
SKU032,147,4675.08,2.0,0.422,76.2,13,49.0
SKU032,148,3911.94,1.1,0.401,74.2,11,41.9
SKU032,149,3595.75,1.3,0.414,74.6,8,46.2
SKU032,150,4326.87,3.9,0.389,76.4,13,37.5
SKU032,151,4687.97,2.7,0.406,78.5,13,47.2
SKU032,152,3277.71,0.9,0.421,76.7,13,45.8
SKU032,153,2800.09,1.4,0.409,77.8,14,38.3
SKU032,154,4985.5,0.7,0.404,75.3,8,44.1
SKU032,155,3981.26,1.5,0.412,75.1,13,44.8
SKU032,156,2732.5,1.0,0.422,83.7,13,50.5
SKU032,157,3026.53,1.4,0.397,80.1,12,46.1
SKU032,158,2973.3,1.3,0.421,81.5,12,44.1
SKU032,159,4279.74,3.9,0.429,74.1,15,36.2
SKU032,160,3164.93,2.7,0.392,77.0,15,47.0
SKU032,161,3170.57,3.7,0.431,76.5,10,48.9
SKU032,162,2531.43,1.4,0.432,75.8,11,38.8
SKU032,163,3396.16,3.6,0.435,80.1,13,47.3
SKU032,164,2748.29,3.9,0.404,82.4,11,40.3
SKU032,165,4450.93,3.9,0.417,74.8,9,40.1
SKU032,166,2815.32,1.3,0.372,83.0,6,42.7
SKU032,167,4038.75,1.1,0.415,74.8,14,48.4
SKU032,168,4185.33,2.3,0.389,75.0,14,45.7
SKU032,169,4689.72,1.9,0.399,75.5,18,40.1
SKU032,170,3515.94,3.9,0.446,79.1,14,49.2
SKU032,171,2682.73,3.2,0.433,80.1,9,43.8
SKU032,172,4333.94,3.5,0.443,83.9,9,46.9
SKU032,173,3466.8,1.0,0.366,82.4,13,38.5
SKU032,174,3201.58,1.2,0.407,85.4,12,42.4
SKU032,175,3760.2,3.6,0.426,83.5,11,43.4
SKU032,176,2130.29,2.3,0.395,80.8,16,46.3
SKU032,177,2581.86,2.7,0.413,74.9,16,39.3
SKU032,178,2771.33,3.2,0.412,79.3,10,38.6
SKU032,179,4135.59,0.7,0.394,85.3,12,41.0
SKU032,180,2153.94,1.3,0.412,84.8,17,44.0
SKU033,1,1663.11,5.7,0.274,78.8,19,56.9
SKU033,2,1215.28,9.9,0.323,77.1,14,56.6
SKU033,3,1169.16,7.5,0.269,76.5,17,46.3
SKU033,4,1453.3,6.9,0.278,84.0,23,54.3
SKU033,5,1395.95,2.8,0.299,79.2,12,51.4
SKU033,6,1291.93,7.0,0.26,86.9,21,52.3
SKU033,7,1142.87,8.8,0.295,80.7,19,50.7
SKU033,8,1729.92,8.5,0.258,86.6,20,56.9
SKU033,9,1006.59,8.9,0.263,81.6,15,45.0
SKU033,10,1372.75,9.0,0.269,75.5,20,52.6
SKU033,11,886.7,6.7,0.266,80.9,18,56.3
SKU033,12,1470.27,8.4,0.28,80.5,18,56.7
SKU033,13,1232.95,5.9,0.246,85.7,18,49.0
SKU033,14,1719.75,5.9,0.279,80.2,16,44.6
SKU033,15,1450.16,4.6,0.292,87.2,19,59.0
SKU033,16,1268.59,8.9,0.276,76.4,23,42.5
SKU033,17,1767.84,5.0,0.241,77.7,18,44.0
SKU033,18,1533.45,2.5,0.252,84.5,18,46.0
SKU033,19,1028.03,5.4,0.293,86.8,17,58.4
SKU033,20,949.27,4.1,0.294,84.2,18,59.1
SKU033,21,1606.56,9.7,0.261,83.6,18,50.0
SKU033,22,1879.71,4.4,0.273,80.4,18,47.4
SKU033,23,1612.74,4.7,0.271,75.7,16,56.5
SKU033,24,891.79,5.9,0.281,85.2,20,50.9
SKU033,25,1522.0,2.0,0.27,86.9,22,57.6
SKU033,26,1581.62,8.5,0.284,85.6,16,56.3
SKU033,27,1141.29,7.2,0.259,84.3,20,48.3
SKU033,28,1138.24,5.6,0.235,80.8,13,53.8
SKU033,29,850.48,2.9,0.282,76.0,18,52.4
SKU033,30,1784.76,9.9,0.28,81.0,12,52.4
SKU033,31,938.91,5.1,0.291,79.0,21,51.7
SKU033,32,1558.56,8.0,0.274,76.3,17,51.4
SKU033,33,1126.7,9.7,0.277,76.3,18,58.6
SKU033,34,1340.34,9.6,0.273,80.2,20,60.5
SKU033,35,1532.14,3.9,0.294,79.1,16,56.2
SKU033,36,1164.91,2.2,0.239,86.0,18,41.6
SKU033,37,1255.35,9.4,0.235,75.7,13,55.5
SKU033,38,1312.49,4.7,0.267,87.0,20,46.3
SKU033,39,1082.94,3.9,0.281,86.2,16,58.1
SKU033,40,1343.24,3.5,0.239,85.0,20,53.8
SKU033,41,1626.55,9.4,0.279,84.8,17,49.6
SKU033,42,1084.46,4.8,0.246,80.2,18,41.8
SKU033,43,823.85,5.7,0.258,78.3,20,48.8
SKU033,44,1314.94,9.6,0.282,85.3,18,43.7
SKU033,45,1757.37,7.0,0.281,82.1,15,52.1
SKU033,46,910.48,5.1,0.259,84.3,20,60.1
SKU033,47,1638.2,4.8,0.28,84.2,17,45.1
SKU033,48,1271.64,2.3,0.256,79.5,19,59.0
SKU033,49,1448.63,3.7,0.265,77.6,16,55.3
SKU033,50,1324.18,3.6,0.249,76.0,16,54.8
SKU033,51,1724.81,3.9,0.244,84.7,16,42.9
SKU033,52,858.39,9.9,0.245,87.4,15,45.4
SKU033,53,1636.53,5.1,0.269,82.0,21,43.7
SKU033,54,1206.24,9.2,0.268,84.3,22,46.5
SKU033,55,1628.05,7.9,0.249,81.5,17,57.4
SKU033,56,1250.25,3.1,0.252,80.8,17,54.8
SKU033,57,1280.34,6.4,0.29,78.1,23,46.2
SKU033,58,1677.45,3.7,0.286,79.2,18,54.4
SKU033,59,1048.28,2.9,0.258,84.8,20,44.7
SKU033,60,894.01,9.8,0.249,86.3,20,60.6
SKU033,61,1565.66,9.1,0.257,77.4,14,45.6
SKU033,62,1389.29,5.9,0.284,79.5,18,47.2
SKU033,63,1371.17,4.9,0.247,84.1,22,54.5
SKU033,64,1039.94,3.6,0.306,83.8,14,58.9
SKU033,65,1520.6,5.3,0.252,83.5,22,56.9
SKU033,66,1594.81,3.0,0.267,80.4,18,55.5
SKU033,67,1002.05,4.5,0.265,76.7,18,51.8
SKU033,68,834.81,9.5,0.253,80.3,16,42.5
SKU033,69,724.47,9.9,0.301,80.8,18,56.0
SKU033,70,860.28,5.4,0.274,77.0,20,47.3
SKU033,71,876.55,8.7,0.256,77.0,17,49.9
SKU033,72,877.92,3.7,0.216,87.2,13,50.7
SKU033,73,1263.46,9.3,0.257,75.7,19,43.3
SKU033,74,769.4,7.1,0.283,79.4,21,43.4
SKU033,75,973.81,7.9,0.274,84.9,19,41.5
SKU033,76,1219.15,3.3,0.29,85.3,16,49.0
SKU033,77,1253.61,7.0,0.259,83.9,18,59.8
SKU033,78,1501.16,3.8,0.289,81.3,20,41.9
SKU033,79,907.44,6.0,0.274,86.4,17,59.9
SKU033,80,1233.84,7.0,0.263,78.5,9,56.0
SKU033,81,1307.94,3.4,0.294,76.5,19,45.3
SKU033,82,810.73,3.4,0.268,77.1,18,57.9
SKU033,83,1185.83,5.8,0.275,87.0,20,49.3
SKU033,84,1006.34,8.6,0.248,76.4,22,42.4
SKU033,85,1265.39,5.2,0.282,78.5,18,54.0
SKU033,86,1129.02,4.6,0.267,79.0,24,55.6
SKU033,87,993.08,9.5,0.238,77.0,19,45.5
SKU033,88,723.77,5.3,0.297,76.1,22,56.0
SKU033,89,1443.89,6.7,0.273,75.9,23,51.6
SKU033,90,903.04,7.3,0.271,80.1,17,49.4
SKU033,91,979.28,5.9,0.255,84.7,20,54.0
SKU033,92,1102.07,3.6,0.258,78.0,14,54.0
SKU033,93,1144.38,6.2,0.277,79.4,21,59.3
SKU033,94,1425.94,2.5,0.271,84.3,27,52.9
SKU033,95,867.44,9.7,0.273,83.7,18,48.7
SKU033,96,898.51,6.6,0.273,79.5,19,51.2
SKU033,97,985.18,3.1,0.29,78.5,23,59.0
SKU033,98,690.59,2.5,0.264,83.6,19,58.7
SKU033,99,1542.02,6.2,0.28,83.6,21,51.4
SKU033,100,890.93,9.5,0.245,77.4,19,57.6
SKU033,101,964.63,7.2,0.266,83.9,19,59.0
SKU033,102,701.8,6.8,0.268,84.7,17,43.7
SKU033,103,937.81,6.4,0.265,83.7,21,44.7
SKU033,104,1306.48,6.7,0.255,80.1,18,44.8
SKU033,105,754.77,4.8,0.263,80.0,20,49.8
SKU033,106,1557.17,7.1,0.277,77.2,19,45.0
SKU033,107,1579.34,7.0,0.255,79.6,19,45.0
SKU033,108,1502.93,8.7,0.246,84.2,20,56.7
SKU033,109,1139.06,2.8,0.258,81.8,18,42.5
SKU033,110,790.6,5.3,0.302,76.0,23,58.5
SKU033,111,1458.44,8.4,0.258,79.0,13,45.2
SKU033,112,931.65,7.3,0.256,84.2,16,50.1
SKU033,113,1290.59,9.8,0.284,81.5,19,44.9
SKU033,114,1664.61,8.7,0.268,82.5,16,56.1
SKU033,115,1688.92,7.1,0.274,77.5,19,54.3
SKU033,116,1388.63,10.0,0.276,85.8,21,53.3
SKU033,117,985.24,2.0,0.268,85.4,19,52.6
SKU033,118,1707.42,9.7,0.245,76.7,18,58.0
SKU033,119,1305.94,2.0,0.259,77.9,21,44.6
SKU033,120,805.69,9.8,0.248,85.6,21,54.8
SKU033,121,1137.15,6.5,0.246,80.9,17,44.2
SKU033,122,1754.71,3.5,0.272,86.6,17,48.0
SKU033,123,1680.04,7.7,0.279,85.7,15,43.7
SKU033,124,1561.6,10.2,0.266,87.1,21,51.9
SKU033,125,1649.77,9.9,0.231,77.7,14,45.3
SKU033,126,1791.89,9.1,0.249,82.1,23,45.7
SKU033,127,1116.32,4.8,0.265,85.6,18,53.9
SKU033,128,1851.13,6.3,0.267,86.1,15,47.8
SKU033,129,1497.56,2.4,0.233,80.7,19,54.9
SKU033,130,1308.23,6.4,0.274,79.8,20,44.6
SKU033,131,1680.12,9.0,0.285,75.8,21,42.8
SKU033,132,1423.03,9.4,0.247,85.9,21,45.3
SKU033,133,931.67,10.1,0.261,86.6,15,56.7
SKU033,134,1220.48,2.3,0.231,82.2,12,60.5
SKU033,135,1633.38,4.1,0.264,83.3,20,51.5
SKU033,136,1312.46,4.9,0.265,80.1,14,48.2
SKU033,137,1092.12,8.3,0.266,85.6,16,57.2
SKU033,138,840.27,6.6,0.277,86.9,22,47.6
SKU033,139,1642.33,3.2,0.296,85.6,18,59.1
SKU033,140,972.14,9.5,0.291,85.4,15,47.4
SKU033,141,1542.43,6.3,0.271,87.4,18,59.1
SKU033,142,1598.34,9.0,0.294,77.8,18,47.8
SKU033,143,1440.42,7.9,0.268,87.0,19,49.0
SKU033,144,835.55,1.8,0.228,83.7,16,46.4
SKU033,145,1069.48,8.2,0.259,78.8,11,49.3
SKU033,146,1002.06,4.6,0.269,76.0,21,41.7
SKU033,147,1350.69,7.4,0.273,81.4,10,55.0
SKU033,148,1153.42,3.1,0.265,86.2,17,46.1
SKU033,149,1602.71,6.8,0.27,82.9,21,55.6
SKU033,150,1564.55,3.5,0.269,84.1,25,50.5
SKU033,151,1715.76,4.4,0.267,80.0,15,55.1
SKU033,152,1049.93,9.3,0.249,78.2,17,51.2
SKU033,153,1293.12,3.6,0.259,82.7,21,47.3
SKU033,154,978.28,8.7,0.269,82.9,19,60.0
SKU033,155,1684.92,8.3,0.295,78.9,15,45.5
SKU033,156,877.72,9.8,0.283,76.1,17,46.6
SKU033,157,1419.49,5.3,0.276,77.6,20,49.5
SKU033,158,834.12,8.4,0.254,79.9,21,51.1
SKU033,159,896.76,10.2,0.284,78.3,20,49.4
SKU033,160,1540.11,5.1,0.31,83.5,21,55.2
SKU033,161,1499.12,4.5,0.289,77.6,19,51.0
SKU033,162,1451.66,4.2,0.268,75.7,18,50.7
SKU033,163,1068.06,9.0,0.282,85.9,21,45.1
SKU033,164,1621.91,6.4,0.238,84.9,19,50.7
SKU033,165,1553.75,3.5,0.276,84.0,16,53.5
SKU033,166,1219.97,7.6,0.279,86.3,20,57.5
SKU033,167,1517.16,6.1,0.301,82.7,12,42.9
SKU033,168,1722.89,9.5,0.267,86.0,21,57.5
SKU033,169,963.06,5.3,0.286,78.6,17,43.6
SKU033,170,1002.54,4.2,0.269,84.6,17,43.6
SKU033,171,1058.8,2.7,0.264,86.7,21,59.4
SKU033,172,886.19,5.6,0.261,81.9,18,43.6
SKU033,173,1030.55,2.7,0.268,80.0,16,56.9
SKU033,174,1588.09,5.2,0.261,86.5,20,47.2
SKU033,175,953.03,5.7,0.262,75.4,25,55.9
SKU033,176,843.84,5.8,0.27,75.9,21,52.2
SKU033,177,1449.06,6.3,0.278,87.2,21,51.4
SKU033,178,1601.81,5.4,0.262,77.1,17,59.2
SKU033,179,1250.58,4.8,0.269,77.0,20,59.9
SKU033,180,1338.68,3.0,0.294,78.4,17,49.1
SKU034,1,2488.84,6.2,0.346,76.7,25,44.8
SKU034,2,2653.76,2.4,0.344,80.8,23,47.7
SKU034,3,1410.2,7.2,0.356,85.3,29,41.9
SKU034,4,2793.34,5.0,0.375,74.8,28,47.8
SKU034,5,1456.01,6.2,0.366,80.2,21,47.9
SKU034,6,2543.56,7.4,0.362,85.5,29,43.9
SKU034,7,1354.92,5.5,0.404,83.6,22,43.0
SKU034,8,1704.13,2.3,0.397,85.6,26,44.3
SKU034,9,2048.96,6.4,0.41,77.0,29,47.6
SKU034,10,2814.06,7.0,0.376,83.2,21,43.3
SKU034,11,2745.03,2.7,0.343,84.8,24,40.2
SKU034,12,2616.17,7.3,0.391,79.6,29,40.6
SKU034,13,1737.91,3.0,0.378,83.6,32,42.2
SKU034,14,1671.25,8.2,0.357,77.9,27,46.1
SKU034,15,1382.8,8.3,0.377,86.4,21,45.0
SKU034,16,2252.13,2.8,0.384,80.8,30,35.5
SKU034,17,1698.71,7.9,0.37,77.4,26,45.6
SKU034,18,1533.69,5.4,0.373,76.6,24,39.6
SKU034,19,1512.2,8.4,0.357,82.0,25,39.0
SKU034,20,1620.38,6.2,0.392,75.9,28,42.3
SKU034,21,1621.98,5.8,0.392,78.4,24,45.2
SKU034,22,2879.17,6.6,0.387,86.1,27,33.5
SKU034,23,2947.13,6.0,0.319,85.9,25,36.9
SKU034,24,1369.17,4.9,0.388,76.7,26,45.5
SKU034,25,2243.49,6.5,0.385,76.9,28,47.7
SKU034,26,2807.55,6.1,0.364,82.5,26,43.1
SKU034,27,2361.5,6.4,0.389,75.5,21,43.0
SKU034,28,2169.75,5.2,0.4,85.7,26,38.0
SKU034,29,2913.09,6.3,0.358,78.5,27,44.1
SKU034,30,1503.75,3.2,0.375,75.4,23,42.7
SKU034,31,1768.76,3.4,0.381,82.0,24,36.1
SKU034,32,2636.02,5.9,0.409,79.6,24,34.8
SKU034,33,2637.95,3.1,0.386,77.4,26,37.4
SKU034,34,1408.08,2.0,0.359,81.6,29,38.8
SKU034,35,1726.39,8.5,0.349,80.3,19,35.9
SKU034,36,2035.73,5.4,0.341,77.0,28,48.1
SKU034,37,1934.92,2.1,0.376,85.8,19,43.7
SKU034,38,2778.66,2.9,0.371,77.1,28,33.4
SKU034,39,2881.47,6.2,0.357,81.7,28,36.6
SKU034,40,3022.25,6.8,0.382,81.8,25,47.4
SKU034,41,2163.89,6.7,0.377,76.4,23,45.9
SKU034,42,2118.04,1.8,0.371,84.7,24,46.5
SKU034,43,2908.5,2.7,0.381,86.4,28,43.1
SKU034,44,2476.33,3.2,0.341,82.0,24,45.2
SKU034,45,2476.67,3.7,0.373,79.0,24,45.1
SKU034,46,1555.56,5.6,0.38,83.1,21,33.5
SKU034,47,1730.35,8.0,0.38,80.8,20,36.5
SKU034,48,1440.99,6.8,0.387,75.8,21,40.0
SKU034,49,2090.18,2.4,0.383,82.4,27,37.8
SKU034,50,2335.48,2.9,0.372,75.6,27,35.9
SKU034,51,2134.71,1.9,0.388,78.9,28,39.2
SKU034,52,1607.07,3.2,0.375,85.0,30,41.5
SKU034,53,2849.31,4.1,0.388,86.5,25,43.7
SKU034,54,1479.92,6.3,0.378,80.0,29,35.6
SKU034,55,1944.14,7.3,0.395,80.1,31,36.3
SKU034,56,2474.63,6.6,0.387,82.5,28,45.8
SKU034,57,2370.3,5.4,0.368,83.2,22,35.1
SKU034,58,2052.88,2.8,0.372,79.9,22,45.7
SKU034,59,2688.19,1.5,0.377,75.4,30,40.7
SKU034,60,1811.27,3.9,0.382,83.8,23,38.3
SKU034,61,1752.01,4.2,0.389,80.5,27,38.2
SKU034,62,2076.68,8.5,0.347,86.6,24,44.0
SKU034,63,1341.51,2.4,0.362,81.6,30,39.3
SKU034,64,1452.1,2.4,0.384,74.7,22,47.9
SKU034,65,1712.04,7.0,0.349,77.9,26,34.7
SKU034,66,1949.25,2.1,0.378,84.4,24,39.1
SKU034,67,2613.41,3.2,0.373,80.7,28,39.3
SKU034,68,1159.73,6.2,0.377,82.0,27,43.0
SKU034,69,1599.03,5.5,0.384,82.6,24,44.9
SKU034,70,1917.09,6.8,0.376,82.4,23,42.4
SKU034,71,1259.24,2.6,0.338,86.0,32,43.4
SKU034,72,2450.29,7.7,0.401,75.7,22,39.6
SKU034,73,1368.79,8.6,0.377,77.1,21,43.0
SKU034,74,1182.88,3.0,0.418,79.2,25,48.0
SKU034,75,1167.51,6.7,0.396,81.8,25,39.8
SKU034,76,1546.48,3.6,0.398,78.8,22,35.4
SKU034,77,2491.43,1.7,0.378,85.9,26,40.8
SKU034,78,1883.28,8.6,0.382,79.5,29,35.6
SKU034,79,2429.37,3.8,0.338,75.4,25,47.0
SKU034,80,1870.88,4.6,0.397,77.4,27,42.7
SKU034,81,1159.83,7.7,0.367,86.5,26,47.3
SKU034,82,1455.42,6.4,0.406,76.5,22,34.8
SKU034,83,1149.28,2.1,0.345,75.8,27,44.9
SKU034,84,1576.01,5.2,0.341,78.5,27,39.9
SKU034,85,2467.85,3.4,0.384,79.2,22,43.5
SKU034,86,2362.88,4.6,0.382,77.6,26,36.5
SKU034,87,1499.77,6.9,0.378,86.2,26,38.9
SKU034,88,1743.14,7.4,0.367,78.0,25,43.9
SKU034,89,2476.02,2.2,0.389,83.2,26,42.0
SKU034,90,2094.86,2.7,0.38,79.1,25,47.3
SKU034,91,1762.43,4.1,0.377,82.0,25,43.2
SKU034,92,1376.41,5.8,0.363,79.1,24,33.3
SKU034,93,1129.18,5.9,0.374,75.7,18,37.6
SKU034,94,2429.73,6.6,0.38,78.7,25,37.1
SKU034,95,1657.46,6.8,0.347,80.3,25,47.9
SKU034,96,1300.78,4.6,0.344,75.0,23,46.1
SKU034,97,1165.5,3.6,0.391,81.8,26,40.9
SKU034,98,2184.74,8.1,0.357,83.0,28,38.7
SKU034,99,2250.52,7.0,0.382,76.2,25,48.2
SKU034,100,1135.3,1.4,0.389,81.0,33,39.6
SKU034,101,2496.57,2.7,0.383,77.7,26,39.1
SKU034,102,1767.24,7.3,0.365,75.6,24,38.9
SKU034,103,2115.1,6.0,0.356,77.6,27,36.1
SKU034,104,1544.2,5.1,0.372,79.8,29,35.9
SKU034,105,1852.78,7.4,0.392,83.5,22,45.7
SKU034,106,1184.15,5.6,0.391,82.2,24,47.3
SKU034,107,2118.29,5.5,0.348,75.1,26,33.4
SKU034,108,2375.49,3.6,0.386,84.2,20,37.9
SKU034,109,2295.28,2.2,0.396,81.8,27,41.1
SKU034,110,1472.79,4.2,0.378,78.0,19,46.5
SKU034,111,2356.33,6.2,0.371,84.9,21,34.6
SKU034,112,2389.56,1.9,0.376,81.0,24,36.4
SKU034,113,1225.1,8.4,0.349,81.2,23,42.0
SKU034,114,1882.16,4.5,0.379,83.3,26,33.4
SKU034,115,2467.11,2.2,0.388,75.2,28,37.4
SKU034,116,2680.28,5.8,0.394,80.0,28,43.2
SKU034,117,1589.36,2.0,0.339,76.0,24,44.4
SKU034,118,1856.24,4.3,0.363,79.8,27,33.6
SKU034,119,1829.55,5.0,0.388,84.7,22,35.5
SKU034,120,2280.81,5.9,0.395,79.8,20,44.4
SKU034,121,1420.73,7.2,0.388,83.3,21,42.8
SKU034,122,1728.01,5.2,0.38,75.7,20,37.5
SKU034,123,1327.72,5.2,0.359,82.8,30,42.5
SKU034,124,2195.68,2.8,0.361,82.7,25,47.0
SKU034,125,2141.09,5.5,0.37,84.3,25,46.2
SKU034,126,2955.43,1.7,0.337,78.2,29,40.7
SKU034,127,2145.97,3.9,0.411,79.9,26,47.2
SKU034,128,1422.58,3.9,0.344,79.3,25,39.2
SKU034,129,2061.86,3.9,0.372,86.2,21,37.3
SKU034,130,2382.47,6.4,0.381,86.2,33,44.2
SKU034,131,1601.72,7.8,0.378,85.0,21,40.5
SKU034,132,2121.82,7.2,0.37,77.8,25,45.9
SKU034,133,1568.24,5.3,0.367,82.2,26,37.4
SKU034,134,2059.6,7.3,0.363,77.0,23,41.1
SKU034,135,1737.66,4.9,0.408,85.8,29,36.6
SKU034,136,2115.05,4.1,0.372,78.3,23,37.9
SKU034,137,2370.19,4.9,0.382,74.7,26,34.1
SKU034,138,2879.76,6.5,0.362,85.8,25,35.4
SKU034,139,3112.71,4.8,0.381,77.1,24,44.4
SKU034,140,2263.34,5.7,0.396,75.9,22,42.7
SKU034,141,3100.81,1.9,0.361,79.7,25,37.7
SKU034,142,1769.87,4.6,0.366,85.9,32,41.4
SKU034,143,3134.43,4.2,0.361,79.7,25,44.3
SKU034,144,2012.88,6.0,0.378,77.7,22,44.8
SKU034,145,2300.21,5.2,0.409,83.8,27,38.9
SKU034,146,3066.49,5.0,0.375,82.7,30,39.9
SKU034,147,3075.71,6.5,0.374,76.1,26,36.4
SKU034,148,2594.54,4.4,0.381,81.6,24,33.8
SKU034,149,2677.32,6.4,0.335,76.3,22,33.9
SKU034,150,2631.4,4.8,0.377,79.4,25,44.7
SKU034,151,1383.42,6.2,0.37,83.9,23,46.8
SKU034,152,2986.51,5.7,0.352,86.6,27,41.4
SKU034,153,1571.24,8.2,0.355,80.2,27,42.4
SKU034,154,1385.18,6.2,0.369,78.7,21,33.7
SKU034,155,1712.02,3.9,0.371,80.7,22,34.5
SKU034,156,1565.44,5.8,0.397,76.4,23,34.8
SKU034,157,2970.74,7.3,0.375,84.8,21,40.4
SKU034,158,2085.2,6.0,0.388,81.4,28,44.6
SKU034,159,1782.77,4.9,0.362,74.6,27,44.2
SKU034,160,1472.86,4.2,0.351,85.8,28,46.1
SKU034,161,2131.76,7.6,0.354,81.9,22,34.1
SKU034,162,1951.79,3.6,0.36,81.3,22,34.2
SKU034,163,2176.68,5.6,0.334,84.3,16,39.4
SKU034,164,1498.4,2.3,0.361,82.3,25,40.1
SKU034,165,2646.14,1.7,0.377,79.7,24,35.9
SKU034,166,2029.43,1.5,0.376,75.8,26,39.2
SKU034,167,2803.77,6.5,0.371,74.9,27,47.2
SKU034,168,2195.93,7.7,0.385,85.1,29,45.3
SKU034,169,2772.45,4.8,0.372,86.2,31,43.6
SKU034,170,1997.08,7.0,0.395,85.1,22,42.8
SKU034,171,1708.77,6.6,0.374,82.4,27,35.8
SKU034,172,1668.2,2.5,0.375,81.9,26,46.3
SKU034,173,1444.93,8.4,0.339,76.5,23,36.3
SKU034,174,2131.39,1.5,0.397,84.5,27,42.7
SKU034,175,2344.83,8.3,0.391,81.5,19,40.2
SKU034,176,1392.44,2.6,0.326,81.8,27,41.2
SKU034,177,1290.66,8.5,0.389,76.5,21,37.1
SKU034,178,2399.57,4.5,0.36,85.1,26,34.4
SKU034,179,1560.53,7.8,0.371,86.2,20,36.5
SKU034,180,1966.99,7.4,0.402,78.7,25,41.9
SKU035,1,751.31,0.7,0.419,82.4,11,37.3
SKU035,2,720.62,0.8,0.436,82.1,10,42.6
SKU035,3,802.64,2.2,0.452,85.0,6,51.7
SKU035,4,966.08,0.4,0.439,82.3,14,44.7
SKU035,5,646.04,0.9,0.396,81.7,16,44.3
SKU035,6,929.53,2.4,0.449,81.1,10,48.9
SKU035,7,770.19,2.3,0.418,82.7,9,43.9
SKU035,8,1020.44,0.6,0.425,90.0,9,53.2
SKU035,9,779.37,1.2,0.429,92.4,11,52.5
SKU035,10,913.53,2.1,0.393,91.4,14,51.7
SKU035,11,898.31,1.3,0.442,92.4,11,48.3
SKU035,12,499.74,0.8,0.446,86.3,10,43.3
SKU035,13,786.28,1.8,0.427,92.4,10,45.5
SKU035,14,1049.76,1.7,0.396,81.1,13,51.9
SKU035,15,848.23,2.4,0.449,81.0,12,48.9
SKU035,16,951.98,1.6,0.402,90.7,12,38.1
SKU035,17,870.33,2.2,0.467,81.8,8,41.7
SKU035,18,872.57,1.3,0.437,90.4,15,45.5
SKU035,19,941.47,2.3,0.394,82.6,12,39.2
SKU035,20,821.68,0.9,0.432,83.0,10,47.1
SKU035,21,626.44,1.0,0.435,91.7,13,48.3
SKU035,22,894.5,1.6,0.438,89.6,15,51.3
SKU035,23,929.03,0.5,0.438,91.1,12,50.2
SKU035,24,867.92,2.1,0.453,90.4,10,52.9
SKU035,25,490.92,1.9,0.413,87.6,8,53.2
SKU035,26,843.3,2.5,0.447,89.4,6,51.7
SKU035,27,847.56,0.5,0.416,92.1,13,49.5
SKU035,28,694.55,1.7,0.446,82.5,9,51.9
SKU035,29,769.1,2.0,0.429,83.1,5,45.5
SKU035,30,531.96,2.1,0.448,86.0,12,39.4
SKU035,31,694.15,2.4,0.446,92.0,14,40.9
SKU035,32,525.5,1.9,0.41,88.0,10,49.6
SKU035,33,765.94,2.4,0.445,84.8,11,37.9
SKU035,34,748.88,1.2,0.398,90.5,13,41.0
SKU035,35,607.98,1.2,0.409,80.9,11,48.5
SKU035,36,794.97,1.1,0.446,88.4,4,47.8
SKU035,37,608.38,1.3,0.438,92.9,12,46.1
SKU035,38,1001.62,1.8,0.446,87.0,15,49.6
SKU035,39,738.05,1.7,0.469,87.9,10,41.8
SKU035,40,900.13,1.3,0.408,83.1,12,39.4
SKU035,41,515.36,1.8,0.418,84.7,12,47.4
SKU035,42,901.71,2.2,0.465,81.1,4,53.7
SKU035,43,800.2,1.0,0.431,88.9,7,41.4
SKU035,44,964.48,1.8,0.472,88.2,12,42.9
SKU035,45,972.98,0.6,0.449,80.9,14,47.0
SKU035,46,826.79,1.9,0.449,84.8,8,46.6
SKU035,47,805.24,1.2,0.403,81.2,8,39.7
SKU035,48,991.18,1.1,0.397,83.3,14,49.1
SKU035,49,824.32,2.1,0.461,88.1,15,48.6
SKU035,50,775.18,0.6,0.442,89.5,12,45.4
SKU035,51,960.42,0.5,0.403,83.0,10,45.1
SKU035,52,752.13,1.0,0.429,87.6,12,44.4
SKU035,53,638.97,1.9,0.436,81.8,16,49.1
SKU035,54,636.32,1.7,0.451,90.7,14,48.6
SKU035,55,849.85,1.7,0.433,91.4,8,45.5
SKU035,56,857.13,1.1,0.427,87.8,4,48.1
SKU035,57,593.15,2.1,0.43,81.1,11,42.2
SKU035,58,707.78,1.0,0.438,91.0,5,49.5
SKU035,59,575.42,0.7,0.456,88.6,15,50.0
SKU035,60,869.26,0.7,0.394,88.4,8,40.5
SKU035,61,460.75,0.9,0.41,90.7,16,47.0
SKU035,62,624.52,2.2,0.408,89.5,12,43.6
SKU035,63,741.51,1.8,0.438,84.4,8,44.0
SKU035,64,547.44,0.4,0.454,83.5,10,42.6
SKU035,65,525.74,0.8,0.428,86.2,11,44.6
SKU035,66,490.93,2.2,0.435,82.4,11,44.1
SKU035,67,521.33,1.7,0.43,91.4,8,51.9
SKU035,68,792.77,1.9,0.435,92.7,10,49.6
SKU035,69,686.44,1.1,0.423,84.0,11,51.5
SKU035,70,557.35,1.3,0.432,91.6,10,37.0
SKU035,71,611.74,2.0,0.417,83.9,10,53.1
SKU035,72,692.03,2.5,0.419,83.5,14,53.2
SKU035,73,753.36,2.5,0.412,89.9,9,38.8
SKU035,74,656.92,2.3,0.441,81.4,14,42.2
SKU035,75,421.77,0.9,0.448,91.4,8,43.4
SKU035,76,660.51,2.2,0.432,82.6,9,39.7
SKU035,77,561.01,1.9,0.404,82.8,8,53.1
SKU035,78,569.56,1.2,0.44,84.3,13,49.1
SKU035,79,854.81,1.0,0.447,84.6,8,49.9
SKU035,80,784.98,0.8,0.431,87.5,13,40.7
SKU035,81,377.37,1.2,0.437,92.7,8,46.5
SKU035,82,685.58,1.8,0.436,90.8,9,40.8
SKU035,83,515.03,1.8,0.407,90.7,10,37.0
SKU035,84,385.86,2.0,0.446,84.8,11,54.0
SKU035,85,433.24,0.6,0.446,88.3,16,40.0
SKU035,86,615.8,1.8,0.404,92.7,7,42.2
SKU035,87,650.51,1.4,0.453,90.3,8,50.2
SKU035,88,376.65,1.4,0.414,83.1,7,40.7
SKU035,89,522.96,2.5,0.436,86.7,7,48.5
SKU035,90,633.82,1.3,0.468,87.7,8,48.1
SKU035,91,756.16,0.6,0.42,89.1,15,40.3
SKU035,92,534.17,1.0,0.398,84.4,8,46.1
SKU035,93,467.34,2.4,0.399,91.5,7,42.5
SKU035,94,766.35,1.4,0.464,84.2,10,53.6
SKU035,95,825.88,2.5,0.447,89.1,9,40.4
SKU035,96,469.67,0.5,0.441,81.2,13,52.1
SKU035,97,498.43,1.8,0.438,81.1,15,49.2
SKU035,98,460.26,0.5,0.445,86.9,9,43.0
SKU035,99,507.68,1.2,0.404,81.9,6,47.5
SKU035,100,803.92,2.4,0.412,85.7,7,49.9
SKU035,101,715.81,1.5,0.446,81.4,11,49.6
SKU035,102,597.11,2.5,0.438,82.9,4,42.6
SKU035,103,397.05,1.1,0.447,89.6,10,47.6
SKU035,104,680.86,2.5,0.439,82.0,8,49.2
SKU035,105,534.92,2.0,0.453,81.3,3,52.3
SKU035,106,608.65,2.0,0.416,84.1,8,48.9
SKU035,107,675.0,1.6,0.451,92.4,5,45.6
SKU035,108,864.0,2.6,0.434,87.4,9,41.7
SKU035,109,499.75,0.6,0.428,83.7,10,44.5
SKU035,110,643.15,1.6,0.401,84.3,12,46.7
SKU035,111,907.95,0.4,0.413,91.4,10,44.2
SKU035,112,574.56,0.8,0.452,89.3,9,52.7
SKU035,113,727.82,1.6,0.439,84.8,8,40.3
SKU035,114,432.74,1.1,0.442,83.2,13,51.5
SKU035,115,770.44,2.0,0.45,83.6,14,49.7
SKU035,116,866.56,2.1,0.424,90.7,11,43.1
SKU035,117,525.64,1.0,0.437,82.4,16,48.8
SKU035,118,829.62,2.4,0.406,87.8,13,40.4
SKU035,119,827.82,1.7,0.452,84.4,13,43.0
SKU035,120,882.21,0.6,0.454,82.4,8,41.1
SKU035,121,750.55,2.2,0.449,88.6,11,49.4
SKU035,122,914.73,2.2,0.411,82.5,11,37.0
SKU035,123,607.41,0.5,0.439,90.8,9,49.8
SKU035,124,481.72,2.4,0.443,91.9,10,43.4
SKU035,125,679.04,2.6,0.437,90.2,7,40.0
SKU035,126,989.18,2.6,0.41,83.3,11,45.1
SKU035,127,948.85,0.8,0.426,86.3,12,37.8
SKU035,128,980.2,2.6,0.456,84.9,7,44.0
SKU035,129,643.79,0.5,0.416,90.2,12,37.7
SKU035,130,468.16,0.7,0.428,90.8,15,42.5
SKU035,131,1062.77,1.9,0.427,83.3,16,41.4
SKU035,132,669.4,2.4,0.431,90.3,11,50.7
SKU035,133,686.01,1.8,0.44,87.6,4,42.8
SKU035,134,1005.22,1.3,0.439,87.2,12,53.3
SKU035,135,587.68,2.1,0.419,84.0,7,51.0
SKU035,136,606.66,0.6,0.415,82.3,13,45.6
SKU035,137,649.77,2.5,0.421,87.4,5,40.5
SKU035,138,834.63,0.9,0.433,82.7,12,46.4
SKU035,139,474.54,2.1,0.448,85.4,12,39.8
SKU035,140,844.56,2.6,0.456,89.4,3,40.8
SKU035,141,513.22,1.4,0.442,81.0,11,37.3
SKU035,142,1036.68,2.0,0.444,88.6,9,47.1
SKU035,143,959.56,0.4,0.423,83.2,8,45.0
SKU035,144,568.22,1.9,0.438,89.2,12,38.5
SKU035,145,680.45,1.5,0.422,92.0,10,50.0
SKU035,146,643.3,0.4,0.46,87.7,13,41.3
SKU035,147,1007.23,0.4,0.423,84.1,3,53.1
SKU035,148,667.7,1.2,0.43,81.1,7,45.2
SKU035,149,741.01,1.2,0.443,85.8,11,51.5
SKU035,150,559.88,1.9,0.413,83.8,12,46.9
SKU035,151,561.67,1.3,0.445,91.9,10,43.3
SKU035,152,715.92,1.4,0.418,84.5,13,52.8
SKU035,153,766.81,2.4,0.405,89.5,9,52.8
SKU035,154,582.63,1.4,0.4,90.5,10,44.8
SKU035,155,627.55,2.2,0.418,82.9,8,40.6
SKU035,156,619.45,2.1,0.434,90.4,4,50.2
SKU035,157,656.28,1.5,0.446,88.7,14,38.7
SKU035,158,583.71,1.4,0.43,82.0,11,40.8
SKU035,159,508.0,1.8,0.436,86.1,11,50.0
SKU035,160,983.15,0.8,0.416,83.4,12,45.5
SKU035,161,711.38,1.9,0.454,91.0,10,41.8
SKU035,162,976.75,0.9,0.447,90.8,6,50.5
SKU035,163,632.57,1.1,0.409,82.9,9,48.9
SKU035,164,465.7,0.4,0.432,85.9,10,52.2
SKU035,165,476.51,1.8,0.446,84.7,11,44.6
SKU035,166,868.59,2.3,0.43,91.9,5,53.2
SKU035,167,946.58,1.2,0.421,81.9,11,47.7
SKU035,168,662.35,0.9,0.423,89.4,8,53.9
SKU035,169,611.46,2.0,0.388,91.6,10,41.3
SKU035,170,720.47,1.8,0.428,83.4,12,51.2
SKU035,171,896.74,2.2,0.418,82.2,9,42.0
SKU035,172,841.82,0.6,0.404,92.7,5,41.2
SKU035,173,915.22,1.4,0.46,81.6,13,47.8
SKU035,174,473.73,1.6,0.401,89.9,15,41.6
SKU035,175,609.94,1.1,0.391,85.5,7,50.3
SKU035,176,826.29,1.7,0.41,83.9,11,38.3
SKU035,177,883.25,0.8,0.413,91.9,10,44.4
SKU035,178,644.16,0.8,0.443,90.4,13,53.7
SKU035,179,489.56,2.4,0.419,87.5,13,52.5
SKU035,180,589.41,1.0,0.466,88.5,5,38.9
SKU036,1,3020.11,1.2,0.344,78.8,35,50.5
SKU036,2,3733.04,3.0,0.329,87.1,38,47.1
SKU036,3,3253.37,3.2,0.36,80.1,33,48.2
SKU036,4,2439.23,5.2,0.337,84.1,41,39.0
SKU036,5,3123.19,5.4,0.359,87.8,39,42.0
SKU036,6,4228.63,2.9,0.359,84.6,38,43.9
SKU036,7,4384.14,3.1,0.34,81.3,42,50.9
SKU036,8,3825.85,3.9,0.335,78.4,40,47.6
SKU036,9,2552.18,1.0,0.345,78.1,40,36.4
SKU036,10,4296.09,1.5,0.346,78.5,37,41.1
SKU036,11,2966.17,6.2,0.308,83.5,36,43.1
SKU036,12,2370.97,2.6,0.353,89.2,42,47.8
SKU036,13,4619.98,1.2,0.322,83.0,38,48.6
SKU036,14,4428.14,2.4,0.376,82.7,40,51.5
SKU036,15,4106.87,3.2,0.363,89.6,41,41.8
SKU036,16,3049.54,2.6,0.352,81.8,41,47.4
SKU036,17,2699.15,3.7,0.335,89.5,41,46.8
SKU036,18,3929.69,1.9,0.347,85.8,43,40.5
SKU036,19,2662.69,4.7,0.345,88.1,38,46.2
SKU036,20,2132.24,3.9,0.311,86.3,34,40.4
SKU036,21,4389.87,2.3,0.352,85.4,40,36.8
SKU036,22,4237.42,5.9,0.36,89.5,45,36.9
SKU036,23,2819.11,6.0,0.328,83.5,37,39.2
SKU036,24,3894.8,2.1,0.373,78.9,40,39.3
SKU036,25,3488.31,4.2,0.368,85.7,43,45.1
SKU036,26,4710.78,1.2,0.356,88.0,36,44.2
SKU036,27,3172.76,3.3,0.355,88.0,39,51.3
SKU036,28,4243.83,4.0,0.35,82.6,47,48.5
SKU036,29,3224.91,2.1,0.363,82.7,38,47.0
SKU036,30,3724.98,1.4,0.35,84.0,41,45.1
SKU036,31,4018.02,5.5,0.337,85.1,38,45.0
SKU036,32,3889.02,1.9,0.344,88.3,42,36.8
SKU036,33,3316.16,3.6,0.33,79.7,42,42.3
SKU036,34,3518.7,5.8,0.35,77.9,38,45.9
SKU036,35,2263.41,4.4,0.369,89.2,35,48.1
SKU036,36,4070.87,4.6,0.359,86.7,38,50.0
SKU036,37,3885.88,3.2,0.342,86.0,37,36.5
SKU036,38,4107.54,4.0,0.348,84.7,40,40.7
SKU036,39,4202.97,2.0,0.349,89.6,37,45.3
SKU036,40,4506.35,6.1,0.341,81.2,41,38.5
SKU036,41,2248.38,3.0,0.375,80.6,39,47.5
SKU036,42,3797.48,1.6,0.353,80.4,37,37.1
SKU036,43,2922.78,1.1,0.334,81.1,38,39.9
SKU036,44,3929.52,1.3,0.362,87.8,39,47.0
SKU036,45,3423.3,5.7,0.368,84.5,37,40.3
SKU036,46,3558.02,1.5,0.341,79.9,42,42.2
SKU036,47,2937.6,3.0,0.353,84.6,45,36.5
SKU036,48,4264.35,2.1,0.347,80.0,35,50.0
SKU036,49,3533.35,1.5,0.348,84.8,39,42.7
SKU036,50,3087.34,4.1,0.334,83.3,36,44.4
SKU036,51,3762.37,4.2,0.361,86.8,37,42.3
SKU036,52,2612.45,4.8,0.319,79.0,34,46.1
SKU036,53,3741.29,4.3,0.34,85.0,39,41.0
SKU036,54,3447.14,6.1,0.365,87.3,33,43.6
SKU036,55,2258.97,4.7,0.372,88.2,36,42.2
SKU036,56,1916.24,1.3,0.372,85.9,40,48.4
SKU036,57,2574.26,3.7,0.345,80.0,41,44.6
SKU036,58,3460.85,1.2,0.36,81.1,36,49.5
SKU036,59,2146.46,4.3,0.341,86.3,39,37.1
SKU036,60,4113.1,4.0,0.364,81.3,36,39.7
SKU036,61,3107.4,5.9,0.35,81.3,37,37.0
SKU036,62,4019.2,5.9,0.382,89.0,35,45.6
SKU036,63,1870.36,6.0,0.348,85.4,38,36.7
SKU036,64,4006.68,3.2,0.378,84.8,39,41.4
SKU036,65,1781.72,1.0,0.353,85.7,38,49.9
SKU036,66,2672.19,2.9,0.345,79.0,35,49.2
SKU036,67,3860.73,4.2,0.358,85.8,37,45.6
SKU036,68,2362.68,4.7,0.337,84.5,36,49.4
SKU036,69,2470.24,4.2,0.363,80.1,40,42.9
SKU036,70,3206.46,4.1,0.338,87.6,43,41.3
SKU036,71,2067.56,5.8,0.342,85.5,36,38.0
SKU036,72,2393.45,6.0,0.359,89.1,38,49.3
SKU036,73,2971.73,4.3,0.334,89.9,45,47.7
SKU036,74,3253.75,1.2,0.364,87.1,40,48.1
SKU036,75,3616.82,3.2,0.368,80.9,40,40.4
SKU036,76,2276.98,1.3,0.366,88.7,38,39.8
SKU036,77,2131.35,4.2,0.333,83.8,42,49.6
SKU036,78,2349.22,6.0,0.36,83.5,40,37.8
SKU036,79,3221.46,1.3,0.351,85.5,44,36.3
SKU036,80,1933.59,1.0,0.345,83.9,40,37.1
SKU036,81,2226.2,2.5,0.334,86.8,41,47.3
SKU036,82,3165.15,1.7,0.35,82.8,41,50.8
SKU036,83,2374.87,6.2,0.363,81.2,38,37.5
SKU036,84,1873.18,2.6,0.331,89.2,42,47.4
SKU036,85,3237.68,4.3,0.353,88.9,39,44.6
SKU036,86,3698.33,5.2,0.342,87.4,40,37.1
SKU036,87,3525.96,3.9,0.321,87.4,35,46.6
SKU036,88,2962.48,1.6,0.336,83.2,36,36.6
SKU036,89,2124.84,4.7,0.352,79.1,39,45.0
SKU036,90,2217.7,2.7,0.371,85.5,38,41.1
SKU036,91,2948.94,2.7,0.336,78.4,43,45.5
SKU036,92,3644.01,4.4,0.376,88.2,44,45.8
SKU036,93,1996.34,1.2,0.324,89.0,37,46.8
SKU036,94,2201.15,1.4,0.369,89.1,36,49.6
SKU036,95,2301.53,5.3,0.375,85.8,36,42.4
SKU036,96,3115.09,4.4,0.365,81.9,38,40.4
SKU036,97,1761.06,2.9,0.333,80.1,37,35.5
SKU036,98,3142.15,4.6,0.387,86.6,36,50.1
SKU036,99,2892.63,1.1,0.346,83.6,39,47.0
SKU036,100,2883.06,1.6,0.335,81.7,37,49.7
SKU036,101,2553.57,4.7,0.351,84.1,42,49.7
SKU036,102,1850.58,4.8,0.38,85.8,37,43.6
SKU036,103,2273.74,2.7,0.356,85.5,43,50.1
SKU036,104,3094.71,2.6,0.344,79.7,41,51.5
SKU036,105,2799.0,3.3,0.354,81.5,42,48.1
SKU036,106,2721.52,3.7,0.347,88.4,42,41.2
SKU036,107,3851.08,2.9,0.366,81.5,39,44.1
SKU036,108,2373.73,4.5,0.363,81.8,42,43.6
SKU036,109,3545.42,5.0,0.357,78.8,36,36.7
SKU036,110,2191.06,4.2,0.327,79.0,31,44.2
SKU036,111,1914.65,5.0,0.342,83.1,35,35.7
SKU036,112,3358.6,6.2,0.36,79.6,45,49.4
SKU036,113,2428.56,2.4,0.361,79.2,39,43.6
SKU036,114,2501.75,4.0,0.352,86.2,40,44.5
SKU036,115,3141.5,4.3,0.313,87.0,35,42.6
SKU036,116,1957.96,5.6,0.344,79.3,42,43.7
SKU036,117,4146.93,2.9,0.324,87.6,38,47.9
SKU036,118,4421.12,1.8,0.341,86.9,35,49.1
SKU036,119,2482.63,1.8,0.342,82.1,31,40.9
SKU036,120,2217.83,5.8,0.34,82.0,42,50.1
SKU036,121,4351.36,2.1,0.376,80.4,36,50.8
SKU036,122,2641.36,5.9,0.363,89.1,39,49.3
SKU036,123,3190.47,5.9,0.373,80.1,40,46.6
SKU036,124,4163.94,5.9,0.372,81.1,39,45.9
SKU036,125,3922.69,4.1,0.345,87.6,35,49.4
SKU036,126,4038.79,2.5,0.333,89.8,41,43.7
SKU036,127,2856.89,3.1,0.389,84.1,41,47.6
SKU036,128,4503.76,2.0,0.351,80.0,38,42.6
SKU036,129,2395.69,3.2,0.38,83.2,38,40.4
SKU036,130,2254.46,1.3,0.354,79.1,38,51.1
SKU036,131,3781.76,5.5,0.345,86.2,43,51.1
SKU036,132,4018.05,1.4,0.377,86.0,43,38.4
SKU036,133,2997.68,6.2,0.326,78.4,36,36.4
SKU036,134,3761.51,1.6,0.349,80.7,35,40.3
SKU036,135,4318.74,1.4,0.341,86.4,37,51.5
SKU036,136,2723.55,1.9,0.346,85.5,38,44.2
SKU036,137,2105.18,5.2,0.342,79.7,39,36.3
SKU036,138,3566.47,2.7,0.345,78.9,38,39.5
SKU036,139,2380.0,1.5,0.367,88.1,34,37.1
SKU036,140,2097.68,2.8,0.346,86.7,41,43.7
SKU036,141,4180.76,2.5,0.341,81.8,37,49.0
SKU036,142,3842.91,4.4,0.347,89.2,37,48.9
SKU036,143,3321.31,1.9,0.359,84.9,42,39.3
SKU036,144,4439.87,2.2,0.335,86.7,36,36.5
SKU036,145,4707.45,3.4,0.367,89.5,42,50.3
SKU036,146,4576.92,3.9,0.34,83.0,38,48.8
SKU036,147,4011.25,5.6,0.355,86.4,44,49.0
SKU036,148,3560.21,2.5,0.404,86.6,35,49.8
SKU036,149,3178.6,5.8,0.316,85.7,36,48.4
SKU036,150,3648.76,3.5,0.361,83.7,35,46.9
SKU036,151,4004.46,2.6,0.386,78.7,38,41.6
SKU036,152,4683.91,2.0,0.356,83.7,45,41.5
SKU036,153,3614.84,1.1,0.325,86.3,43,35.8
SKU036,154,4189.85,1.0,0.357,86.7,39,41.6
SKU036,155,3694.7,3.2,0.334,89.3,38,44.0
SKU036,156,2722.99,5.7,0.352,78.5,39,49.9
SKU036,157,2160.69,5.2,0.366,83.9,41,50.7
SKU036,158,4403.08,2.5,0.377,82.5,47,39.9
SKU036,159,4444.52,4.3,0.383,79.8,37,38.6
SKU036,160,3652.82,2.4,0.358,80.5,37,43.4
SKU036,161,2093.4,3.9,0.323,78.9,43,42.2
SKU036,162,4344.13,1.7,0.349,78.0,41,50.4
SKU036,163,4331.68,5.7,0.321,78.3,38,41.9
SKU036,164,4339.01,4.4,0.362,81.0,37,41.7
SKU036,165,3529.28,1.4,0.359,78.4,35,39.6
SKU036,166,3390.88,6.2,0.383,89.3,35,43.1
SKU036,167,3505.23,5.1,0.331,88.5,43,51.5
SKU036,168,3649.41,4.4,0.377,85.0,42,48.1
SKU036,169,3256.06,3.6,0.36,88.6,40,43.5
SKU036,170,2377.45,4.4,0.355,85.5,41,39.0
SKU036,171,3169.63,2.2,0.361,83.3,34,51.6
SKU036,172,2963.81,6.1,0.366,82.7,38,48.9
SKU036,173,2253.36,5.2,0.377,83.4,37,39.1
SKU036,174,3390.74,3.6,0.358,88.0,41,46.2
SKU036,175,3437.0,1.7,0.346,87.8,35,48.1
SKU036,176,3648.2,2.7,0.364,86.9,34,37.3
SKU036,177,2214.68,2.2,0.353,84.8,43,50.6
SKU036,178,3689.49,4.9,0.364,82.0,34,35.6
SKU036,179,3303.56,1.8,0.379,78.7,36,41.5
SKU036,180,2864.29,5.1,0.35,85.3,34,36.7
SKU037,1,583.4,4.7,0.43,67.4,22,39.3
SKU037,2,471.47,3.5,0.447,66.7,24,56.4
SKU037,3,748.18,5.7,0.411,69.2,24,41.3
SKU037,4,464.86,4.2,0.4,64.9,18,48.3
SKU037,5,613.31,1.2,0.422,70.0,22,52.9
SKU037,6,836.41,2.7,0.418,63.9,22,50.3
SKU037,7,695.26,5.9,0.416,67.7,17,46.8
SKU037,8,691.23,3.8,0.433,63.4,20,52.1
SKU037,9,490.43,1.8,0.408,67.0,24,52.9
SKU037,10,752.96,2.2,0.444,75.0,25,56.3
SKU037,11,1076.27,5.3,0.411,69.4,29,49.4
SKU037,12,846.75,5.4,0.402,64.0,20,46.3
SKU037,13,711.03,1.4,0.439,74.6,22,53.3
SKU037,14,740.75,5.9,0.448,67.1,25,45.9
SKU037,15,1066.93,2.2,0.407,68.8,23,56.4
SKU037,16,661.33,3.1,0.433,65.7,21,55.6
SKU037,17,944.51,2.3,0.399,72.6,18,47.3
SKU037,18,725.22,2.5,0.429,72.2,21,44.7
SKU037,19,605.29,4.8,0.423,64.0,22,52.8
SKU037,20,950.93,5.0,0.407,71.0,22,49.0
SKU037,21,985.89,5.2,0.437,67.5,19,49.7
SKU037,22,1025.07,1.3,0.389,71.3,24,46.1
SKU037,23,639.58,3.5,0.424,72.3,23,41.4
SKU037,24,813.81,1.1,0.429,68.1,24,48.2
SKU037,25,737.74,1.5,0.477,69.8,24,51.6
SKU037,26,733.2,5.3,0.403,74.7,22,40.3
SKU037,27,835.48,4.7,0.412,71.0,17,47.5
SKU037,28,911.59,1.3,0.414,68.9,25,47.4
SKU037,29,1153.35,3.5,0.41,71.6,25,52.2
SKU037,30,755.25,2.7,0.412,74.5,19,48.0
SKU037,31,612.51,3.7,0.442,69.7,22,43.8
SKU037,32,795.92,3.9,0.432,66.1,18,54.0
SKU037,33,1025.62,3.4,0.389,66.6,19,42.3
SKU037,34,989.13,2.7,0.449,73.2,24,46.6
SKU037,35,1020.8,2.7,0.412,64.0,26,45.5
SKU037,36,1086.31,6.2,0.409,73.0,21,56.6
SKU037,37,852.11,2.3,0.426,67.7,22,56.5
SKU037,38,706.18,4.7,0.459,65.9,28,42.1
SKU037,39,732.85,3.4,0.433,71.7,23,41.7
SKU037,40,542.79,5.2,0.448,64.4,24,46.7
SKU037,41,1023.2,2.4,0.413,72.4,24,46.0
SKU037,42,1101.46,5.0,0.403,72.7,20,54.7
SKU037,43,943.45,5.0,0.416,64.5,23,51.5
SKU037,44,943.25,4.6,0.404,65.9,18,54.8
SKU037,45,733.94,5.6,0.443,69.0,24,42.6
SKU037,46,866.09,4.9,0.423,64.6,25,45.6
SKU037,47,954.42,3.1,0.411,74.0,21,40.3
SKU037,48,898.6,4.3,0.421,72.0,22,55.5
SKU037,49,551.25,1.1,0.436,64.0,21,49.9
SKU037,50,597.49,4.9,0.447,67.9,27,47.7
SKU037,51,1017.15,2.3,0.414,72.3,21,46.7
SKU037,52,871.07,1.3,0.435,71.4,23,52.2
SKU037,53,1000.77,1.8,0.414,69.2,20,45.2
SKU037,54,1019.09,4.2,0.413,73.0,22,56.9
SKU037,55,1010.3,1.0,0.423,72.9,22,44.8
SKU037,56,571.52,2.8,0.395,73.3,20,50.1
SKU037,57,547.71,5.7,0.44,74.5,19,41.4
SKU037,58,607.92,1.7,0.419,72.9,24,46.9
SKU037,59,813.22,1.1,0.442,71.8,24,52.7
SKU037,60,791.0,4.7,0.398,71.1,21,49.0
SKU037,61,473.62,2.1,0.421,66.8,26,39.7
SKU037,62,572.99,4.9,0.381,74.0,26,48.8
SKU037,63,562.84,1.0,0.406,64.7,22,45.6
SKU037,64,558.59,2.0,0.443,70.2,21,56.0
SKU037,65,549.08,1.6,0.408,71.4,23,49.8
SKU037,66,570.65,4.7,0.429,71.3,22,41.8
SKU037,67,722.81,5.9,0.423,73.3,21,54.5
SKU037,68,936.09,1.9,0.41,71.0,22,53.4
SKU037,69,419.73,4.6,0.41,71.1,25,53.8
SKU037,70,463.91,2.1,0.413,66.8,21,54.8
SKU037,71,875.81,2.1,0.435,64.3,23,45.0
SKU037,72,510.13,4.8,0.387,73.2,24,43.8
SKU037,73,650.18,6.1,0.433,69.1,22,44.2
SKU037,74,507.87,2.0,0.436,65.4,18,41.9
SKU037,75,704.44,5.5,0.421,68.1,18,44.1
SKU037,76,436.25,5.9,0.417,73.2,20,55.8
SKU037,77,593.83,4.6,0.409,65.0,25,41.6
SKU037,78,585.25,2.3,0.444,68.5,17,46.9
SKU037,79,854.17,4.3,0.386,66.7,27,51.7
SKU037,80,694.28,2.0,0.435,70.9,26,51.7
SKU037,81,714.64,5.6,0.425,72.2,19,54.5
SKU037,82,414.42,4.0,0.429,69.9,21,52.5
SKU037,83,632.94,3.4,0.405,66.8,25,44.6
SKU037,84,721.14,2.8,0.407,64.3,22,43.2
SKU037,85,826.65,2.5,0.433,68.4,25,39.7
SKU037,86,583.05,4.8,0.394,66.4,22,40.1
SKU037,87,416.01,3.8,0.441,69.2,22,53.8
SKU037,88,560.14,5.6,0.424,66.5,19,54.9
SKU037,89,717.68,5.5,0.415,65.9,21,51.8
SKU037,90,778.27,2.2,0.396,67.6,20,53.0
SKU037,91,753.76,3.7,0.408,64.4,23,39.9
SKU037,92,880.54,2.0,0.452,65.4,23,53.6
SKU037,93,787.42,6.0,0.412,64.2,23,44.4
SKU037,94,899.31,4.3,0.463,73.6,22,41.2
SKU037,95,505.21,5.7,0.413,72.0,27,50.4
SKU037,96,867.55,6.2,0.43,68.6,22,40.5
SKU037,97,710.22,5.2,0.412,71.2,29,49.0
SKU037,98,598.62,3.8,0.425,73.8,20,54.4
SKU037,99,423.24,5.0,0.441,66.1,20,41.6
SKU037,100,666.48,2.9,0.431,73.2,24,50.1
SKU037,101,948.74,4.5,0.415,70.1,22,51.3
SKU037,102,715.97,5.6,0.436,69.9,26,42.2
SKU037,103,910.14,2.8,0.405,68.1,23,48.1
SKU037,104,743.88,6.0,0.427,67.9,22,52.1
SKU037,105,835.41,3.3,0.428,71.5,27,53.9
SKU037,106,888.2,2.2,0.378,64.0,23,42.8
SKU037,107,797.7,1.6,0.445,69.2,23,42.1
SKU037,108,494.57,2.8,0.438,63.8,22,52.2
SKU037,109,938.64,2.3,0.455,67.0,24,44.6
SKU037,110,585.83,1.9,0.401,64.9,20,55.6
SKU037,111,933.11,5.5,0.428,70.2,22,51.7
SKU037,112,643.3,3.7,0.417,64.1,21,40.4
SKU037,113,811.71,1.1,0.415,65.6,24,56.1
SKU037,114,940.54,4.2,0.439,73.6,19,45.9
SKU037,115,882.39,1.6,0.418,67.2,24,53.7
SKU037,116,718.41,5.3,0.407,63.9,25,54.9
SKU037,117,1006.83,2.6,0.414,72.3,21,46.7
SKU037,118,466.69,4.4,0.437,64.8,20,41.3
SKU037,119,486.13,4.6,0.421,66.3,27,45.5
SKU037,120,878.16,5.7,0.418,69.3,22,50.3
SKU037,121,829.29,2.3,0.426,63.4,22,48.5
SKU037,122,587.92,5.4,0.44,74.2,17,55.4
SKU037,123,1051.85,3.8,0.438,73.7,22,46.7
SKU037,124,598.71,4.3,0.438,73.7,23,47.0
SKU037,125,486.41,1.9,0.419,64.4,18,46.4
SKU037,126,537.24,1.1,0.467,72.2,26,45.5
SKU037,127,744.17,2.7,0.413,72.5,18,56.5
SKU037,128,1058.45,4.8,0.434,72.3,25,45.7
SKU037,129,936.79,5.2,0.436,64.1,20,45.9
SKU037,130,580.15,6.2,0.454,73.8,24,43.7
SKU037,131,1100.11,4.3,0.413,63.7,22,40.2
SKU037,132,1082.72,1.1,0.435,67.8,21,49.0
SKU037,133,659.64,1.6,0.392,68.4,25,51.8
SKU037,134,895.07,6.1,0.438,64.2,22,43.9
SKU037,135,993.74,5.9,0.389,66.8,22,41.0
SKU037,136,961.1,4.1,0.393,71.7,27,51.7
SKU037,137,1083.76,2.7,0.403,73.8,21,44.1
SKU037,138,578.21,5.6,0.413,70.2,12,56.1
SKU037,139,562.72,3.1,0.455,73.4,26,49.3
SKU037,140,592.69,3.1,0.423,70.6,23,41.7
SKU037,141,632.49,5.7,0.419,65.7,19,49.4
SKU037,142,976.85,5.4,0.409,74.0,27,46.7
SKU037,143,906.18,5.5,0.425,71.7,26,48.3
SKU037,144,715.38,4.1,0.432,66.6,18,52.3
SKU037,145,1023.17,4.8,0.473,67.0,22,56.7
SKU037,146,1082.42,5.7,0.434,67.7,20,46.6
SKU037,147,1073.16,4.7,0.405,65.1,20,46.3
SKU037,148,560.4,4.1,0.427,72.4,22,40.4
SKU037,149,1013.74,5.7,0.448,72.5,24,45.6
SKU037,150,1066.53,3.0,0.408,72.5,26,40.8
SKU037,151,850.62,6.1,0.457,72.2,21,48.7
SKU037,152,914.76,5.2,0.435,71.5,25,54.8
SKU037,153,705.15,3.1,0.439,64.9,23,51.6
SKU037,154,629.25,4.2,0.417,70.9,19,48.8
SKU037,155,976.3,2.6,0.439,71.3,21,44.1
SKU037,156,1041.46,3.6,0.44,65.5,26,51.0
SKU037,157,930.35,3.9,0.439,73.8,25,48.9
SKU037,158,766.15,2.6,0.424,64.0,19,54.0
SKU037,159,612.18,5.8,0.451,69.4,17,51.9
SKU037,160,678.48,5.8,0.429,71.0,24,46.0
SKU037,161,493.38,1.7,0.418,66.6,25,56.0
SKU037,162,907.4,2.1,0.47,74.3,21,39.4
SKU037,163,532.28,3.9,0.433,67.3,20,47.5
SKU037,164,537.09,3.8,0.403,69.2,16,45.4
SKU037,165,927.18,1.6,0.426,63.8,26,56.8
SKU037,166,853.83,5.8,0.406,72.5,21,46.5
SKU037,167,755.85,1.1,0.432,67.8,23,46.6
SKU037,168,806.72,2.4,0.457,67.6,22,46.2
SKU037,169,612.32,1.6,0.429,65.1,22,41.5
SKU037,170,909.16,1.5,0.413,71.7,27,45.6
SKU037,171,713.18,5.2,0.416,64.7,19,49.8
SKU037,172,558.05,2.1,0.421,63.5,21,42.8
SKU037,173,589.72,1.9,0.433,74.1,27,49.0
SKU037,174,652.31,3.2,0.419,74.2,21,55.2
SKU037,175,650.11,6.0,0.443,64.2,24,50.2
SKU037,176,734.32,3.6,0.444,66.8,24,50.8
SKU037,177,752.27,6.3,0.421,64.9,25,50.2
SKU037,178,912.77,2.9,0.395,63.5,24,40.0
SKU037,179,550.63,1.1,0.462,65.1,17,46.4
SKU037,180,829.99,2.9,0.399,72.6,24,54.5
SKU038,1,817.13,1.6,0.412,67.5,16,40.1
SKU038,2,1412.75,5.8,0.369,67.5,19,54.2
SKU038,3,1283.28,5.1,0.375,75.9,22,41.2
SKU038,4,1311.76,4.6,0.38,69.3,16,45.7
SKU038,5,902.91,6.0,0.371,74.0,19,48.3
SKU038,6,1649.83,5.2,0.36,74.8,19,51.4
SKU038,7,1688.94,1.8,0.37,69.4,22,48.2
SKU038,8,1126.45,4.0,0.393,76.7,14,41.2
SKU038,9,1283.76,5.3,0.402,75.2,21,41.1
SKU038,10,1594.58,5.2,0.376,66.8,20,50.6
SKU038,11,1721.53,3.1,0.35,68.0,13,41.6
SKU038,12,1519.99,1.4,0.394,70.5,20,51.2
SKU038,13,1289.42,6.3,0.394,77.1,17,44.1
SKU038,14,1718.02,6.9,0.416,70.5,22,44.6
SKU038,15,1147.51,6.3,0.375,67.2,19,40.1
SKU038,16,901.71,4.0,0.403,67.7,15,56.2
SKU038,17,1270.57,5.8,0.361,76.3,16,47.3
SKU038,18,1447.96,2.4,0.37,71.9,19,44.3
SKU038,19,1521.58,7.2,0.39,69.5,18,48.8
SKU038,20,1517.72,2.8,0.374,73.8,21,54.2
SKU038,21,1079.93,4.9,0.411,67.1,19,55.3
SKU038,22,1961.37,6.3,0.377,77.0,23,40.1
SKU038,23,1705.4,5.7,0.38,66.4,17,51.6
SKU038,24,1038.58,5.7,0.403,71.2,14,55.0
SKU038,25,1169.33,2.4,0.391,69.2,20,40.0
SKU038,26,1942.27,2.3,0.39,68.8,21,47.0
SKU038,27,1398.04,2.1,0.371,69.3,14,45.1
SKU038,28,1560.0,3.7,0.384,72.9,18,39.0
SKU038,29,1502.26,3.4,0.358,71.9,17,56.0
SKU038,30,1120.5,2.1,0.363,67.2,17,50.6
SKU038,31,1190.55,3.6,0.407,77.6,16,51.2
SKU038,32,1443.31,6.6,0.386,76.2,17,40.1
SKU038,33,1602.64,1.3,0.433,77.1,19,48.0
SKU038,34,1469.63,1.4,0.369,69.3,23,50.7
SKU038,35,1531.37,4.8,0.381,73.3,11,41.9
SKU038,36,1496.85,6.7,0.386,67.7,21,52.0
SKU038,37,1254.3,1.9,0.384,77.4,17,42.0
SKU038,38,1470.55,3.1,0.384,77.5,18,55.8
SKU038,39,1767.55,1.5,0.377,76.1,19,41.6
SKU038,40,1534.35,1.4,0.385,72.0,17,50.6
SKU038,41,883.3,1.3,0.358,75.7,20,52.9
SKU038,42,995.42,2.3,0.404,73.4,18,53.1
SKU038,43,1264.37,4.0,0.366,76.6,20,38.7
SKU038,44,1777.28,2.3,0.379,68.3,27,49.4
SKU038,45,1003.02,5.4,0.374,67.0,20,43.9
SKU038,46,1385.36,4.6,0.388,76.9,18,43.7
SKU038,47,1823.57,7.2,0.372,69.0,15,54.9
SKU038,48,1019.48,2.3,0.379,73.5,16,55.3
SKU038,49,1138.07,2.6,0.35,77.3,19,39.4
SKU038,50,1677.79,2.8,0.364,73.4,14,39.4
SKU038,51,955.29,5.6,0.379,68.7,14,39.6
SKU038,52,1501.36,1.1,0.368,74.7,21,44.0
SKU038,53,1739.63,3.0,0.418,73.4,18,54.2
SKU038,54,1152.08,4.3,0.375,68.3,21,54.6
SKU038,55,811.7,1.5,0.39,76.3,18,56.4
SKU038,56,944.88,6.3,0.393,66.3,21,50.0
SKU038,57,965.6,5.5,0.378,66.4,20,48.3
SKU038,58,1473.08,6.1,0.375,75.8,19,48.3
SKU038,59,1465.42,2.4,0.39,75.8,20,56.1
SKU038,60,1626.78,1.1,0.394,70.3,17,42.0
SKU038,61,1712.65,1.5,0.383,71.0,15,38.8
SKU038,62,1657.47,5.5,0.376,71.4,26,47.6
SKU038,63,900.37,3.7,0.363,66.8,19,56.2
SKU038,64,1037.75,5.1,0.378,65.8,17,55.4
SKU038,65,1418.22,5.3,0.401,75.9,18,54.9
SKU038,66,1456.37,1.5,0.355,68.1,18,44.6
SKU038,67,1251.52,2.1,0.377,74.8,17,55.1
SKU038,68,882.01,5.6,0.376,68.4,21,43.3
SKU038,69,1542.71,3.4,0.408,72.6,19,48.1
SKU038,70,876.88,3.2,0.401,71.2,20,51.9
SKU038,71,1314.06,4.4,0.355,76.1,15,39.3
SKU038,72,826.03,1.3,0.36,71.6,17,39.5
SKU038,73,789.33,6.2,0.394,74.4,19,45.2
SKU038,74,1141.25,6.3,0.411,69.7,21,56.0
SKU038,75,1123.56,2.4,0.372,66.3,20,47.7
SKU038,76,986.98,1.6,0.377,69.3,17,47.6
SKU038,77,1090.34,3.3,0.384,73.4,22,42.5
SKU038,78,1231.08,6.2,0.378,68.1,26,45.1
SKU038,79,1563.23,4.0,0.403,75.3,24,50.3
SKU038,80,841.76,5.4,0.409,68.1,11,47.2
SKU038,81,1120.53,5.9,0.395,73.8,16,44.0
SKU038,82,762.35,2.0,0.378,70.3,19,50.0
SKU038,83,1057.66,1.8,0.363,73.5,16,48.0
SKU038,84,917.09,4.0,0.384,70.5,19,52.8
SKU038,85,821.71,1.2,0.404,67.3,19,51.9
SKU038,86,1077.25,5.8,0.358,75.8,21,41.8
SKU038,87,1338.4,3.0,0.38,68.4,21,48.7
SKU038,88,766.05,3.4,0.39,74.0,20,45.5
SKU038,89,1061.29,2.3,0.388,69.5,15,39.9
SKU038,90,858.0,3.5,0.41,69.0,16,42.2
SKU038,91,833.24,1.5,0.385,76.1,16,47.5
SKU038,92,1261.4,4.6,0.398,70.5,16,50.4
SKU038,93,839.32,2.3,0.39,73.5,15,39.9
SKU038,94,1173.83,3.6,0.371,70.7,18,46.3
SKU038,95,738.23,1.9,0.387,71.0,17,48.6
SKU038,96,1110.09,2.7,0.39,68.7,19,44.6
SKU038,97,1020.93,7.1,0.394,67.8,17,43.1
SKU038,98,1049.78,2.2,0.375,68.9,17,41.7
SKU038,99,1145.86,5.8,0.394,77.0,16,43.2
SKU038,100,786.02,5.5,0.395,73.6,20,54.5
SKU038,101,1198.49,6.3,0.394,76.7,16,41.2
SKU038,102,1457.95,3.2,0.392,66.2,19,44.3
SKU038,103,1182.4,5.4,0.382,75.8,21,43.3
SKU038,104,1147.91,3.5,0.38,76.1,20,45.2
SKU038,105,1633.17,4.9,0.405,68.9,15,50.4
SKU038,106,1549.81,6.0,0.373,73.8,18,43.9
SKU038,107,799.43,3.9,0.381,72.2,18,49.9
SKU038,108,934.49,7.1,0.363,76.9,9,42.9
SKU038,109,1336.92,4.1,0.35,72.9,13,49.8
SKU038,110,1432.13,6.7,0.356,76.4,16,44.0
SKU038,111,952.95,3.9,0.411,77.2,20,51.7
SKU038,112,1731.78,7.1,0.36,75.7,21,49.9
SKU038,113,1095.08,3.9,0.388,74.3,18,53.3
SKU038,114,1592.35,2.6,0.347,67.0,21,43.4
SKU038,115,1300.44,1.5,0.386,66.4,20,47.1
SKU038,116,1223.95,5.0,0.378,76.3,21,46.6
SKU038,117,1388.16,4.7,0.4,67.6,15,49.6
SKU038,118,1671.4,2.7,0.386,67.5,19,48.3
SKU038,119,1106.85,7.2,0.368,66.4,18,52.0
SKU038,120,1145.09,4.6,0.345,66.3,17,53.2
SKU038,121,1785.18,4.9,0.38,68.3,20,55.2
SKU038,122,1705.9,5.9,0.387,72.1,24,39.6
SKU038,123,1142.59,4.3,0.394,69.4,21,45.9
SKU038,124,1007.99,1.8,0.403,70.3,21,51.2
SKU038,125,1725.69,3.3,0.401,73.6,19,56.3
SKU038,126,1328.5,2.0,0.367,76.0,19,54.4
SKU038,127,1160.42,1.1,0.391,73.7,13,40.6
SKU038,128,1429.98,5.9,0.383,69.1,16,39.3
SKU038,129,1844.84,1.3,0.37,76.5,24,51.8
SKU038,130,1249.58,3.8,0.395,71.6,18,47.6
SKU038,131,1578.77,5.2,0.403,65.9,19,40.5
SKU038,132,1486.31,1.2,0.385,67.8,19,49.2
SKU038,133,1160.22,2.9,0.39,66.1,20,52.3
SKU038,134,1294.34,4.4,0.366,72.0,22,45.6
SKU038,135,1256.75,1.2,0.406,71.4,16,48.2
SKU038,136,1604.1,6.4,0.362,67.1,20,52.7
SKU038,137,988.94,1.5,0.35,69.9,25,43.8
SKU038,138,1597.0,1.7,0.425,66.4,18,40.1
SKU038,139,1536.56,5.4,0.389,68.7,18,47.9
SKU038,140,1922.71,5.0,0.402,73.5,20,52.0
SKU038,141,1494.1,5.6,0.4,68.6,13,48.2
SKU038,142,1304.69,4.5,0.354,71.0,20,41.3
SKU038,143,1784.04,3.2,0.387,77.0,24,40.6
SKU038,144,1622.63,5.2,0.388,69.5,22,50.4
SKU038,145,1753.92,6.4,0.377,66.3,18,39.7
SKU038,146,1457.65,1.6,0.37,77.1,20,56.0
SKU038,147,1515.27,3.5,0.384,69.2,18,45.7
SKU038,148,1616.01,3.0,0.358,66.5,22,43.9
SKU038,149,1228.19,2.1,0.39,76.2,17,46.4
SKU038,150,993.32,4.6,0.362,72.9,20,41.7
SKU038,151,1435.36,4.4,0.399,69.7,19,55.3
SKU038,152,1224.52,2.6,0.406,70.3,12,53.1
SKU038,153,965.58,1.8,0.402,67.4,16,42.0
SKU038,154,1286.68,5.9,0.4,73.5,20,54.2
SKU038,155,1191.97,3.9,0.374,71.1,18,45.3
SKU038,156,1138.84,6.6,0.374,72.1,23,49.5
SKU038,157,1926.34,4.4,0.381,76.3,21,54.8
SKU038,158,1180.05,5.3,0.413,71.0,13,51.1
SKU038,159,1489.84,6.8,0.399,76.6,17,49.9
SKU038,160,1147.45,2.5,0.392,69.5,20,54.1
SKU038,161,1142.7,1.6,0.417,75.6,15,48.2
SKU038,162,1435.7,5.6,0.351,69.7,18,54.2
SKU038,163,896.73,5.4,0.386,70.7,15,49.9
SKU038,164,1547.35,6.5,0.391,77.2,19,54.9
SKU038,165,1612.0,5.7,0.418,72.1,21,47.1
SKU038,166,1262.91,6.1,0.374,75.9,16,48.1
SKU038,167,1773.95,3.7,0.403,68.0,21,55.6
SKU038,168,1651.48,6.3,0.381,75.7,19,46.4
SKU038,169,1282.31,6.7,0.352,73.1,16,51.2
SKU038,170,1010.86,2.2,0.393,74.4,18,53.9
SKU038,171,1644.55,3.0,0.37,74.7,23,47.3
SKU038,172,1225.88,4.3,0.36,68.3,14,50.1
SKU038,173,985.12,3.3,0.364,66.1,19,55.4
SKU038,174,1022.75,1.1,0.4,71.6,20,42.5
SKU038,175,1487.0,5.2,0.36,68.8,19,42.2
SKU038,176,1044.18,6.8,0.385,73.4,20,40.5
SKU038,177,1348.94,3.1,0.387,66.7,17,56.0
SKU038,178,1021.07,7.0,0.36,68.8,20,49.6
SKU038,179,917.06,4.4,0.366,71.1,16,42.6
SKU038,180,869.53,3.4,0.364,68.8,19,53.5
SKU039,1,2185.23,4.9,0.409,80.7,18,52.2
SKU039,2,2218.0,1.6,0.434,81.2,23,41.6
SKU039,3,1402.77,2.2,0.398,86.7,18,56.9
SKU039,4,1356.96,2.4,0.404,77.8,17,45.4
SKU039,5,2456.11,5.4,0.424,77.4,14,46.0
SKU039,6,2059.53,4.5,0.449,84.5,18,44.3
SKU039,7,1302.59,4.7,0.422,78.3,17,56.4
SKU039,8,1186.84,1.0,0.43,80.8,17,54.6
SKU039,9,1506.98,6.1,0.429,76.0,18,49.5
SKU039,10,1648.2,1.3,0.444,76.5,21,45.6
SKU039,11,2111.4,3.0,0.421,86.1,11,50.2
SKU039,12,2368.81,4.0,0.416,82.1,16,43.9
SKU039,13,2207.45,5.2,0.396,80.0,13,47.3
SKU039,14,2566.9,3.2,0.434,83.1,20,43.2
SKU039,15,1798.76,3.8,0.446,81.9,22,39.1
SKU039,16,2019.99,3.4,0.424,76.3,16,55.5
SKU039,17,1980.08,4.3,0.46,83.0,15,54.9
SKU039,18,1750.24,2.4,0.428,81.2,22,42.4
SKU039,19,1780.97,3.7,0.388,81.6,20,41.0
SKU039,20,2577.05,6.1,0.427,85.3,13,42.5
SKU039,21,2340.86,2.4,0.41,83.6,17,44.4
SKU039,22,2515.02,3.5,0.415,82.9,18,44.1
SKU039,23,2162.71,4.1,0.419,79.3,22,55.1
SKU039,24,2416.32,1.2,0.445,77.9,21,43.0
SKU039,25,2702.44,5.5,0.409,83.6,16,45.2
SKU039,26,1598.86,3.7,0.444,86.1,20,55.5
SKU039,27,1466.21,3.9,0.384,82.2,22,41.4
SKU039,28,2617.41,3.2,0.42,83.4,17,39.6
SKU039,29,1781.03,1.2,0.423,80.9,17,40.2
SKU039,30,2294.14,4.8,0.408,87.8,15,56.6
SKU039,31,2207.2,4.4,0.437,77.3,19,45.8
SKU039,32,2627.13,4.8,0.407,83.8,15,41.6
SKU039,33,2097.24,1.3,0.46,78.8,20,55.0
SKU039,34,1257.41,5.2,0.403,77.9,17,56.1
SKU039,35,1862.93,4.6,0.4,78.3,15,39.3
SKU039,36,1394.42,2.5,0.397,77.4,16,51.3
SKU039,37,1639.58,2.4,0.439,83.6,15,47.6
SKU039,38,1679.71,6.0,0.449,77.5,19,52.2
SKU039,39,1729.28,4.8,0.448,78.2,26,54.4
SKU039,40,1855.38,6.1,0.435,81.2,14,41.4
SKU039,41,2224.37,3.9,0.412,80.4,21,48.2
SKU039,42,1588.41,5.3,0.429,84.8,15,55.5
SKU039,43,2430.38,4.0,0.422,76.7,17,52.6
SKU039,44,1526.87,2.5,0.434,77.5,17,54.8
SKU039,45,1336.94,2.3,0.409,87.5,16,46.8
SKU039,46,2273.89,5.5,0.421,76.7,21,49.0
SKU039,47,1390.41,2.6,0.44,81.2,17,53.9
SKU039,48,2299.16,4.4,0.428,80.6,19,46.3
SKU039,49,1617.85,1.2,0.379,87.7,19,46.0
SKU039,50,1323.83,3.3,0.426,80.2,18,47.2
SKU039,51,1190.98,2.3,0.448,79.4,17,49.2
SKU039,52,1445.38,5.0,0.418,83.1,14,55.7
SKU039,53,1546.42,1.5,0.419,85.8,15,52.3
SKU039,54,1848.5,2.2,0.45,84.0,20,50.7
SKU039,55,1884.46,2.4,0.443,84.3,15,41.2
SKU039,56,2115.83,5.2,0.419,86.4,9,42.0
SKU039,57,2265.75,1.2,0.403,85.4,19,56.9
SKU039,58,2194.71,1.6,0.421,81.2,14,45.2
SKU039,59,1171.17,3.5,0.433,79.8,16,48.9
SKU039,60,1423.38,1.2,0.431,81.9,20,56.6
SKU039,61,2207.73,4.1,0.45,76.1,23,42.7
SKU039,62,1681.05,2.1,0.45,82.5,20,42.9
SKU039,63,1834.6,2.9,0.434,77.1,18,39.5
SKU039,64,2314.07,3.3,0.424,85.7,16,56.9
SKU039,65,2020.07,4.0,0.425,78.4,15,41.5
SKU039,66,1570.37,5.2,0.415,85.5,18,56.7
SKU039,67,1701.62,3.6,0.4,82.9,21,39.1
SKU039,68,2038.74,5.5,0.403,76.1,18,53.9
SKU039,69,1441.03,3.1,0.407,84.7,20,41.7
SKU039,70,1381.52,3.8,0.418,80.7,20,42.6
SKU039,71,1733.7,2.6,0.443,87.7,18,54.0
SKU039,72,1010.46,4.2,0.41,84.0,17,52.4
SKU039,73,1931.49,2.3,0.431,76.7,21,40.7
SKU039,74,1924.81,5.8,0.442,76.3,23,53.8
SKU039,75,1473.09,4.6,0.418,81.4,20,40.9
SKU039,76,1225.11,2.2,0.429,78.0,18,46.3
SKU039,77,1179.45,3.7,0.395,82.8,21,41.9
SKU039,78,952.11,3.4,0.433,80.6,19,53.7
SKU039,79,1461.85,3.8,0.423,85.2,20,51.3
SKU039,80,1734.91,3.6,0.441,82.9,13,46.3
SKU039,81,1891.06,5.9,0.425,81.6,25,52.9
SKU039,82,1527.18,2.7,0.435,78.3,21,39.7
SKU039,83,1479.93,2.0,0.419,76.4,14,43.1
SKU039,84,1945.5,6.1,0.433,77.0,16,42.1
SKU039,85,1975.88,4.1,0.419,77.9,18,40.7
SKU039,86,2059.53,2.2,0.441,85.2,17,41.6
SKU039,87,1562.26,5.2,0.446,76.8,14,40.6
SKU039,88,1913.01,2.8,0.417,87.2,19,53.2
SKU039,89,1014.29,3.8,0.415,80.8,20,46.2
SKU039,90,2101.35,4.8,0.435,81.1,14,46.4
SKU039,91,1074.18,5.7,0.429,79.5,9,47.8
SKU039,92,1970.72,6.1,0.437,78.5,16,40.2
SKU039,93,1434.94,5.2,0.435,80.2,13,44.8
SKU039,94,1711.45,4.2,0.43,85.4,19,41.1
SKU039,95,1130.1,5.9,0.399,85.6,17,50.0
SKU039,96,1018.42,4.6,0.416,87.0,21,56.7
SKU039,97,1138.66,5.3,0.421,87.2,17,46.7
SKU039,98,2185.54,2.3,0.428,85.3,17,39.4
SKU039,99,1119.09,2.4,0.437,86.7,19,55.1
SKU039,100,1161.24,4.4,0.41,82.3,17,43.1
SKU039,101,1745.16,3.6,0.444,83.5,20,51.7
SKU039,102,2057.82,6.2,0.429,86.8,20,54.9
SKU039,103,1200.92,2.2,0.418,83.4,21,41.7
SKU039,104,2170.66,4.5,0.402,80.1,19,56.7
SKU039,105,1827.05,3.9,0.424,77.0,14,41.4
SKU039,106,1489.89,4.0,0.441,84.3,22,54.2
SKU039,107,1785.76,3.4,0.433,86.8,18,44.5
SKU039,108,1278.87,5.7,0.441,87.1,16,50.4
SKU039,109,1253.31,1.7,0.427,86.2,14,47.5
SKU039,110,1941.59,3.1,0.445,80.8,17,55.2
SKU039,111,1674.39,2.4,0.416,84.4,20,44.5
SKU039,112,1747.54,3.9,0.437,76.8,18,49.2
SKU039,113,1577.54,4.8,0.424,79.5,16,41.4
SKU039,114,1904.99,1.5,0.433,84.9,18,53.6
SKU039,115,1384.39,5.6,0.409,81.7,16,41.7
SKU039,116,1262.27,6.3,0.429,76.6,12,46.2
SKU039,117,1385.82,5.1,0.426,87.5,18,52.1
SKU039,118,1986.39,3.2,0.419,83.8,15,50.4
SKU039,119,1540.71,1.2,0.401,82.9,17,45.1
SKU039,120,1328.24,1.4,0.439,84.5,19,54.5
SKU039,121,1141.79,2.7,0.424,76.8,20,43.0
SKU039,122,2189.97,4.1,0.39,75.9,18,44.6
SKU039,123,2110.91,2.6,0.418,84.3,17,39.9
SKU039,124,1447.92,1.3,0.409,76.6,20,52.2
SKU039,125,1244.25,4.2,0.471,80.0,21,46.7
SKU039,126,2539.19,4.6,0.427,78.5,19,44.1
SKU039,127,1463.47,2.9,0.411,87.0,18,52.9
SKU039,128,1508.68,2.0,0.431,79.8,17,43.8
SKU039,129,1604.0,3.2,0.448,83.3,10,41.1
SKU039,130,2428.08,6.1,0.435,85.6,18,44.7
SKU039,131,2197.39,4.9,0.413,81.9,16,56.5
SKU039,132,1472.06,4.5,0.419,83.2,19,39.3
SKU039,133,2317.42,1.6,0.44,76.7,18,39.9
SKU039,134,1986.24,2.6,0.418,81.0,12,50.2
SKU039,135,2680.75,4.4,0.411,87.0,23,54.9
SKU039,136,1994.25,1.9,0.407,79.9,21,46.4
SKU039,137,1494.6,2.0,0.439,79.8,17,39.1
SKU039,138,1951.83,6.2,0.396,84.7,21,39.9
SKU039,139,2647.7,1.7,0.426,86.3,19,50.5
SKU039,140,1444.83,3.6,0.42,86.3,14,40.5
SKU039,141,2664.32,3.6,0.439,86.5,13,51.4
SKU039,142,2608.5,4.0,0.439,78.5,19,47.6
SKU039,143,2362.91,2.7,0.428,79.8,20,51.6
SKU039,144,2522.84,3.6,0.394,86.9,18,43.2
SKU039,145,1279.28,5.6,0.425,81.1,19,42.1
SKU039,146,2280.25,3.0,0.404,87.6,15,47.0
SKU039,147,2430.48,6.1,0.446,81.2,22,42.7
SKU039,148,2189.44,1.1,0.415,78.4,17,39.3
SKU039,149,1983.0,4.0,0.423,77.1,13,39.8
SKU039,150,1939.27,2.4,0.44,78.9,25,44.5
SKU039,151,2008.11,2.4,0.461,84.8,15,39.2
SKU039,152,1802.42,2.9,0.449,82.9,17,40.3
SKU039,153,2437.44,4.4,0.419,82.4,17,50.3
SKU039,154,2258.01,5.4,0.437,81.9,15,40.9
SKU039,155,1584.46,1.0,0.43,80.0,17,54.6
SKU039,156,2066.97,2.2,0.415,76.2,20,53.8
SKU039,157,1693.7,2.3,0.447,87.1,20,54.9
SKU039,158,1853.11,4.6,0.432,83.1,14,48.4
SKU039,159,1553.99,3.7,0.438,77.9,25,54.0
SKU039,160,1152.33,1.9,0.413,77.8,20,41.4
SKU039,161,2251.5,3.6,0.428,86.8,16,50.3
SKU039,162,1703.72,6.0,0.425,79.0,17,49.9
SKU039,163,2110.76,2.8,0.435,85.0,17,40.0
SKU039,164,1472.52,4.4,0.443,79.2,16,40.3
SKU039,165,1749.7,3.3,0.436,76.7,13,51.0
SKU039,166,2384.43,1.7,0.397,76.1,17,51.0
SKU039,167,2379.45,2.3,0.423,84.8,17,55.4
SKU039,168,2352.36,2.0,0.425,85.9,18,54.1
SKU039,169,1164.16,4.9,0.409,78.0,15,52.7
SKU039,170,2375.77,5.6,0.452,80.3,17,55.9
SKU039,171,1830.46,3.4,0.446,78.5,18,47.2
SKU039,172,1689.34,4.0,0.429,82.0,21,44.2
SKU039,173,1600.75,2.3,0.393,79.6,11,53.4
SKU039,174,1954.6,4.9,0.456,83.9,18,50.2
SKU039,175,1723.97,4.5,0.424,80.5,14,45.7
SKU039,176,2222.4,2.7,0.412,76.2,21,55.1
SKU039,177,1596.2,4.1,0.429,81.3,17,42.5
SKU039,178,2054.51,5.6,0.431,82.0,15,54.8
SKU039,179,1539.82,2.1,0.401,80.1,19,50.1
SKU039,180,1691.29,2.5,0.408,78.3,20,42.3
SKU040,1,546.49,1.1,0.386,78.6,29,50.3
SKU040,2,490.76,3.4,0.405,69.8,27,64.5
SKU040,3,537.91,4.1,0.401,71.3,32,54.6
SKU040,4,952.58,3.2,0.42,69.9,24,58.4
SKU040,5,949.13,4.1,0.45,74.7,28,53.0
SKU040,6,952.93,1.1,0.407,69.6,26,56.0
SKU040,7,973.3,5.4,0.407,73.5,23,64.1
SKU040,8,687.67,5.0,0.425,75.2,21,59.3
SKU040,9,463.8,1.1,0.414,70.3,25,66.0
SKU040,10,817.66,3.2,0.421,68.4,25,47.9
SKU040,11,773.38,2.6,0.422,77.2,29,45.6
SKU040,12,995.43,1.1,0.392,71.0,24,51.9
SKU040,13,973.49,1.6,0.422,77.0,26,56.1
SKU040,14,552.18,4.1,0.393,78.1,28,51.9
SKU040,15,863.19,3.2,0.414,75.5,22,61.2
SKU040,16,686.01,1.2,0.437,77.8,23,51.2
SKU040,17,557.45,3.5,0.419,79.1,25,56.9
SKU040,18,721.33,2.0,0.435,70.6,29,61.0
SKU040,19,675.64,1.9,0.401,70.6,22,61.2
SKU040,20,1008.36,5.1,0.389,75.1,24,61.4
SKU040,21,530.65,4.4,0.391,76.2,24,55.3
SKU040,22,677.36,4.5,0.415,69.9,27,60.6
SKU040,23,847.2,4.8,0.424,72.7,24,46.7
SKU040,24,1007.81,4.2,0.424,68.9,29,62.7
SKU040,25,629.54,3.2,0.397,78.4,29,54.8
SKU040,26,1019.19,0.9,0.447,76.8,24,46.0
SKU040,27,588.44,1.1,0.391,70.7,25,59.6
SKU040,28,1019.85,3.7,0.413,75.6,26,56.3
SKU040,29,678.47,2.9,0.432,77.4,25,45.7
SKU040,30,601.39,2.0,0.419,78.6,24,46.9
SKU040,31,668.13,5.0,0.422,77.1,23,53.3
SKU040,32,945.8,2.3,0.431,68.6,28,55.8
SKU040,33,719.32,1.4,0.428,72.4,25,61.7
SKU040,34,1035.92,2.0,0.408,72.2,27,54.1
SKU040,35,483.44,1.7,0.398,72.6,24,46.9
SKU040,36,802.79,2.5,0.448,74.1,25,56.5
SKU040,37,838.72,3.5,0.43,76.2,29,52.2
SKU040,38,656.19,3.6,0.43,71.8,27,63.4
SKU040,39,873.69,1.9,0.395,70.9,28,62.5
SKU040,40,823.1,1.3,0.41,77.3,26,62.9
SKU040,41,505.45,2.1,0.42,70.9,27,52.9
SKU040,42,858.64,2.7,0.404,76.3,30,55.9
SKU040,43,774.21,1.0,0.436,72.9,28,54.6
SKU040,44,770.45,3.5,0.403,78.0,25,65.8
SKU040,45,800.63,5.5,0.418,75.8,21,65.3
SKU040,46,874.64,3.7,0.378,72.6,31,65.3
SKU040,47,434.6,4.6,0.401,73.8,32,66.0
SKU040,48,451.17,5.5,0.404,75.9,21,59.9
SKU040,49,707.4,4.5,0.391,74.3,26,64.1
SKU040,50,801.99,4.5,0.424,68.8,22,47.5
SKU040,51,485.54,2.5,0.385,74.2,23,51.8
SKU040,52,902.72,4.7,0.404,71.1,27,64.5
SKU040,53,819.42,4.4,0.424,74.9,29,48.1
SKU040,54,556.13,1.1,0.394,79.2,25,51.7
SKU040,55,705.09,1.0,0.436,67.8,28,54.4
SKU040,56,640.92,4.2,0.389,78.3,29,54.0
SKU040,57,795.33,2.0,0.399,68.8,26,50.7
SKU040,58,663.17,2.5,0.432,78.7,30,51.3
SKU040,59,423.92,5.1,0.404,75.1,24,48.3
SKU040,60,601.64,2.6,0.426,77.8,24,51.1
SKU040,61,727.25,3.8,0.426,78.2,26,50.3
SKU040,62,593.31,4.0,0.392,76.0,21,53.7
SKU040,63,438.3,3.9,0.421,68.5,26,49.7
SKU040,64,839.44,1.4,0.438,78.7,21,64.3
SKU040,65,512.63,3.1,0.402,75.0,31,64.8
SKU040,66,447.63,2.7,0.36,73.0,31,53.2
SKU040,67,498.81,2.9,0.418,78.8,33,64.5
SKU040,68,558.27,4.6,0.406,76.9,27,54.3
SKU040,69,678.19,2.0,0.392,78.3,30,60.9
SKU040,70,465.74,1.3,0.401,75.3,31,63.5
SKU040,71,413.6,3.8,0.432,76.6,22,45.6
SKU040,72,594.87,5.5,0.424,73.3,24,59.3
SKU040,73,656.14,1.3,0.408,72.3,26,51.5
SKU040,74,589.17,1.5,0.454,74.5,22,49.4
SKU040,75,770.43,1.7,0.411,68.5,26,55.4
SKU040,76,690.62,1.7,0.416,72.0,27,50.9
SKU040,77,541.66,4.2,0.427,68.1,30,54.3
SKU040,78,365.25,3.6,0.419,78.1,22,60.4
SKU040,79,584.16,4.5,0.407,72.2,28,45.4
SKU040,80,786.35,2.9,0.411,69.4,29,58.1
SKU040,81,812.94,1.8,0.397,73.6,24,63.7
SKU040,82,533.55,3.2,0.413,75.7,25,49.7
SKU040,83,696.06,5.2,0.394,79.3,31,60.4
SKU040,84,426.96,5.3,0.414,73.9,28,52.2
SKU040,85,439.28,2.2,0.438,77.2,25,55.3
SKU040,86,715.77,2.6,0.392,79.4,28,64.9
SKU040,87,406.65,1.4,0.381,76.1,30,52.7
SKU040,88,459.14,4.6,0.41,72.1,24,47.1
SKU040,89,508.87,5.5,0.424,67.5,24,53.4
SKU040,90,687.74,5.3,0.418,68.5,24,53.0
SKU040,91,725.0,0.9,0.431,75.2,29,54.9
SKU040,92,767.95,2.2,0.399,77.8,26,60.4
SKU040,93,504.71,4.2,0.397,78.7,22,62.0
SKU040,94,605.13,3.6,0.441,75.8,29,47.3
SKU040,95,402.68,3.5,0.436,75.7,26,64.9
SKU040,96,441.69,2.7,0.411,70.0,26,65.8
SKU040,97,763.02,3.7,0.392,77.0,28,50.8
SKU040,98,410.92,5.3,0.413,78.2,30,56.3
SKU040,99,742.77,5.3,0.425,73.6,24,59.9
SKU040,100,688.34,1.2,0.418,79.3,27,65.3
SKU040,101,486.9,4.6,0.413,71.7,25,60.7
SKU040,102,474.21,2.1,0.431,71.2,24,51.3
SKU040,103,855.89,3.4,0.417,77.6,30,65.2
SKU040,104,410.28,4.1,0.412,74.6,26,56.3
SKU040,105,762.46,5.1,0.398,78.8,27,48.1
SKU040,106,862.21,3.1,0.424,78.0,23,52.2
SKU040,107,429.61,5.3,0.408,74.8,30,51.7
SKU040,108,838.43,4.7,0.411,77.9,27,65.9
SKU040,109,644.97,0.9,0.392,76.5,30,62.3
SKU040,110,408.32,4.6,0.403,70.9,27,48.8
SKU040,111,414.73,3.8,0.404,68.5,23,50.8
SKU040,112,765.93,2.2,0.395,70.8,28,51.5
SKU040,113,726.34,5.4,0.37,75.2,24,59.6
SKU040,114,919.33,5.2,0.403,78.3,25,51.1
SKU040,115,870.86,5.3,0.405,74.2,27,65.3
SKU040,116,774.08,5.3,0.384,78.7,32,64.2
SKU040,117,640.68,5.4,0.388,67.7,27,57.0
SKU040,118,842.77,3.5,0.416,77.9,29,63.1
SKU040,119,821.02,1.1,0.422,71.4,25,61.1
SKU040,120,525.15,3.5,0.422,76.4,25,47.9
SKU040,121,957.49,2.7,0.382,77.1,30,46.2
SKU040,122,582.01,1.8,0.414,73.7,25,62.9
SKU040,123,615.12,1.6,0.43,74.1,24,62.3
SKU040,124,774.76,3.0,0.415,69.8,28,56.0
SKU040,125,528.59,1.8,0.393,71.8,25,64.9
SKU040,126,614.18,3.7,0.411,72.1,24,53.0
SKU040,127,488.72,3.3,0.417,75.7,30,64.2
SKU040,128,934.3,1.0,0.416,69.4,28,51.3
SKU040,129,575.87,2.0,0.427,67.6,28,61.0
SKU040,130,908.57,4.1,0.42,77.4,27,64.9
SKU040,131,799.58,2.7,0.402,75.2,26,63.3
SKU040,132,765.28,2.1,0.443,76.4,25,51.9
SKU040,133,922.51,4.9,0.42,68.3,18,48.5
SKU040,134,592.17,3.5,0.437,77.2,25,47.5
SKU040,135,944.22,3.2,0.391,70.2,26,58.2
SKU040,136,593.91,4.7,0.43,73.3,33,49.7
SKU040,137,564.02,3.7,0.414,77.3,24,64.3
SKU040,138,841.57,1.7,0.448,67.5,29,45.5
SKU040,139,639.86,1.1,0.431,74.5,30,64.2
SKU040,140,712.74,2.4,0.392,71.1,27,52.6
SKU040,141,560.71,2.8,0.432,72.2,29,65.8
SKU040,142,680.61,3.2,0.402,73.1,26,61.9
SKU040,143,787.85,5.2,0.406,71.9,25,50.8
SKU040,144,476.45,3.8,0.407,70.3,26,60.1
SKU040,145,708.59,1.2,0.401,77.0,22,61.7
SKU040,146,938.31,0.9,0.397,72.5,22,47.5
SKU040,147,965.23,2.9,0.433,69.9,22,49.5
SKU040,148,476.45,4.9,0.442,72.4,29,62.8
SKU040,149,1001.46,2.8,0.438,72.0,28,47.2
SKU040,150,643.01,4.3,0.414,68.8,30,58.2
SKU040,151,598.68,2.1,0.439,71.3,23,63.4
SKU040,152,902.72,2.7,0.417,78.6,26,53.4
SKU040,153,861.65,3.4,0.401,68.9,26,63.4
SKU040,154,631.71,3.6,0.426,77.0,30,49.6
SKU040,155,501.11,1.0,0.383,78.1,28,65.4
SKU040,156,1004.42,1.8,0.363,73.9,32,63.6
SKU040,157,779.69,2.0,0.394,73.7,28,64.1
SKU040,158,743.33,3.7,0.385,75.9,29,60.7
SKU040,159,603.94,1.5,0.398,72.5,34,64.0
SKU040,160,585.04,1.5,0.42,76.3,22,46.0
SKU040,161,826.49,1.0,0.443,71.1,24,63.6
SKU040,162,610.63,2.5,0.414,72.6,25,56.8
SKU040,163,958.38,1.5,0.382,68.8,26,56.0
SKU040,164,901.99,1.4,0.393,70.4,29,51.2
SKU040,165,590.49,2.4,0.391,70.3,28,63.7
SKU040,166,915.09,4.5,0.4,67.6,28,46.8
SKU040,167,506.58,4.4,0.412,77.2,30,64.5
SKU040,168,785.0,1.3,0.403,77.4,30,57.5
SKU040,169,821.3,4.7,0.381,68.2,25,60.5
SKU040,170,529.19,4.5,0.417,74.9,26,61.3
SKU040,171,509.93,5.2,0.397,79.2,26,48.5
SKU040,172,743.87,1.3,0.433,71.9,23,49.8
SKU040,173,511.36,2.3,0.399,76.9,17,64.1
SKU040,174,617.08,3.3,0.414,72.8,22,55.8
SKU040,175,647.97,1.6,0.429,78.7,28,57.1
SKU040,176,693.41,5.5,0.426,78.1,25,53.2
SKU040,177,632.29,1.7,0.377,75.0,30,54.3
SKU040,178,501.17,1.6,0.413,74.0,31,56.1
SKU040,179,594.67,3.1,0.42,72.1,26,66.0
SKU040,180,752.08,1.2,0.415,67.7,25,62.6
